headline,source,publish_date,year,url,source_split
"David McCullough, American historian and Presidential Medal of Freedom recipient, dies at 89",FoxNews,2022-08-08,2022,https://www.foxnews.com/us/david-mccullough-american-historian-presidential-medal-freedom-recipient-dies,starter
Web designer who refuses to create sites for same-sex weddings says Colorado law violates free speech rights,FoxNews,2022-03-14,2022,https://www.foxnews.com/politics/lorie-smith-web-designer-free-speech,starter
Simon Cowell reveals how his son changed his judging style: ‘I have much more empathy’,FoxNews,2022-08-24,2022,https://www.foxnews.com/entertainment/simon-cowell-reveals-son-changed-judging-style-empathy,starter
Rare Disease Day: Walking Dead Syndrome and other rare conditions baffle doctors and researchers,FoxNews,2022-10-31,2022,https://www.foxnews.com/lifestyle/walking-dead-syndrome-rare-conditions-baffle-doctors-researchers,starter
"The Doors' Jim Morrison had ‘a fascination with death’ before passing away at 27, bandmate Robby Krieger says",FoxNews,2021-10-12,2021,https://www.foxnews.com/entertainment/jim-morrison-the-doors-memoir-robby-krieger,starter
"Pope Emeritus Benedict XVI dead at 95, Vatican says",FoxNews,2022-12-31,2022,https://www.foxnews.com/world/pope-emeritus-benedict-xvi-dead-95-vatican-says,starter
Sheldon Whitehouse doesn't denounce super-exclusive beach club his family belongs to,FoxNews,2021-06-21,2021,https://www.foxnews.com/politics/sheldon-whitehouse-doesnt-denounce-all-white-beach-club-his-family-belongs-to,starter
Fox Nation to debut new American history series hosted by Kelsey Grammer,FoxNews,2022-04-06,2022,https://www.foxnews.com/media/fox-nation-debut-american-history-series-kelsey-grammer,starter
"The best vegetables for your health, according to nutritionists",FoxNews,2022-06-17,2022,https://www.foxnews.com/lifestyle/best-vegetables-for-health-nutritionists,starter
America's 'unique' Thanksgiving stuffing preferences state-by-state,FoxNews,2022-11-17,2022,https://www.foxnews.com/lifestyle/americas-unique-thanksgiving-stuffing-preferences-state-by-state,starter
"Black Lives Matter blames US, praises Cuban regime, social media erupts",FoxNews,2021-07-15,2021,https://www.foxnews.com/politics/black-lives-matter-blames-us-praises-cuban-regime-social-media-erupts,starter
Remains of Kansas Priest Who Died in Korean War Identified,FoxNews,2021-03-05,2021,https://www.foxnews.com/us/remains-of-kansas-priest-who-died-in-korean-war-identified.print,starter
Billy Joel unveils 50-pound weight loss at Madison Square Garden following back surgery,FoxNews,2021-11-09,2021,https://www.foxnews.com/entertainment/billy-joel-weight-loss-madison-square-garden,starter
Hilary Duff lands ‘How I Met Your Father’ series sequel role for Hulu,FoxNews,2021-04-21,2021,https://www.foxnews.com/entertainment/hilary-duff-how-i-met-your-father-series-sequel-hulu,starter
American women players settle suit vs. US Soccer for $24M,FoxNews,2022-02-22,2022,https://www.foxnews.com/sports/american-women-players-settle-suit-vs-us-soccer-for-24m,starter
Here are 20 major media stories CNN's Brian Stelter ignored on his so-called media show in 2021,FoxNews,2021-12-27,2021,https://www.foxnews.com/media/cnn-brian-stelter-reliable-sources-2021.print,starter
German bureaucrat under fire for trashing British WWII hero who inspired Israeli army,FoxNews,2022-08-20,2022,https://www.foxnews.com/world/german-bureaucrat-under-fire-trashing-british-wwii-hero-inspired-israeli-army,starter
"Brian Stelter defends media not covering Hunter Biden in 2020, says critics don't know 'how newsrooms work'",FoxNews,2022-04-07,2022,https://www.foxnews.com/media/cnn-brian-stelter-hunter-biden-disinformation-conference,starter
Biden called out on border crisis by Texas Democrat: 'Absolutely the president should be here',FoxNews,2022-12-21,2022,https://www.foxnews.com/media/biden-called-out-border-crisis-texas-democrat-absolutely-president-should-be-here,starter
"CNN's Brian Stelter gushed over Cuomo's COVID 'leadership': 'He's providing hope, but not false hope'",FoxNews,2021-03-05,2021,https://www.foxnews.com/media/cnn-brian-stelter-andrew-cuomo-leadership-hope-not-false-hope.print,starter
Esper replacement Chris Miller tells US troops: 'It's time to come home',FoxNews,2020-11-14,2020,https://www.foxnews.com/politics/esper-replacement-chris-miller-tells-us-troops-its-time-to-come-home,starter
"On Armed Forces Day, Honor Flight Network receives stunning donation from Mission BBQ",FoxNews,2022-05-21,2022,https://www.foxnews.com/lifestyle/armed-forces-day-honor-flight-mission-bbq,starter
Thanksgiving casserole preferences vary state-by-state,FoxNews,2021-11-24,2021,https://www.foxnews.com/lifestyle/thanksgiving-casserole-preferences-state-google-trends,starter
Shawn Mendes and Camila Cabello break up: We 'will continue to be best friends',FoxNews,2021-11-17,2021,https://www.foxnews.com/entertainment/shawn-mendes-camila-cabello-split-break-up-relationship,starter
Ted Nugent slams wannabe 'tyrants' on 'Tucker Carlson Today': We don't need the 'king's permission' in America,FoxNews,2021-08-04,2021,https://www.foxnews.com/media/ted-nugent-tucker-carlson-fox-nation-constitution-bear-arms.print,starter
"Book shows alleged Biden-Harris divide surfaced earlier than previous president-VP rifts, some critics say",FoxNews,2022-12-21,2022,https://www.foxnews.com/media/new-book-shows-alleged-biden-harris-divide-surfaced-earlier-previous-president-vp-rifts-critics.print,starter
White House calls communism a 'failed ideology' after historic Cuba protests,FoxNews,2021-07-15,2021,https://www.foxnews.com/politics/white-house-communism-failed-ideology-historic-cuba-protests,starter
"Arizona grandma, man she mistakenly texted, to share Thanksgiving for 7th straight year since 2016",FoxNews,2022-11-24,2022,https://www.foxnews.com/lifestyle/arizona-grandma-man-she-mistakenly-texted-share-thanksgiving-7th-straight-year-since-2016,starter
"Black farmers sue Biden administration over broken debt relief promise, say president reneged on meeting",FoxNews,2022-10-17,2022,https://www.foxnews.com/media/black-farmers-sue-biden-administration-broken-debt-relief-promise-president-reneged-meeting,starter
Charlie Sheen's ex Denise Richards vows to ‘support’ their daughter Sami after actor disapproves OnlyFans page,FoxNews,2022-06-15,2022,https://www.foxnews.com/entertainment/charlie-sheen-denise-richards-support-sami-sheen-onlyfans,starter
"CNN boss, political director spiked Hunter Biden controversy, audiotapes reveal: 'We're not going with' story",FoxNews,2020-12-03,2020,https://www.foxnews.com/media/cnn-jeff-zucker-david-chalian-hunter-biden-project-veritas,starter
"Pink slammed for wearing Biden-Harris shirt, husband Carey Hart comes to her defense: 'Bye Karen'",FoxNews,2020-09-22,2020,https://www.foxnews.com/entertainment/pink-slammed-biden-harris-shirt-husband-carey-hart-defends,starter
Discovery of Civil War map sheds new light on Antietam’s bloody aftermath,FoxNews,2020-06-19,2020,https://www.foxnews.com/science/discovery-civil-war-map-antietam,starter
Paul Batura: Dick Hoyt's death – famed Boston Marathon runner and father lovingly pushed his son to greatness,FoxNews,2021-03-18,2021,https://www.foxnews.com/opinion/dick-hoyt-death-boston-marathon-runner-father-son-paul-batura,starter
Flashback: Kamala Harris compared ICE to KKK in Senate hearing,FoxNews,2020-08-11,2020,https://www.foxnews.com/politics/kamala-harris-ice-kkk-senate-hearing,starter
Supreme Court overturns Roe v. Wade in landmark abortion decision,FoxNews,2022-06-24,2022,https://www.foxnews.com/politics/supreme-court-overturns-roe-v-wade-dobbs-v-jackson-womens-health-organization,starter
"Lori Loughlin, Mossimo Giannulli officially plead guilty in college admissions scandal case",FoxNews,2020-05-22,2020,https://www.foxnews.com/entertainment/lori-loughlin-mossimo-giannulli-officially-plead-guilty-in-college-admissions-scandal-case,starter
"France is sending a new Statue of Liberty to the US for July 4, but this time it's mini",FoxNews,2021-06-09,2021,https://www.foxnews.com/travel/france-2nd-mini-statue-liberty-nyc-july-washington-dc.print,starter
Olivia Rodrigo reunites with rumored ex Joshua Bassett for first time since breakup hit 'Drivers License',FoxNews,2022-07-28,2022,https://www.foxnews.com/entertainment/olivia-rodrigo-reunites-ex-joshua-bassett-drivers-license-inspiration.print,starter
"Simon Cowell, Lauren Silverman engaged nearly 8 years after welcoming son",FoxNews,2022-01-12,2022,https://www.foxnews.com/entertainment/simon-cowell-lauren-silverman-engaged,starter
JD Vance on his 'change of heart' for Trump: Politicians shouldn't 'try to hide' from their past stances,FoxNews,2022-08-12,2022,https://www.foxnews.com/media/jd-vance-change-heart-trump-politicians-shouldnt-try-hide-past-stances,starter
Pennsylvania Republicans to draft bill to relocate migrants on Biden DHS flights to Delaware,FoxNews,2022-01-13,2022,https://www.foxnews.com/politics/pennsylvania-republicans-to-draft-bill-diverting-illegal-immigrants-from-secretive-biden-dhs-flights-to-delawa,starter
Biden admin convenes legal experts on protecting women's reproductive health after Supreme Court ruling,FoxNews,2022-08-01,2022,https://www.foxnews.com/politics/biden-admin-convenes-legal-experts-protecting-womens-reproductive-health-supreme-court-ruling.print,starter
"Johnson grills DHS on migrant releases, as GOP pressure builds on border crisis",FoxNews,2022-02-02,2022,https://www.foxnews.com/politics/johnson-dhs-migrant-releases-gop-border-crisis,starter
"Archbishop of Canterbury condemns gay marriage, but Anglican bishops remain divided",FoxNews,2022-08-07,2022,https://www.foxnews.com/faith-values/archbishop-canterbury-condemns-gay-marriage-anglican-bishops-remain-divided,starter
CNN's Brian Stelter forced to address Cuomo sex scandal after network delayed coverage of first accuser,FoxNews,2021-02-28,2021,https://www.foxnews.com/media/cnn-brian-stelter-andrew-cuomo-sexual-harassment-scandal,starter
Biden to host virtual meeting with governors to 'protect women's reproductive health' after abortion ruling,FoxNews,2022-06-30,2022,https://www.foxnews.com/politics/biden-host-virtual-meeting-governors-protect-womens-reproductive-health-abortion-ruling,starter
New York MS-13's 'Little Devil' convicted in ambush murder of 4 young men,FoxNews,2022-04-11,2022,https://www.foxnews.com/us/new-york-ms-13-little-devil-convicted,starter
Tyra Banks defends Olivia Jade being on 'Dancing with the Stars' Season 30,FoxNews,2021-09-16,2021,https://www.foxnews.com/entertainment/tyra-banks-defends-olivia-jade-dancing-with-the-stars,starter
Transgender high school volleyball player appears to feature spike that injured opponent in highlight reel,FoxNews,2022-10-26,2022,https://www.foxnews.com/sports/transgender-high-school-volleyball-player-appears-feature-spike-injured-opponent-highlight-reel.print,starter
"On this day in history, Sept. 16, 1620, Mayflower departs Plymouth, England",FoxNews,2022-09-16,2022,https://www.foxnews.com/lifestyle/this-day-history-sept-16-mayflower-departs-plymouth-england,starter
Justice Ketanji Brown Jackson asks tough questions in first Supreme Court oral argument,FoxNews,2022-10-03,2022,https://www.foxnews.com/politics/justice-ketanji-brown-jackson-asks-tough-questions-first-supreme-court-oral-argument,starter
"'Euphoria's' Sydney Sweeney faces heat for mom's party featuring MAGA-like hats, 'Blue Lives Matter' shirt",FoxNews,2022-08-28,2022,https://www.foxnews.com/entertainment/euphorias-sydney-sweeney-faces-heat-moms-party-featuring-maga-like-hats-blue-lives-matter-shirt,starter
"Border crisis overwhelming officials, communities as migrant numbers keep surging",FoxNews,2021-10-12,2021,https://www.foxnews.com/politics/border-crisis-overwhelms-officials-communities-migrant-numbers-surging,starter
"Before there was Veterans Day, there was Armistice Day",FoxNews,2022-11-11,2022,https://www.foxnews.com/lifestyle/veterans-day-numbers-8-facts-federal-holiday,starter
"Russia says Ukrainian intel chief responsible for Crimea bridge attack, increasing assassination risk",FoxNews,2022-10-12,2022,https://www.foxnews.com/world/russia-says-ukrainian-intel-chief-responsible-crimea-bridge-attack-increasing-assassination-risk,starter
Artist reveals painting of our American flag in 'the greatest country in the world',FoxNews,2022-07-09,2022,https://www.foxnews.com/lifestyle/artist-american-flag-greatest-country-world.print,starter
Planning a 2-week vacation getaway? Experts say workers should think again,FoxNews,2022-06-16,2022,https://www.foxnews.com/lifestyle/planning-vacation-experts-workers-think,starter
California banning another popular plastic bag from all grocery stores,FoxNews,2022-10-11,2022,https://www.foxnews.com/us/california-banning-another-popular-plastic-bag-grocery-stores,starter
"Charlie Sheen reacts to daughter Sami Sheen, 18, joining OnlyFans: ‘This did not occur under my roof’",FoxNews,2022-06-14,2022,https://www.foxnews.com/entertainment/charlie-sheen-reacts-daughter-sami-sheen-joining-onlyfans,starter
Nashville hot chicken conquers America: Tennessee tradition has exploded in popularity,FoxNews,2022-09-27,2022,https://www.foxnews.com/lifestyle/nashville-hot-chicken-conquers-america-tennessee-tradition-popularity,starter
"Josh Radnor talks shedding 'How I Met Your Mother' character, creating new music",FoxNews,2021-05-06,2021,https://www.foxnews.com/entertainment/josh-radnor-talks-shedding-how-i-met-your-mother-character-new-music.print,starter
Russia transfers heavy military equipment to Crimea as fighting intensifies in Donetsk,FoxNews,2022-08-27,2022,https://www.foxnews.com/world/russia-transfers-heavy-military-equipment-crimea-fighting-intensifies-donetsk,starter
"'Bloodied' Little Havana demonstrator slams Biden: 'Cubans don't want vaccines, they want freedom'",FoxNews,2021-07-22,2021,https://www.foxnews.com/media/bloodied-pro-cuba-demonstrator-slams-biden-cubans-dont-want-vaccines-they-want-freedom,starter
Doors fans remember Jim Morrison in Paris on 50th anniversary of his death,FoxNews,2021-07-03,2021,https://www.foxnews.com/entertainment/doors-jim-morrison-paris-50th-anniversary-death,starter
50 Cent says ‘vote for Trump’ in light of Biden's tax plan: 'IM OUT',FoxNews,2020-10-19,2020,https://www.foxnews.com/entertainment/50-cent-voting-trump-over-biden-tax-plan,starter
Halloween decorations and costumes that are trendy this year for 'Halloweekend celebrations',FoxNews,2022-10-11,2022,https://www.foxnews.com/lifestyle/halloween-decorations-costumes-trendy-year-halloweekend-celebrations,starter
Back to school: Tips for homeschooling the kids as more parents ditch classrooms,FoxNews,2022-09-07,2022,https://www.foxnews.com/lifestyle/tips-for-homeschool-parents-kids.print,starter
"John Lennon’s final days were blissful as he thrived on music, book says: ‘You can feel this positive emotion'",FoxNews,2020-12-08,2020,https://www.foxnews.com/entertainment/john-lennon-final-days-1980-music-dakota,starter
Hannity shows support for Cuba's fight for freedom: 'they should be living in paradise',FoxNews,2021-07-21,2021,https://www.foxnews.com/media/hannity-shows-support-for-cubas-fight-for-freedom-they-should-be-living-in-paradise,starter
"Democratic candidate Vicente Gonzalez claims Mayra Flores, supporters 'stole' Texas special election",FoxNews,2022-09-10,2022,https://www.foxnews.com/politics/democratic-candidate-vicente-gonzalez-claims-mayra-flores-supporters-stole-texas-special-election,starter
Lemon chicken spaghetti with creamy alfredo sauce: Try the recipe,FoxNews,2021-10-17,2021,https://www.foxnews.com/lifestyle/lemon-chicken-spaghetti-creamy-alfredo-sauce-recipe,starter
Smokey Robinson urges vaccination following harrowing COVID-19 hospitalization,FoxNews,2021-11-25,2021,https://www.foxnews.com/entertainment/smokey-robinson-urges-vaccination-following-harrowing-covid-19-hospitalization,starter
Grand Ole Opry honors US military at Salute the Troops event ahead of Memorial Day,FoxNews,2022-05-26,2022,https://www.foxnews.com/lifestyle/grand-ole-opry-us-military-salute-troops-memorial-day,starter
Becerra: Federal gov 'looking into' helping women cross state lines for abortions,FoxNews,2022-07-03,2022,https://www.foxnews.com/politics/becerra-federal-gov-looking-helping-women-cross-state-lines-abortions,starter
Charges against CNN producer accused of inducing minors for sex reveal lewd details,FoxNews,2021-12-13,2021,https://www.foxnews.com/media/cnn-producer-minors-sex-details,starter
"Reporter on MSNBC says migrants 'not angry at DeSantis,' but are thanking him for Martha's Vineyard flight",FoxNews,2022-09-16,2022,https://www.foxnews.com/media/reporter-msnbc-immigrants-not-angry-desantis-thanking-marthas-vineyard-flight,starter
Jorge Ramos’ daughter sounds alarm that Latinos are 'walking away’ from Democratic Party,FoxNews,2022-09-23,2022,https://www.foxnews.com/media/jorge-ramos-daughter-sounds-alarm-latinos-walking-away-from-democratic-party,starter
Rittenhouse judge bans MSNBC from courtroom after person accused of trailing jury bus,FoxNews,2021-11-18,2021,https://www.foxnews.com/us/rittenhouse-judge-bars-msnbc-from-courtroom-trailing-jury-bus,starter
North Korea unveils daughter of Kim Jong Un at missile launch site,FoxNews,2022-11-19,2022,https://www.foxnews.com/world/north-korea-unveils-daughter-kim-jong-un-missile-launch,starter
Halloween costume contact lenses may be scarier than you think,FoxNews,2021-10-28,2021,https://www.foxnews.com/health/halloween-costume-contact-lenses-scarier-cdc,starter
Meet the American who inspired the nation in two world wars: Christian soldier Sgt. Alvin York,FoxNews,2022-11-11,2022,https://www.foxnews.com/lifestyle/meet-american-who-inspired-nation-two-world-wars-christian-soldier-sgt-alvin-york.print,starter
"A look at Bruce Willis’ upcoming acting role in 'Paradise City,’ his storied Hollywood career",FoxNews,2022-03-30,2022,https://www.foxnews.com/entertainment/bruce-willis-paradise-city-hollywood-career,starter
"Surfing stunner: Woman wakesurfs on lake in high heels, sips coffee, reads while 'on board'",FoxNews,2022-10-17,2022,https://www.foxnews.com/lifestyle/surfing-stunner-woman-wakesurfs-lake-heels-coffee-reads-board.print,starter
CNN saga: How much cash did ousted boss Jeff Zucker get to leave network?,FoxNews,2022-03-10,2022,https://www.foxnews.com/media/cnn-saga-how-much-cash-jeff-zucker-network,starter
Meet the American who made us flip for fast food: White Castle founder Billy Ingram,FoxNews,2022-10-21,2022,https://www.foxnews.com/lifestyle/meet-american-made-flip-fast-food-white-castle-founder-billy-ingram,starter
Healthy living habits include eating dinner earlier — it may also help keep weight down,FoxNews,2022-10-17,2022,https://www.foxnews.com/health/healthy-living-habits-eating-dinner-earlier-may-help-weight.print,starter
Denise Richards 'felt guilty' for splitting up her family after divorce from Charlie Sheen,FoxNews,2022-08-12,2022,https://www.foxnews.com/entertainment/denise-richards-felt-guilty-splitting-up-family-divorce-charlie-sheen,starter
'Witness to Dignity': What I experienced at Barbara Bush's bedside in her final days,FoxNews,2022-11-27,2022,https://www.foxnews.com/opinion/witness-dignity-what-i-experienced-barbara-bushs-bedside-in-her-final-days,starter
Combat veteran and his wife help others fight PTSD — and find healing and hope,FoxNews,2022-05-27,2022,https://www.foxnews.com/lifestyle/combat-veteran-wife-ptsd-strength.print,starter
"Like Celine Dion, Pennsylvania man is fighting Stiff Person Syndrome 'with everything I have’",FoxNews,2022-12-12,2022,https://www.foxnews.com/lifestyle/celine-dion-pennsylvania-man-fighting-stiff-person-syndrome-everything-have,starter
Arnold Schwarzenegger remembers gruesome injury while filming 'Total Recall',FoxNews,2020-06-04,2020,https://www.foxnews.com/entertainment/arnold-schwarzenegger-gruesome-injury-total-recall.print,starter
Bob Woodson: Black History Month – here's how we celebrate resilience and the promise of 1776,FoxNews,2021-02-18,2021,https://www.foxnews.com/opinion/black-history-month-1776-unites-resilience-bob-woodson,starter
LGBT advocate claims in House hearing ‘detransitioning’ is not ‘a real thing’,FoxNews,2022-12-14,2022,https://www.foxnews.com/politics/lgbt-advocate-claims-house-hearing-detransitioning-not-real-thing,starter
Russia fired more than 80 cruise missiles into Ukraine in 'retaliation' of Kerch Bridge explosion: officials,FoxNews,2022-10-16,2022,https://www.foxnews.com/world/russia-fired-80-cruise-missile-ukraine-retaliation-kerch-bridge-explosion-officials,starter
"NYT, MSNBC's Mara Gay: 'Disturbing' to see 'dozens of American flags' on trucks in Long Island",FoxNews,2021-06-08,2021,https://www.foxnews.com/media/msnbc-analyst-disturbing-dozens-american-flags-flown-pickup-trucks-trump-supporters,starter
"Popstar Olivia Rodrigo visits White House, promotes COVID-19 youth vaccination at press briefing",FoxNews,2021-07-14,2021,https://www.foxnews.com/media/popstar-olivia-rodrigo-visits-white-house-promotes-covid-19-youth-vaccination-at-press-briefing.print,starter
'High School Musical' star Joshua Bassett says he is 'sick' over 'absolutely false' sex assault accusation,FoxNews,2020-06-27,2020,https://www.foxnews.com/entertainment/high-school-musical-joshua-bassett-absolutely-false-sex-assault-accusation,starter
"NY teacher, US Coast Guard member who lost an eye won't allow 'freak accident' to define his life",FoxNews,2022-10-26,2022,https://www.foxnews.com/lifestyle/ny-teacher-us-coast-guard-member-lost-eye-wont-allow-freak-accident-define-life,starter
"I was a victim of pre-Title IX discrimination, and I'm fighting to protect girls' sports",FoxNews,2022-10-18,2022,https://www.foxnews.com/opinion/victim-pre-title-ix-discrimination-fighting-protect-girls-sports,starter
"Dolly Parton removes herself from Rock & Roll Hall of Fame nomination, says she hasn't 'earned that right'",FoxNews,2022-03-14,2022,https://www.foxnews.com/entertainment/dolly-parton-removes-herself-rock-roll-hall-of-fame-nomination,starter
"Rubio: 'Russia is already' in Cuba, the Diaz-Canel regime 'lost its legitimacy to govern'",FoxNews,2021-07-19,2021,https://www.foxnews.com/media/rubio-russia-cuba-regime-lost-legitimacy,starter
Bob Woodson: The Civil Rights Movement I was a part of has been betrayed by a twisted progressive ideology,FoxNews,2021-03-19,2021,https://www.foxnews.com/opinion/civil-rights-movement-betrayed-progressive-ideology-bob-woodson.print,starter
Georgia abortion law: A look back at what Hollywood production companies have said about filming in the state,FoxNews,2022-07-29,2022,https://www.foxnews.com/entertainment/production-companies-said-filming-georgia-states-abortion-law.print,starter
"Biden’s inhumane open-border policies devastate Americans, illegal immigrants",FoxNews,2022-09-08,2022,"https://www.foxnews.com/opinion/biden-inhumane-open-border-policies-devastate-americans-illegal-immigrants#&_intcmp=hp1bt1_2,hp1bt",starter
#EmptyShelvesJoe trending on Twitter amid Biden’s supply chain crisis,FoxNews,2021-10-15,2021,https://www.foxnews.com/us/emptyshelvesjoe-trending-on-twitter-amid-bidens-supply-chain-crisis,starter
Inside Lori Loughlin’s prison stint and why she potentially hasn’t spoken with daughter Olivia Jade: expert,FoxNews,2020-12-15,2020,https://www.foxnews.com/entertainment/lori-loughlin-prison-stint-why-hasnt-spoken-daughter-olivia-jade-expert,starter
"Miami mayor blasts far-left silence on Cuban protests, says crisis exposes fallacy of socialism",FoxNews,2021-07-12,2021,https://www.foxnews.com/media/miami-mayor-blasts-far-left-silence-cuban-protests-crisis-exposes-fallacy-socialism.print,starter
Caregiver fatigue in America rising at unprecedented rate: reports,FoxNews,2022-03-17,2022,https://www.foxnews.com/health/caregiver-fatigue-america-unprecedented-rise-report,starter
Olivia Jade breaks silence on parents' involvement in college admissions scandal: 'We messed up',FoxNews,2020-12-08,2020,https://www.foxnews.com/entertainment/olivia-jade-breaks-silence-college-admissions-scandal-red-table-talk,starter
Benedict Arnold reexamined: How one of America's heroes became its most infamous traitor,FoxNews,2022-07-20,2022,https://www.foxnews.com/media/benedict-arnold-reexamined-americas-heroes-infamous-traitor,starter
National Prayer Breakfast 2022: What is it?,FoxNews,2022-02-03,2022,https://www.foxnews.com/faith-values/national-prayer-breakfast-2022-what-is-it,starter
NY Times investigating own reporter after she didn't disclose Michael Phelps book deal: 'Significant lapse',FoxNews,2021-07-16,2021,https://www.foxnews.com/media/ny-times-michael-phelps-book-deal,starter
Olivia Moultrie is proud of her journey to play in NWSL,FoxNews,2022-08-09,2022,https://www.foxnews.com/sports/olivia-moultrie-proud-journey-play-nwsl,starter
Emma Weyant: Second-place finisher in Lia Thomas' NCAA championship race won Olympic medal in 2021,FoxNews,2022-03-18,2022,https://www.foxnews.com/sports/emma-weyant-olympic-medalist-lia-thomas-ncaa-championships,starter
"Parents of two find their 'American Dream Home' in Beaufort, South Carolina: 'So special'",FoxNews,2022-11-19,2022,https://www.foxnews.com/lifestyle/parents-two-american-dream-home-beauford-south-carolina-special,starter
Lori Loughlin released from prison after serving 2 months behind bars for role in college admissions scandal,FoxNews,2020-12-28,2020,https://www.foxnews.com/entertainment/lori-loughlin-released-prison-college-admissions-scandal.print,starter
"Olivia Jade's influencer brand is a 'dumpster fire' and 'dangerous to advertisers,' says expert",FoxNews,2020-06-03,2020,https://www.foxnews.com/entertainment/olivia-jade-influencer-brand-dumpster-fire-expert,starter
Children of missing Korean War airman hold US to leave no man behind,FoxNews,2020-05-29,2020,https://www.foxnews.com/media/missing-korean-war-airman-fox-nation,starter
Collapsed Lafayette Square narrative is yet another 'fact-checked' story gone bad,FoxNews,2021-06-11,2021,https://www.foxnews.com/media/collapsed-lafayette-square-fact-checked-story,starter
Every day is Memorial Day at Dover Air Force Base,FoxNews,2022-05-27,2022,https://www.foxnews.com/us/every-day-memorial-day-dover-air-force-base,starter
CNN's Chris Cuomo accused of sexually harassing female producer while at ABC News,FoxNews,2021-09-24,2021,https://www.foxnews.com/media/cnn-chris-cuomo-accused-sexually-harassing-female-producer-abc-news,starter
"Sharon Stone, 63, 'hanging out' with rapper RMR, 25: report",FoxNews,2021-07-06,2021,https://www.foxnews.com/entertainment/sharon-stone-hanging-out-rapper-rmr-report,starter
CNN’s ‘Reliable Sources’ with Brian Stelter draws smallest audience since 2019,FoxNews,2022-06-14,2022,https://www.foxnews.com/media/cnn-reliable-sources-brian-stelter-smallest-audience-2019,starter
Randi Weingarten angrily claims Pompeo 'hurting kids' with attacks on her,FoxNews,2022-11-23,2022,https://www.foxnews.com/media/randi-weingarten-angrily-claims-pompeo-hurting-kids-attacks,starter
Foo Fighters drummer Taylor Hawkins dead at 50,FoxNews,2022-03-25,2022,https://www.foxnews.com/entertainment/foo-fighters-drummer-taylor-hawkins-dead-at-50,starter
"Barbara Walters, journalistic pioneer, dead at 93",FoxNews,2022-12-30,2022,https://www.foxnews.com/media/barbara-walters-journalistic-pioneer-dead-93,starter
American soldiers killed in WWI remembered forever in NYC ale house,FoxNews,2022-05-29,2022,https://www.foxnews.com/lifestyle/americans-killed-wwi-nyc-ale-house.print,starter
Pennsylvania Republicans seek to levy illegal immigrants' remittances to fund property tax relief,FoxNews,2022-04-08,2022,https://www.foxnews.com/politics/pennsylvania-republicans-illegal-immigrant-remittance-fee-property-tax-relief,starter
Best Tom Hanks movies to watch during self-isolation,FoxNews,2020-03-17,2020,https://www.foxnews.com/entertainment/tom-hanks-movies-watch-self-isolation,starter
100-year-old WWII veteran throws first pitch at Long Island Ducks ballpark,FoxNews,2022-07-18,2022,https://www.foxnews.com/lifestyle/100-wwii-veteran-first-pitch-long-island-ducks-ballpark,starter
"Whoopi Goldberg says 'The View,' Barbara Walters saved her career after 2004 George Bush controversy",FoxNews,2020-09-06,2020,https://www.foxnews.com/entertainment/whoopi-goldberg-view-barbara-walters-saved-career-after-2004-george-bush-controversy,starter
"Ticketmaster apologizes to Taylor Swift, fans over sales disaster",FoxNews,2022-11-19,2022,https://www.foxnews.com/entertainment/ticketmaster-apologizes-taylor-swift-fans-sales-disaster,starter
Harry Styles' full 'X Factor UK' audition video reveals details about the singer's first performance,FoxNews,2022-08-02,2022,https://www.foxnews.com/entertainment/harry-styles-full-x-factor-uk-audition-video-reveals-details-about-singers-first-performance,starter
Flag Day is a patriotic spectacle in these all-American communities,FoxNews,2022-06-14,2022,https://www.foxnews.com/lifestyle/flag-day-spectacle-american-communities,starter
"Donny Deutsch: Democrats losing on economy, so we need to 'scare' voters against ‘racist’ GOP",FoxNews,2022-05-18,2022,https://www.foxnews.com/media/donny-deutsch-dems-losing-on-economy-so-scare-voters-against-racist-gop,starter
CBS tarred and feathered for admitting existence of Hunter Biden’s laptop two years after New York Post report,FoxNews,2022-11-22,2022,https://www.foxnews.com/media/cbs-tarred-feathered-admitting-existence-hunter-bidens-laptop-two-years-after-new-york-post-report,starter
Washington Post columnist panned for calling Kamala Harris a 'small-c conservative',FoxNews,2020-08-12,2020,https://www.foxnews.com/media/washington-post-kamala-harris-small-c-conservative,starter
New CNN boss Chris Licht ‘determined to tamp down spectacle’ as he evaluates who should stick around: insider,FoxNews,2022-06-16,2022,https://www.foxnews.com/media/new-cnn-boss-christ-licht-determined-tamp-down-spectacle-evaluates-who-should-stick-around.print,starter
Vietnam War formally ends: This Day in History,FoxNews,2020-01-27,2020,https://www.foxnews.com/world/vietnam-war-formally-ends-this-day-in-history,starter
Tom Brady reveals he has not talked to Trump in 'a lot of years',FoxNews,2022-07-14,2022,https://www.foxnews.com/sports/tom-brady-has-not-talked-trump-years,starter
"Explosion rocks Kerch Bridge connecting Russia and Crimea, 3 dead: officials",FoxNews,2022-10-08,2022,https://www.foxnews.com/world/kerch-bridge-connecting-crimea-russia-fire-after-possible-fuel-tank-explosion-ukraine-media,starter
Environmentalists are blocking forest management methods saving iconic sequoias amid Yosemite wildfire,FoxNews,2022-07-14,2022,https://www.foxnews.com/politics/environmentalists-blocking-forest-management-methods-saving-sequoias-yosemite-wildfire,starter
'America's Got Talent' judges speak out about Simon Cowell's injury: 'We miss our boss',FoxNews,2020-08-10,2020,https://www.foxnews.com/entertainment/simon-cowell-injury-americas-got-talent-judges-react,starter
"Craig Morgan reflects on faith, family, country music stardom and loss in his memoir 'God, Family, Country'",FoxNews,2022-09-26,2022,https://www.foxnews.com/entertainment/craig-morgan-reflects-faith-family-country-music-stardom-loss-memoir-god-family-country,starter
"Gold Star families want National Mall memorial for service members killed in war on terror, decry delays",FoxNews,2021-09-03,2021,https://www.foxnews.com/us/gold-star-families-gwot-memorial-national-mall,starter
"Jeep saluting US military and veterans with $1,000 cash-back deal",FoxNews,2022-11-10,2022,https://www.foxnews.com/auto/jeep-saluting-u-s-military-veterans-cash-back-deal,starter
Beatles star Paul McCartney reflects on feud with John Lennon following band's split: 'It hurt',FoxNews,2021-11-04,2021,https://www.foxnews.com/entertainment/beatles-paul-mccartney-john-lennon-the-lyrics-book,starter
"CNN not waiting to make more changes at network, insider says: 'They’re not going to wait out deals'",FoxNews,2022-08-22,2022,https://www.foxnews.com/media/cnn-not-waiting-make-more-changes-network-insider-not-going-wait-deals,starter
Biden awards first Medal of Honor to Korean War hero,FoxNews,2021-05-21,2021,https://www.foxnews.com/us/biden-award-medal-of-honor-korean-war-retired-georgia-colonel,starter
"Iowa farmer blasts Biden inflation, warns monthly grocery bills will increase $1,000",FoxNews,2022-05-20,2022,https://www.foxnews.com/media/iowa-farmer-blasts-biden-inflation-warns-monthly-grocery-bills-increase-1000,starter
"CNN taps new president, current executive producer of 'The Late Show' to replace Jeff Zucker",FoxNews,2022-02-26,2022,https://www.foxnews.com/media/cnn-chris-licht-replaces-jeff-zucker-president,starter
Biden warns of nationwide abortion ban if Republicans take majority of Congress: 'The choice is clear',FoxNews,2022-07-01,2022,https://www.foxnews.com/politics/biden-warns-nationwide-abortion-ban-republicans-take-majority-congress-choice-clear.print,starter
Supreme Court hears cases on prolonged detention of illegal immigrants,FoxNews,2022-01-11,2022,https://www.foxnews.com/politics/supreme-court-hears-cases-on-prolonged-detention-of-illegal-immigrants,starter
Eye spy a big problem: California doctor removes 23 contact lenses from one woman’s eye,FoxNews,2022-10-22,2022,https://www.foxnews.com/lifestyle/eye-spy-problem-california-doctor-removes-23-contact-lenses-womans-eye,starter
Former One Direction band member Niall Horan announces new solo music and festivals in 2023,FoxNews,2022-10-28,2022,https://www.foxnews.com/entertainment/former-one-direction-band-member-niall-horan-announces-new-solo-music-festivals-2023,starter
"Picky eater in your family? Try using a different color of dishware, study suggests",FoxNews,2022-11-30,2022,https://www.foxnews.com/lifestyle/picky-eater-family-try-color-dishware-study,starter
University of Virginia's student newspaper calls to removing Thomas Jefferson's name from campus,FoxNews,2022-08-23,2022,https://www.foxnews.com/media/university-virginias-student-newspaper-calls-removing-thomas-jeffersons-name-from-campus.print,starter
The Washington Post wages war on Elon Musk as he takes over Twitter,FoxNews,2022-04-27,2022,https://www.foxnews.com/media/the-washington-post-elon-musk-war-twitter-takeover,starter
Bill Maher roasts woke 'presentism': 'A magic moral time machine' where you always win,FoxNews,2022-09-17,2022,https://www.foxnews.com/media/bill-maher-roasts-woke-presentism-magic-moral-time-machine-you-always-win,starter
"Women's pro soccer league had systemic abuse and sexual misconduct, investigation reveals",FoxNews,2022-10-04,2022,https://www.foxnews.com/sports/womens-pro-soccer-league-systemic-abuse-exual-misconduct-investigation-reveals,starter
McConnell: Schumer afraid a Title 42 amendment to COVID spending would've passed with Democratic votes,FoxNews,2022-04-07,2022,https://www.foxnews.com/media/mcconnell-title-42-schumer-special-report-illegal-immigrants,starter
"White House warns of 'ultra-MAGA' policies, abortion ban if GOP takes majority in Congress",FoxNews,2022-06-27,2022,https://www.foxnews.com/politics/white-house-warns-ultra-maga-policies-abortion-ban-gop-takes-majority-congress,starter
Texas officials: Uvalde shooting report reveals 'multiple systemic failures',FoxNews,2022-07-17,2022,https://www.foxnews.com/us/texas-uvalde-shooting-report-reveals-multiple-systemic-failiures,starter
"Eric Clapton positive for COVID-19, postpones concerts",FoxNews,2022-05-18,2022,https://www.foxnews.com/entertainment/eric-clapton-covid-vaccine-positive-postpones-cancels-concerts.print,starter
Sydney Sweeney says the backlash from her mom's MAGA-like birthday party décor was 'wildfire',FoxNews,2022-11-11,2022,https://www.foxnews.com/entertainment/sydney-sweeney-backlash-moms-maga-like-birthday-party-decor-wildfire,starter
"Nearly 20 years since 9/11 terror attacks, first FDNY chief on scene honors 'Ordinary Heroes'",FoxNews,2021-09-07,2021,https://www.foxnews.com/us/pfeifer-fdny-9-11-terror-attacks-fdny-chief-groud-zero-heroes,starter
Meet the American who founded the Grand Ole Opry: 'Remarkable visionary' George D. Hay,FoxNews,2022-09-02,2022,https://www.foxnews.com/lifestyle/meet-american-founded-grand-ole-opry-remarkable-visionary-george-d-hay.print,starter
Florida beach living is the carefree answer for one caregiving couple,FoxNews,2022-12-14,2022,https://www.foxnews.com/lifestyle/florida-beach-living-carefree-answer-caregiving-couple.print,starter
"Kids may like video gaming, but health experts fret about the 'fuel' they may be using to 'win'",FoxNews,2022-10-19,2022,https://www.foxnews.com/lifestyle/kids-video-gaming-health-experts-fret-fuel-using-win,starter
Brian Stelter remains defiant as final 'Reliable Sources' doubles down on what critics say got it canceled,FoxNews,2022-08-22,2022,https://www.foxnews.com/media/brian-stelter-remains-defiant-final-reliable-sources-doubles-down,starter
Bears legend Dick Butkus takes shot at Packers' Aaron Rodgers after getting verified on Twitter,FoxNews,2022-01-22,2022,https://www.foxnews.com/sports/bears-dick-butkus-takes-shot-packers-aaron-rodgers-after-verified-twitter,starter
Rock & Roll Hall of Fame Foundation moves forward with Dolly Parton's nomination despite icon's opposition,FoxNews,2022-03-17,2022,https://www.foxnews.com/entertainment/rock-roll-hall-fame-foundation-moves-forward-dolly-parton-nomination,starter
Sydney Sweeney rips internet trolls for tagging family in screenshotted nude scenes: ‘Disgusting’,FoxNews,2022-11-12,2022,https://www.foxnews.com/entertainment/sydney-sweeney-internet-trolls-family-nude-scenes-disgusting,starter
VA Tech swimmer rips NCAA transgender participation policy: 'Feels like the final spot was taken from me',FoxNews,2022-03-20,2022,https://www.foxnews.com/sports/va-tech-swimmer-ncaa-transgender-participation,starter
Biden's EPA has coordinated with left-wing eco groups tied to liberal dark money network,FoxNews,2022-11-07,2022,https://www.foxnews.com/politics/bidens-epa-coordinated-left-wing-eco-groups-tied-liberal-dark-money-network,starter
Bob Dylan museum opening in Tulsa,FoxNews,2022-05-06,2022,https://www.foxnews.com/entertainment/bob-dylan-museum-opening-in-tulsa,starter
"Biden questioned on migrant surge, says 'not rational' to 'send them back' to Venezuela, Cuba, Nicaragua",FoxNews,2022-09-20,2022,"https://www.foxnews.com/politics/biden-questioned-migrant-surge-says-not-rational-send-them-back-venezuela-cuba-nicaragua#&_intcmp=hp1bt1,hp1bt",starter
America the beautiful: 50 must-see landmarks that tell our national story,FoxNews,2022-06-29,2022,https://www.foxnews.com/lifestyle/america-50-landmarks-national-story,starter
"Marco Rubio defends Cuba’s fight against failed socialist government: Leaders are 'evil,' 'incompetent'",FoxNews,2021-07-21,2021,https://www.foxnews.com/media/marco-rubio-cuba-fight-socialist-government-leaders-evil-incompetent.print,starter
"Blind Michigan judge drives race car — and inspires others to follow their dreams, too",FoxNews,2022-09-03,2022,https://www.foxnews.com/lifestyle/blind-michigan-judge-drives-race-car-inspires-follow-dreams,starter
Christmas trees are just one part of the allure that a Vermont family brings to NYC each December,FoxNews,2022-12-14,2022,https://www.foxnews.com/lifestyle/christmas-trees-part-allure-vermont-family-nyc-december,starter
'Elvis' takes No. 1 after tie with 'Top Gun: Maverick',FoxNews,2022-06-27,2022,https://www.foxnews.com/entertainment/elvis-top-gun-maverick-tie-no-1-box-office-spot,starter
Republican John Duarte wins House race in California's 13th Congressional District,FoxNews,2022-12-03,2022,https://www.foxnews.com/politics/republican-john-duarte-wins-house-race-in-californias-13th-congressional-district,starter
Tina Turner teams up with Kygo for 'What's Love Got to Do With It' remix,FoxNews,2020-07-17,2020,https://www.foxnews.com/entertainment/tina-turner-kygo-whats-love-got-to-do-with-it-remix,starter
Meet the American who gave the nation our Thanksgiving origin story: Pilgrim Edward Winslow,FoxNews,2022-11-18,2022,https://www.foxnews.com/lifestyle/meet-american-gave-nation-thanksgiving-origin-story.print,starter
FLASHBACK: CNN's Brian Stelter claimed Chris Cuomo upheld journalistic 'boundaries' during Colbert interview,FoxNews,2021-12-01,2021,https://www.foxnews.com/media/cnn-brian-stelter-chris-cuomo-late-show-stephen-colbert,starter
"On Veterans Day, this Vietnam vet wants others to know: ‘You are not alone’",FoxNews,2021-11-11,2021,https://www.foxnews.com/us/veterans-day-vietnam-vet-message,starter
Luke Bryan’s son surprised Katy Perry with a very odd question for his dad,FoxNews,2022-12-01,2022,https://www.foxnews.com/entertainment/luke-bryans-son-surprised-katy-perry-odd-question-his-dad,starter
America's military and veterans with PTSD have a fighting chance to heal,FoxNews,2022-07-01,2022,https://www.foxnews.com/lifestyle/america-military-veterans-ptsd-fighting-chance,starter
High school students have a strong shot at success with career technical education: 'A win-win',FoxNews,2022-09-07,2022,https://www.foxnews.com/lifestyle/high-school-students-strong-shot-success-career-technical-education-win-win,starter
"CNN changes: From Chris Cuomo to Brian Stelter, it’s been a wild year for scandal-plagued network",FoxNews,2022-08-19,2022,https://www.foxnews.com/media/cnn-changes-chris-cuomo-brian-stelter-wild-year-scandal-plauged-network,starter
Biden to take executive action on abortion access following immense pressure from Democrats,FoxNews,2022-07-08,2022,https://www.foxnews.com/politics/biden-executive-action-abortion-access-pressure-democrats.print,starter
Army veteran regains ability to walk with robotic exoskeleton after paralysis: ‘Beyond words’,FoxNews,2022-09-15,2022,https://www.foxnews.com/lifestyle/army-veteran-ability-walk-robotic-exoskeleton-paralysis,starter
"Biden repeats false claim about trips to Iraq and Afghanistan, this time to graduating midshipmen",FoxNews,2022-05-27,2022,https://www.foxnews.com/politics/biden-iraq-afghanistan-about-40-times-administration-says-its-half-of-that,starter
USA Today under fire for allowing Stacey Abrams to retroactively edit op-ed to downplay boycott support,FoxNews,2021-04-27,2021,https://www.foxnews.com/media/usa-today-under-fire-for-allowing-stacey-abrams-to-retroactively-edit-op-ed-to-downplay-boycott-support,starter
"Why Jimi Hendrix’s death at 27 is still shrouded in mystery, book reveals: ‘It was an avoidable accident’",FoxNews,2020-11-21,2020,https://www.foxnews.com/entertainment/jimi-hendrix-27-club-philip-norman-book,starter
"Pennsylvania court tosses school mask mandate, health secretary appeals",FoxNews,2021-11-10,2021,https://www.foxnews.com/us/pennsylvania-court-school-mask-mandate,starter
Sen Chuck Grassley explains link between high food and energy prices,FoxNews,2022-07-01,2022,https://www.foxnews.com/media/sen-chuck-grassley-link-high-food-energy-prices,starter
MSNBC host compares guns to slavery: ‘Lincoln was criticized for moving too slowly’ to ‘end slavery’,FoxNews,2022-06-13,2022,https://www.foxnews.com/media/msnbc-host-guns-slavery-lincoln-slavery,starter
Boyd Jr.: America is divided on 'bitterness' and 'hatred' when we need to come together,FoxNews,2022-05-11,2022,https://www.foxnews.com/media/boyd-jr-america-divided-bitterness-hatred-need-come-together,starter
"Andre Rush, Army veteran and celebrity chef, brings fresh awareness to PTSD, suicide prevention",FoxNews,2022-02-11,2022,https://www.foxnews.com/lifestyle/andre-rush-army-veteran-chef-ptsd-suicide,starter
Gwyneth Paltrow reflects on Chris Martin split: ‘I never wanted to get divorced’,FoxNews,2021-03-23,2021,https://www.foxnews.com/entertainment/gwyneth-paltrow-reflects-chris-martin-divorce,starter
Pence says the 'sanctity of life' will spark ‘renewed enthusiasm’ for Republicans in midterms,FoxNews,2022-05-10,2022,https://www.foxnews.com/politics/pence-preserving-sanctity-life-enthusiasm-republicans-midterms,starter
"Ashley Tisdale, Vanessa Hudgens dance to 'High School Musical' song during self-quarantine",FoxNews,2020-03-17,2020,https://www.foxnews.com/entertainment/ashley-tisdale-vanessa-hudgens-dance-high-school-musical,starter
'Basic Instinct' director denies Sharon Stone's claim that she was tricked into showing nudity in film,FoxNews,2021-07-08,2021,https://www.foxnews.com/entertainment/sharon-stone-basic-instinct-director-nudity-scene.print,starter
The queen and Congress: Elizabeth II addressed Capitol Hill lawmakers in 1991,FoxNews,2022-09-10,2022,https://www.foxnews.com/politics/queen-congress-elizabeth-ii-addressed-capitol-hill-lawmakers-1991,starter
Elton John bids farewell to Philly with 'Philadelphia Freedom' performance,FoxNews,2022-07-16,2022,https://www.foxnews.com/entertainment/elton-john-bids-farewell-philadelphia-freedom-performance,starter
Thomas Jefferson statue's removal from New York City Hall a 'disgrace': Douglas Murray,FoxNews,2021-11-24,2021,https://www.foxnews.com/media/thomas-jefferson-statues-removal-from-new-york-city-hall-a-disgrace-douglas-murray,starter
Brian Stelter: A retrospective of CNN's ousted media reporter,FoxNews,2022-08-19,2022,https://www.foxnews.com/media/brian-stelter-retrospective-cnns-ousted-media-reporter.print,starter
"Ronald Reagan's putter, Pearl Harbor wings to go up for auction on Fox Nation's 'Selling History'",FoxNews,2022-06-06,2022,https://www.foxnews.com/lifestyle/ronald-reagan-putter-pearl-harbor-auction-fox-nation-selling-history.print,starter
"Russia-Ukraine war: Deadly fight in Donbas 'one of the most brutal battles... for Europe,' Zelenskyy says",FoxNews,2022-06-14,2022,https://www.foxnews.com/world/russia-ukraine-war-donbas-fight-zelenskyy,starter
"Superintendent fired, CRT banned after Moms for Liberty candidates revamp South Carolina school district",FoxNews,2022-11-21,2022,https://www.foxnews.com/media/superintendent-fired-crt-banned-moms-liberty-candidates-revamp-south-carolina-school-district,starter
Philadelphia attorney says crime 'out of control' after Dem lawmaker is carjacked at gunpoint,FoxNews,2021-12-23,2021,https://www.foxnews.com/media/philadelphia-crime-surge-democrat-scanlon-carjacked,starter
"On Gold Star Spouses Day, a time to remember, support military families",FoxNews,2022-04-05,2022,https://www.foxnews.com/lifestyle/gold-star-spouses-support-military-families,starter
Title IX's 50th anniversary: Debate over transgender athletes rages,FoxNews,2022-06-23,2022,https://www.foxnews.com/sports/title-ix-anniversary-debate-transgender-athletes,starter
WaPo columnist called out for 'sycophantic' defense of Kamala Harris: 'Refusing to see reality',FoxNews,2022-12-14,2022,https://www.foxnews.com/media/wapo-columnist-called-sycophantic-defense-kamala-harris-refusing-see-reality,starter
"Ahead of the holidays, here's how to build charcuterie boards that are 'super festive'",FoxNews,2022-11-12,2022,https://www.foxnews.com/lifestyle/ahead-holidays-build-charcuterie-boards-festive,starter
"Dark money group linked to foreign billionaire infused millions of dollars to major Dem, left-wing causes",FoxNews,2022-12-29,2022,https://www.foxnews.com/politics/dark-money-group-linked-foreign-billionaire-infused-millions-dollars-major-dem-left-wing-causes,starter
"Texas human trafficking crash leaves two migrants dead, a dozen others injured",FoxNews,2022-10-16,2022,https://www.foxnews.com/us/texas-human-trafficking-crash-leaves-two-migrants-dead-dozen-others-injured.print,starter
Hawaii’s hidden treasures include these historic war monuments in Oahu,FoxNews,2022-04-09,2022,https://www.foxnews.com/lifestyle/hawaii-hidden-treasures-historic-war-monuments-oahu,starter
Mossimo Giannulli reports to prison to begin 5-month sentence in the college admissions scandal,FoxNews,2020-11-19,2020,https://www.foxnews.com/entertainment/mossimo-giannulli-prison-5-month-sentence-college-admissions-scandal,starter
"On this day in history in 1775, US postal system established under Ben Franklin",FoxNews,2022-07-26,2022,https://www.foxnews.com/lifestyle/day-history-1775-us-postal-system-established-ben-franklin,starter
"Rubio contests claim that US embargo is destabilizing Cuba, says only 'blockade' is its government",FoxNews,2021-07-21,2021,https://www.foxnews.com/politics/rubio-contests-claim-us-embargo-destabilizing-cuba-blockade-government,starter
Wisconsin father-son duo thank America’s military heroes from the ‘bottom of our heart’,FoxNews,2022-05-17,2022,https://www.foxnews.com/lifestyle/wisconsin-father-son-thank-military-heroes,starter
"Biden on Supreme Court leak: Roe should not be overturned, 'A woman's right to choose is fundamental'",FoxNews,2022-05-03,2022,https://www.foxnews.com/politics/biden-supreme-court-leak-womans-right-choose-fundamental,starter
Healthy breakfast smoothie could help kickstart better eating habits in the New Year,FoxNews,2021-12-19,2021,https://www.foxnews.com/lifestyle/healthy-breakfast-smoothie-kickstart-better-eating-new-year,starter
"10 spots you can't forget when you're spring cleaning, from an expert",FoxNews,2022-03-21,2022,https://www.foxnews.com/lifestyle/spring-cleaning-forgotten-spaces-tips-tidying-home,starter
Bernie Sanders silent on Cuban pro-freedom uprisings after praising Fidel Castro's communist policies,FoxNews,2021-07-11,2021,https://www.foxnews.com/politics/bernie-sanders-silent-cuban-pro-democracy-uprisings-praising-fidel-castros-communist-policies,starter
Health officials call for flu shots ahead of potentially severe season,FoxNews,2022-10-06,2022,https://www.foxnews.com/health/health-officials-flu-shots-potentially-severe-season,starter
James Madison's perspective on slavery is a far more 'nuanced' historical subject than many understand: Turley,FoxNews,2022-07-18,2022,https://www.foxnews.com/media/james-madison-perspective-slavery-nuanced-turley,starter
"Levin blasts BLM's endorsement of Cuban dictatorship, media's history of ‘friendliness’ to autocrats",FoxNews,2021-07-16,2021,https://www.foxnews.com/media/levin-blm-endorsement-cuban-dictatorship,starter
"Taking 10K steps may be associated with reduction in risk of cancer, cardiovascular disease deaths: study",FoxNews,2022-10-08,2022,https://www.foxnews.com/health/taking-10k-steps-associated-reduction-risk-cancer-cardiovascular-disease-deaths-study.print,starter
"Lori Loughlin’s prison offers Pilates, spin class and more as she serves time in college admissions scandal",FoxNews,2020-09-24,2020,https://www.foxnews.com/entertainment/inside-lori-loughlin-prison-college-admissions-scandal,starter
Simon Cowell pulls out of judging duties in upcoming ‘X Factor Israel’ appearance,FoxNews,2021-06-01,2021,https://www.foxnews.com/entertainment/simon-cowell-pulls-out-judging-duties-x-factor-israel-appearance,starter
MSNBC contributor complains of 'crisis' as Latinos move away from Democrats,FoxNews,2021-07-06,2021,https://www.foxnews.com/media/msnbc-contributor-crisis-latinos-democratic-party,starter
National Black Farmers president issues dire warning to Biden admin: 'We're heading for a food shortage',FoxNews,2022-07-20,2022,https://www.foxnews.com/media/national-black-farmers-president-issues-dire-warning-biden-admin-heading-food-shortage,starter
"Olivia Jade Giannulli recalls being 'publicly shamed' for Lori Loughlin, Mossimo Giannulli's scandal",FoxNews,2021-03-27,2021,https://www.foxnews.com/entertainment/olivia-jade-giannulli-publicly-shamed-lori-loughlin-mossimo-giannulli-scandal,starter
"Rumer Willis is pregnant, expecting baby with boyfriend Derek Richard Thomas",FoxNews,2022-12-20,2022,https://www.foxnews.com/entertainment/rumer-willis-pregnant-expecting-baby-with-boyfriend-derek-richard-thomas,starter
Mark Levin: We were freer before the American Revolution than we are today,FoxNews,2021-08-15,2021,https://www.foxnews.com/media/mark-levin-we-were-freer-before-american-revolution,starter
Washington Post has corrected over a dozen articles related to Steele dossier coverage,FoxNews,2021-11-18,2021,https://www.foxnews.com/media/washington-post-corrections-steele-dossier,starter
"Supreme Court set to overturn Roe v. Wade, leaked draft opinion shows: report",FoxNews,2022-05-02,2022,https://www.foxnews.com/politics/supreme-court-overturn-roe-draft-leaked-draft-opinion-report,starter
"On this day in history, August 24, 1814, British troops ransacked, torched White House and Capitol",FoxNews,2022-08-24,2022,https://www.foxnews.com/lifestyle/this-day-history-august-24-british-troops-ransack-torch-white-house-capitol,starter
"Kamala Harris staff contending with low morale, internal tensions: reports",FoxNews,2021-06-30,2021,https://www.foxnews.com/politics/kamala-harris-staff-low-morale-internal-tensions,starter
"Diabetes affects millions of Americans and hits Hispanic, Latino adults especially hard, CDC says",FoxNews,2022-09-16,2022,https://www.foxnews.com/health/diabetes-affects-millions-americans-hitting-hispanics-latinos-hard-cdc,starter
National parks prepare for millions to visit this summer; some now require reservations,FoxNews,2022-05-20,2022,https://www.foxnews.com/great-outdoors/national-parks-prepare-millions-visitors-summer-some-require-reservations,starter
Pennsylvania Gov. Wolf: Migrant flights only 'passed through' Scranton 'en route to their final destination',FoxNews,2021-12-29,2021,https://www.foxnews.com/politics/gov-wolf-migrant-flights-only-passed-through-scranton-en-route-to-their-final-destination,starter
Whoopi Goldberg rips cancel culture targeting Pepé Le Pew: 'I don't know why you've got to erase everything',FoxNews,2021-03-09,2021,https://www.foxnews.com/media/whoopi-goldberg-cancel-culture-pepe-le-pew,starter
Vanessa Hudgens continues #ThirstyThursday tradition with sultry snaps,FoxNews,2020-02-07,2020,https://www.foxnews.com/entertainment/vanessa-hudgens-thirsty-thursday-pics-second-week,starter
PRO Act gains socialist support: The Democratic bill that would crush right-to-work laws,FoxNews,2021-03-08,2021,https://www.foxnews.com/politics/house-democrats-pro-act-right-to-work-california-ab5,starter
Kamala Harris declares ‘border is secure’ as thousands of illegals flood into US every day,FoxNews,2022-09-12,2022,https://www.foxnews.com/politics/kamala-harris-declares-border-secure-thousands-illegals-flood-us-every-day,starter
Abortion rights groups lash out at leaked Supreme Court draft: 'Confirms our worst fears',FoxNews,2022-05-03,2022,https://www.foxnews.com/politics/abortion-rights-groups-leaked-supreme-court-draft,starter
Harrison Ford’s 80th birthday: A look back at some of his best roles,FoxNews,2022-07-13,2022,https://www.foxnews.com/entertainment/harrison-fords-80th-birthday-look-back-some-best-roles,starter
St. Patrick's Day: The history behind the holiday in the United States,FoxNews,2021-03-17,2021,https://www.foxnews.com/lifestyle/st-patricks-day-origins-beyond-drowning-the-shamrock,starter
Beatle Ringo Starr reflects on spreading 'peace and love' following the '60s: 'It was part of how we felt',FoxNews,2022-06-01,2022,https://www.foxnews.com/entertainment/beatle-ringo-starr-peace-love-all-starr-tour.print,starter
Crime spikes force schools to reinstate resource officers as defund movement collapses,FoxNews,2022-02-15,2022,https://www.foxnews.com/us/defund-the-police-return-school-resource-officers,starter
"Anne Frank's Nazi arrest in Amsterdam may have stemmed from Jewish businessman's tip, book claims",FoxNews,2022-01-17,2022,https://www.foxnews.com/world/cold-case-team-may-know-betrayed-anne-frank,starter
FOX Nation unveils veteran-themed content to commemorate Memorial Day,FoxNews,2022-05-18,2022,https://www.foxnews.com/media/fox-nation-veteran-memorial-day,starter
"On this day in history, Sept. 8, 1565, St. Augustine — oldest city in North America — is settled by Spain",FoxNews,2022-09-08,2022,https://www.foxnews.com/lifestyle/this-day-history-sept-8-1565-st-augustine-oldest-city-north-america-settled-spain,starter
"Bruce Arians, Biden make vaccine push during Buccaneers' White House visit",FoxNews,2021-07-20,2021,https://www.foxnews.com/sports/bruce-arians-biden-vaccine-push-buccaneers-white-house-visit,starter
8 rock stars who are rockin' their way into their 80s,FoxNews,2022-06-21,2022,https://www.foxnews.com/entertainment/8-rock-stars-rocking-80s.print,starter
Florida police department invites public to homeless veteran's funeral,FoxNews,2020-01-17,2020,https://www.foxnews.com/us/florida-police-department-invites-public-to-homeless-veterans-funeral.print,starter
Tunnel to Towers pays off mortgage of fallen Connecticut police sergeant: 'Comfort and connectedness',FoxNews,2022-12-12,2022,https://www.foxnews.com/lifestyle/tunnel-towers-pays-mortgage-fallen-connecticut-police-sergeant-comfort,starter
"Bruce Willis diagnosed with aphasia, 'stepping away' from acting, family reveals",FoxNews,2022-03-30,2022,https://www.foxnews.com/entertainment/bruce-willis-diagnosed-aphasia-stepping-away-acting,starter
Putin accuses Ukraine of 'terrorism' in Crimea bridge explosion,FoxNews,2022-10-09,2022,https://www.foxnews.com/world/putin-accuses-ukraine-terrorism-crimea-bridge-explosion,starter
Texas borderland car crash leaves three people dead in human smuggling attempt,FoxNews,2022-10-02,2022,https://www.foxnews.com/us/texas-borderland-car-crash-leaves-three-people-dead-human-smuggling-attempt,starter
Border Patrol agents nab a dozen people on terror watchlist at southern border in August,FoxNews,2022-09-20,2022,https://www.foxnews.com/politics/border-patrol-agents-nab-dozen-suspected-terrorists-southern-border-august,starter
"Biden abandoned by top Democrats as Pritzker, Newsom 'measure the drapes' in absence",FoxNews,2022-07-14,2022,https://www.foxnews.com/media/biden-abandoned-top-democrats-pritzker-newsom-measure-drapes-absence,starter
Amy Klobuchar suggests voting Democrat will help stop hurricanes: 'That's why we've got to win this',FoxNews,2022-09-27,2022,https://www.foxnews.com/media/klobuchar-suggests-voting-democrat-will-help-stop-hurricanes-thats-why-weve-got-win-this,starter
Lori Loughlin's husband Mossimo Giannulli asks to serve remainder of five-month prison sentence at home,FoxNews,2021-01-15,2021,http://www.foxnews.com/entertainment/lori-loughlin-mossimo-giannulli-asks-serve-remainder-prison-sentence-home,starter
"Disney+ removes access to classics like 'Dumbo,' 'Peter Pan' for kids under 7 over 'racist' stereotypes",FoxNews,2021-03-10,2021,https://www.foxnews.com/entertainment/disney-plus-removes-access-to-classics-like-dumbo-peter-pan-for-kids-under-7-over-racist-stereotypes.print,starter
Meghan McCain blames hostile ‘View’ colleagues for her exit in emotional memoir,FoxNews,2021-10-19,2021,https://www.foxnews.com/media/meghan-mccain-hostile-view-emotional-memoir,starter
Abortion rights to expand in blue states after Roe v Wade overturned in Dobbs decision,FoxNews,2022-06-24,2022,https://www.foxnews.com/politics/abortion-rights-expand-blue-states-roe-v-wade-overturned-dobbs-decision,starter
Lori Loughlin's college admissions scandal case: Everything to know about it,FoxNews,2020-08-20,2020,https://www.foxnews.com/entertainment/lori-loughlin-college-admissions-scandal-case,starter
"Demi Moore on isolating with ex Bruce Willis, daughters: 'It was amazing'",FoxNews,2021-02-04,2021,https://www.foxnews.com/entertainment/demi-moore-isolating-bruce-willis-daughters-amazing,starter
World War II veteran celebrates 102nd birthday: 'Blessed' and 'grateful' for community support,FoxNews,2022-01-04,2022,https://www.foxnews.com/lifestyle/world-war-ii-veteran-celebrates-102nd-birthday-blessed,starter
"These 6 power foods can prevent cancer, according to various health experts",FoxNews,2022-04-04,2022,https://www.foxnews.com/lifestyle/power-foods-help-prevent-cancer,starter
"Biden, Democrats falsely frame Green movement as 'economic': Charles Payne",FoxNews,2022-09-18,2022,https://www.foxnews.com/media/biden-democrats-falsely-frame-green-movement-economic-charles-payne,starter
Liberal dark money network hauled in more than $1.5B in anonymous donations for left-wing causes in 2021,FoxNews,2022-11-15,2022,https://www.foxnews.com/politics/liberal-dark-money-network-hauled-1-5b-anonymous-donations-left-wing-causes-2021,starter
"‘Euphoria’ star Sydney Sweeney on being a sex symbol, why she ‘won’t stop’ doing nude scenes",FoxNews,2022-07-28,2022,https://www.foxnews.com/entertainment/euphoria-sydney-sweeney-sex-symbol-nude-scenes,starter
Lady Liberty stands tall – amid lightning strike in NY Harbor,FoxNews,2020-07-23,2020,https://www.foxnews.com/us/lady-liberty-stands-tall-amid-lightning-strike-in-ny-harbor,starter
"Democrats concerned Harris couldn't beat a GOP nominee, even if Trump: report",FoxNews,2021-07-02,2021,https://www.foxnews.com/politics/democrats-harris-gop-nominee-2024,starter
The American Legion turns 103: A brief history of the organization formed to aid WWI veterans,FoxNews,2022-09-16,2022,https://www.foxnews.com/lifestyle/the-american-legion-103-brief-history-organization-aid-wwi-veterans.print,starter
Pastor Greg Laurie details how John Lennon found God — and why it matters today,FoxNews,2022-06-06,2022,https://www.foxnews.com/lifestyle/pastor-greg-laurie-john-lennon-god-today.print,starter
"Howard Stern, Judd Apatow, other comedians defend Chris Rock: 'He handled it like a pro'",FoxNews,2022-03-30,2022,https://www.foxnews.com/entertainment/david-spade-amy-schumer-comedians-react-will-smith-chris-rock-slap,starter
"Judge Napolitano slams judges in college admissions scandal, says prosecutors 'gravely overreached'",FoxNews,2020-08-21,2020,https://www.foxnews.com/us/lori-loughlin-college-admissions-scandal-judge-napolitano,starter
Grand Ole Opry celebrates America — and now it's coming back strong,FoxNews,2022-05-28,2022,https://www.foxnews.com/lifestyle/grand-ole-opry-america-strong,starter
Praying the rosary: Understanding the tradition that helps Catholics meditate on Jesus and Mother Mary,FoxNews,2022-11-13,2022,https://www.foxnews.com/lifestyle/praying-rosary-understanding-tradition-helps-catholics-meditate-jesus-mother-mary,starter
Massachusetts' Smith College racism accusations back in spotlight after report details 2018 investigation,FoxNews,2021-02-25,2021,https://www.foxnews.com/us/smith-college-racism-oumou-kanoute-eating-while-black,starter
Flashback: Kamala Harris was open to packing Supreme Court to shift balance away from conservatives,FoxNews,2020-09-21,2020,https://www.foxnews.com/politics/kamala-harris-packing-supreme-court-conservative-balance,starter
Kristen Cavallari and Jay Cutler to divorce after 10 years together,NBC,2020-04-26,2020,https://www.nbcnews.com/pop-culture/celebrity/kristen-cavallari-husband-jay-cutler-divorce-after-10-years-together-n1192966,starter
Why Atlanta spa shooter's Asian 'acquaintances' can't tell us much about his racial biases,NBC,2021-07-29,2021,https://www.nbcnews.com/news/asian-america/why-atlanta-spa-shooter-s-asian-acquaintances-can-t-tell-n1275348,starter
101+ Latino-Owned Businesses to Support in 2026 and Beyond,NBC,2021-10-15,2021,https://www.nbcnews.com/select/shopping/latino-owned-businesses-shop-ncna1281477,starter
Prosecutor tells jurors 'ecstatic' Jan. 6 defendant bragged about carrying gun,NBC,2022-03-07,2022,https://www.nbcnews.com/politics/justice-department/prosecutors-tells-jurors-ecstatic-jan-6-defendant-bragged-carrying-gun-rcna18967,starter
Jan. 6 committee avoids criticizing law enforcement in summary,NBC,2022-12-20,2022,https://www.nbcnews.com/politics/congress/jan-6-committee-avoids-criticizing-law-enforcement-summary-rcna61935,starter
The best portable air conditioners under $400,NBC,2021-05-07,2021,https://www.nbcnews.com/select/shopping/affordable-portable-air-conditioners-ncna1266638,starter
"Best Disposable Face Masks, According to Doctors | NBC Select",NBC,2021-01-05,2021,https://www.nbcnews.com/select/shopping/best-disposable-face-mask-ncna1252865,starter
QAnon follower who led the mob that chased Police Officer Eugene Goodman on Jan. 6 sentenced to 5 years in prison,NBC,2022-12-16,2022,https://www.nbcnews.com/politics/justice-department/qanon-believer-chased-officer-capitol-sentenced-rcna61946,starter
DeSantis signs bill creating election police unit in Florida,NBC,2022-04-25,2022,https://www.nbcnews.com/politics/elections/desantis-signs-bill-creating-election-police-unit-florida-rcna25941,starter
Jan. 6 hearing highlights: What to expect as former White House aide Cassidy Hutchinson testifies,NBC,2022-06-28,2022,https://www.nbcnews.com/politics/live-blog/jan-6-hearing-expect-top-trump-admin-aide-testifies-rcna35551,starter
"Racism, sexism must be considered in Atlanta case involving killing of six Asian women, experts say",NBC,2021-03-17,2021,https://www.nbcnews.com/news/asian-america/racism-sexism-must-be-considered-atlanta-case-involving-killing-six-n1261347,starter
'They're not here to hurt me': Former aide says Trump knew Jan. 6 crowd was armed,NBC,2022-06-28,2022,https://www.nbcnews.com/politics/congress/jan-6-panel-looks-trump-white-house-cassidy-hutchinson-testimony-rcna35550,starter
Jan. 6 panel warns of attempts to 'influence' witnesses by Trump allies,NBC,2022-06-28,2022,https://www.nbcnews.com/politics/congress/jan-6-panel-warns-attempts-influence-witnesses-trump-allies-rcna35800,starter
8 Best Indoor Garden Systems of 2026 | NBC Select,NBC,2021-05-14,2021,https://www.nbcnews.com/select/shopping/best-indoor-garden-kits-ncna1267376,starter
Biden orders declassification of Sept. 11 investigation documents,NBC,2021-09-03,2021,https://www.nbcnews.com/politics/white-house/biden-orders-declassification-sept-11-investigation-documents-n1278487,starter
"Overdose death rate increased by 30% in 2020, a 'staggering' rise",NBC,2022-07-19,2022,https://www.nbcnews.com/health/health-news/overdose-death-rate-increased-30-2020-staggering-rise-rcna38756,starter
Biden signs TikTok ban for government devices amid security concerns,NBC,2022-12-30,2022,https://www.nbcnews.com/tech/tech-news/tiktok-ban-biden-government-college-state-federal-security-privacy-rcna63724,starter
Four officers who responded to Capitol riot have died by suicide,NBC,2021-08-02,2021,https://www.nbcnews.com/news/us-news/third-d-c-officer-who-responded-capitol-riot-dies-suicide-n1275740,starter
Bolton's book suggests Trump corruption runs deep. Worse? Republicans don't care.,NBC,2020-06-23,2020,https://www.nbcnews.com/think/opinion/bolton-s-book-suggests-trump-corruption-runs-deep-worse-republicans-ncna1231814,starter
Trump begs Georgia secretary of state to overturn election results in remarkable hourlong phone call,NBC,2021-01-03,2021,https://www.nbcnews.com/politics/donald-trump/trump-begs-georgia-secretary-state-overturn-election-results-remarkable-hourlong-n1252692,starter
Biden to give first major foreign policy address on 'restoring America's place in the world',NBC,2021-01-29,2021,https://www.nbcnews.com/politics/white-house/biden-give-first-major-foreign-policy-address-restoring-america-s-n1256225,starter
23 best first Father's Day gifts for new dads in 2022,NBC,2021-06-14,2021,https://www.nbcnews.com/select/shopping/first-fathers-day-gifts-ncna1270664,starter
Abortion rights advocates see a flurry of post-Roe victories in midterms,NBC,2022-11-09,2022,https://www.nbcnews.com/politics/2022-election/abortion-rights-advocates-see-flurry-post-roe-victories-midterms-rcna56443,starter
New Covid fraud prosecutor steps up effort to convict people who stole billions in relief benefits,NBC,2022-03-10,2022,https://www.nbcnews.com/politics/justice-department/new-covid-fraud-prosecutor-steps-effort-convict-people-stole-billions-rcna19536,starter
Hamas fires rockets into Israel as tensions in Jerusalem boil over,NBC,2021-05-10,2021,https://www.nbcnews.com/news/world/hundreds-injured-palestinians-israeli-forces-clash-holy-site-jerusalem-n1266812,starter
Biden administration lifts Trump-era restrictions stalling Puerto Rico hurricane aid,NBC,2021-04-20,2021,https://www.nbcnews.com/news/latino/biden-administration-lifts-trump-era-restrictions-stalling-puerto-rico-hurricane-n1264672,starter
Taylor Swift endorses Joe Biden for President,NBC,2020-10-07,2020,https://www.nbcnews.com/politics/2020-election/taylor-swift-endorses-joe-biden-president-n1242483,starter
Amazon's Climate Pledge Friendly products: A shopping guide,NBC,2021-06-17,2021,https://www.nbcnews.com/select/shopping/amazon-climate-pledge-friendly-label-ncna1271141,starter
"Trump authorized Soleimani's killing 7 months ago, with conditions",NBC,2020-01-13,2020,https://www.nbcnews.com/politics/national-security/trump-authorized-soleimani-s-killing-7-months-ago-conditions-n1113271,starter
Iran may be preparing to arm Russia with short-range ballistic missiles,NBC,2022-11-01,2022,https://www.nbcnews.com/news/world/iran-may-preparing-arm-russia-short-range-ballistic-missiles-rcna55101,starter
Blinken arrives in Israel to strengthen Gaza cease-fire,NBC,2021-05-25,2021,https://www.nbcnews.com/news/world/blinken-arrives-israel-shore-gaza-cease-fire-n1268447,starter
Palestinians announce first elections in 15 years on eve of Biden era,NBC,2021-01-15,2021,https://www.nbcnews.com/news/world/palestinians-announce-first-elections-15-years-eve-biden-era-n1254443,starter
20 best Father's Day fishing gifts for dad,NBC,2021-06-11,2021,https://www.nbcnews.com/select/shopping/fathers-day-fishing-gifts-ncna1270469,starter
70+ best Cyber Monday beauty deals of 2022,NBC,2022-11-28,2022,https://www.nbcnews.com/select/shopping/cyber-monday-beauty-wellness-deals-2022-ncna1301377,starter
"The 5 best electric toothbrushes for kids, according to dentists",NBC,2022-02-25,2022,https://www.nbcnews.com/select/shopping/best-electric-toothbrush-kids-ncna1289925,starter
Palestinian President Mahmoud Abbas cuts security ties with Israel over West Bank annexation plans,NBC,2020-05-20,2020,https://www.nbcnews.com/news/world/palestinian-president-mahmoud-abbas-cuts-security-ties-israel-over-west-n1211416,starter
Intel community escapes major criticism by Jan. 6 committee for missing 'foreseeable' Capitol violence,NBC,2022-12-23,2022,https://www.nbcnews.com/politics/justice-department/intel-community-escapes-major-criticism-jan-6-committee-missing-forese-rcna62628,starter
Former West Virginia lawmaker Derrick Evans sentenced to 3 months for storming the Capitol on Jan. 6.,NBC,2022-06-22,2022,https://www.nbcnews.com/politics/justice-department/former-west-virginia-lawmaker-derrick-evans-sentenced-storming-capitol-rcna34329,starter
The 6 best ergonomic office chairs of 2026,NBC,2020-06-18,2020,https://www.nbcnews.com/select/shopping/best-ergonomic-office-chair-ncna1231359,starter
Puerto Rico sees more pain and little progress three years after Hurricane Maria,NBC,2020-09-20,2020,https://www.nbcnews.com/news/latino/puerto-rico-sees-more-pain-little-progress-three-years-after-n1240513,starter
"Trump rages at Bolton, says former adviser would have caused 'World War Six'",NBC,2020-01-29,2020,https://www.nbcnews.com/politics/trump-impeachment-inquiry/trump-rages-bolton-says-former-adviser-would-have-caused-world-n1125351,starter
Wife of Jan. 6 officer who died after riot feels duty to represent him at hearings,NBC,2022-06-10,2022,https://www.nbcnews.com/politics/congress/wife-jan-6-officer-died-riot-feels-duty-represent-hearings-rcna32883,starter
"Best Sunburn Treatments To Heal Skin Quickly, According to Dermatologists",NBC,2021-07-02,2021,https://www.nbcnews.com/select/shopping/best-products-treat-sunburn-ncna1272746,starter
Stormy Daniels must pay $300k to Donald Trump after losing defamation case appeal,NBC,2022-03-22,2022,https://www.nbcnews.com/politics/donald-trump/stormy-daniels-must-pay-300k-donald-trump-losing-defamation-case-appea-rcna21002,starter
12 best Father's Day grilling gifts in 2022,NBC,2020-05-28,2020,https://www.nbcnews.com/select/shopping/best-fathers-day-grilling-gifts-ncna1214766,starter
"Target Circle Membership: Price, Benefits and More",NBC,2022-11-23,2022,https://www.nbcnews.com/select/shopping/target-circle-loyalty-program-ncna1301043,starter
Tech bestsellers: The most purchased products we covered in 2022,NBC,2022-12-27,2022,https://www.nbcnews.com/select/shopping/bestselling-tech-products-2022-ncna1302175,starter
"12 best pet hair removers, according to experts",NBC,2021-05-04,2021,https://www.nbcnews.com/select/shopping/best-pet-hair-removal-tools-ncna1266293,starter
Sheets and pillowcases worth considering this year,NBC,2020-07-31,2020,https://www.nbcnews.com/select/shopping/silk-pillowcases-sheets-bedding-ncna1235428,starter
Capitol security officials blame poor intelligence — and one another — for the Jan. 6 riot,NBC,2021-02-23,2021,https://www.nbcnews.com/politics/congress/key-capitol-security-officials-be-grilled-about-what-went-wrong-n1258530,starter
Top Meadows aide Cassidy Hutchinson to testify at Jan. 6 hearing,NBC,2022-06-28,2022,https://www.nbcnews.com/politics/congress/top-meadows-aide-cassidy-hutchinson-testify-jan-6-hearing-rcna35633,starter
Jan. 6 participant arrested after hourslong standoff with the FBI,NBC,2022-12-23,2022,https://www.nbcnews.com/politics/justice-department/jan-6-participant-arrested-hours-long-standoff-fbi-rcna63035,starter
'Obviously a mistake': Sen. Ted Cruz says he regrets going to Cancún while Texans froze,NBC,2021-02-18,2021,https://www.nbcnews.com/politics/congress/sen-ted-cruz-comes-under-fire-after-photos-purportedly-show-n1258249,starter
"GOP Sen. Murkowski says she will vote against witnesses, calls impeachment articles 'rushed and flawed'",NBC,2020-01-31,2020,https://www.nbcnews.com/politics/trump-impeachment-inquiry/gop-sen-murkowski-says-she-will-vote-against-witnesses-calls-n1127381,starter
'Easy money': How international scam artists pulled off an epic theft of Covid benefits,NBC,2021-08-15,2021,https://www.nbcnews.com/news/us-news/easy-money-how-international-scam-artists-pulled-epic-theft-covid-n1276789,starter
"The 14 best Korean skin care products, according to dermatologists",NBC,2021-08-10,2021,https://www.nbcnews.com/select/shopping/best-korean-beauty-products-ncna1274400,starter
"Israel airstrikes hit Gaza after rocket attacks, clashes intensify in Jerusalem",NBC,2021-04-24,2021,https://www.nbcnews.com/news/world/israel-airstrikes-hit-gaza-after-rocket-attacks-clashes-intensify-jerusalem-n1265180,starter
Atlanta-area spa shooter convicted in 4 deaths pleads not guilty to 4 more killings on the same day,NBC,2021-09-28,2021,https://www.nbcnews.com/news/us-news/accused-atlanta-area-spa-shooter-pleads-not-guilty-killing-4-n1280232,starter
"The best multiplayer Nintendo Switch games, according to experts",NBC,2022-06-08,2022,https://www.nbcnews.com/select/shopping/best-nintendo-switch-multiplayer-games-ncna1296017,starter
"Israel violence, from Al-Aqsa protests to Palestinian rockets, helps Netanyahu and Hamas",NBC,2021-05-11,2021,https://www.nbcnews.com/think/opinion/israel-violence-al-aqsa-protests-palestinian-rockets-helps-netanyahu-hamas-ncna1266890,starter
U.S. officially points the finger at Saudi Crown Prince Mohammed bin Salman for Khashoggi killing,NBC,2021-02-26,2021,https://www.nbcnews.com/politics/national-security/u-s-officially-points-finger-saudi-crown-prince-mohammed-bin-n1258987,starter
"Displaced by the earthquake, Puerto Ricans cope with constant aftershocks and uncertainty",NBC,2020-01-16,2020,https://www.nbcnews.com/news/latino/displaced-earthquake-puerto-ricans-cope-constant-aftershocks-uncertainty-n1116706,starter
"Trump announces aid for Puerto Rico, infusing politics in an apparent play for Florida voters",NBC,2020-09-18,2020,https://www.nbcnews.com/politics/white-house/trump-announces-aid-puerto-rico-infusing-politics-apparent-play-florida-n1240491,starter
12 Best Grocery Delivery Services in 2026,NBC,2022-08-16,2022,https://www.nbcnews.com/select/shopping/best-grocery-delivery-services-ncna1297967,starter
"As bombs fall silent over Gaza and Israel, 'whole generation' of children face long term trauma",NBC,2021-05-23,2021,https://www.nbcnews.com/news/world/israel-hamas-ceasefire-holds-gaza-s-children-trauma-remains-n1268249,starter
"Over 70 killed as Israel, Palestinians exchange worst violence in years — and prepare for more",NBC,2021-05-12,2021,https://www.nbcnews.com/news/world/violence-between-israel-hamas-shows-no-sign-slowing-n1267055,starter
"Anti-Asian hate crimes increased by nearly 150% in 2020, mostly in N.Y. and L.A., new report says",NBC,2021-03-09,2021,https://www.nbcnews.com/news/asian-america/anti-asian-hate-crimes-increased-nearly-150-2020-mostly-n-n1260264,starter
6 highly-rated single-serve coffee makers,NBC,2021-10-12,2021,https://www.nbcnews.com/select/shopping/best-single-serve-coffee-makers-ncna1281365,starter
Rapper charged with coronavirus benefit fraud after boasting in song about benefit fraud,NBC,2020-10-18,2020,https://www.nbcnews.com/news/us-news/rapper-charged-coronavirus-benefit-fraud-after-boasting-song-about-benefit-n1243844,starter
The 11 best smart TVs,NBC,2019-11-28,2019,https://www.nbcnews.com/select/shopping/smart-tv-buying-guide-ncna1092911,starter
"6.4-magnitude quake strikes Puerto Rico, killing at least 1 amid heavy seismic activity",NBC,2020-01-07,2020,https://www.nbcnews.com/news/latino/6-5-quake-strikes-puerto-rico-amid-heavy-seismic-activity-n1111666,starter
Minnesota Timberwolves star Karl-Anthony Towns' mother dies due to complications from COVID-19,NBC,2020-04-15,2020,https://www.nbcnews.com/news/nbcblk/minnesota-timberwolves-star-karl-anthony-towns-mother-dies-due-complications-n1183691,starter
Potential Al Qaeda resurgence in Afghanistan worries U.S. officials,NBC,2021-08-12,2021,https://www.nbcnews.com/news/mideast/potential-al-qaeda-resurgence-afghanistan-worries-u-s-officials-n1276614,starter
The best digital photo frames to personalize your home this year,NBC,2021-12-13,2021,https://www.nbcnews.com/select/shopping/best-digital-photo-frames-ncna1285876,starter
11 best low-maintenance indoor plants,NBC,2021-08-17,2021,https://www.nbcnews.com/select/shopping/best-low-maintenance-plants-ncna1276969,starter
Secret Service: Nearly $100B stolen in pandemic relief funds,NBC,2021-12-22,2021,https://www.nbcnews.com/politics/politics-news/secret-service-nearly-100b-stolen-pandemic-relief-funds-n1286430,starter
Biden vowed 'consequences' for Saudi Arabia after oil production cut. But the U.S. has no plans to follow through.,NBC,2022-12-03,2022,https://www.nbcnews.com/politics/biden-vowed-consequences-saudi-arabia-oil-production-cut-us-no-plans-f-rcna59799,starter
Cyber Monday 2022: What to buy and what to skip,NBC,2022-11-18,2022,https://www.nbcnews.com/select/shopping/cyber-monday-what-buy-2022-ncna1300894,starter
"Israel, Hamas launch rockets, airstrikes as Gaza conflict enters second week",NBC,2021-05-16,2021,https://www.nbcnews.com/news/world/diplomatic-efforts-ceasefire-ramp-after-strikes-claim-more-lives-israel-n1267519,starter
Gaza Strip struggles to cope as coronavirus outbreak takes its toll,NBC,2020-09-13,2020,https://www.nbcnews.com/news/world/gaza-strip-struggles-cope-coronavirus-outbreak-takes-its-toll-n1239972,starter
"Lil Nas X, Dolly Parton, Lena Waithe to appear at virtual GLAAD Media Awards",NBC,2020-07-10,2020,https://www.nbcnews.com/feature/nbc-out/lil-nas-x-dolly-parton-lena-waithe-appear-virtual-glaad-n1233424,starter
5 top-rated hair straightening brushes to consider,NBC,2021-09-15,2021,https://www.nbcnews.com/select/shopping/best-hair-straightener-brushes-ncna1279216,starter
DeSantis asks students to remove masks that he says are 'doing nothing',NBC,2022-03-02,2022,https://www.nbcnews.com/politics/politics-news/desantis-asks-students-remove-masks-he-says-are-doing-nothing-n1290693,starter
Soon Chung Park worked long days as single mom to bring 5 kids from Korea to U.S.,NBC,2021-03-25,2021,https://www.nbcnews.com/news/asian-america/soon-chung-park-worked-long-days-single-mom-bring-5-kids-korea-us-rcna514,starter
Republicans block independent commission to investigate attack on U.S. Capitol,NBC,2021-05-28,2021,https://www.nbcnews.com/politics/congress/was-attack-our-capitol-murkowski-criticizes-gop-colleagues-opposing-jan-n1268906,starter
"2022 likely to be deadliest year for Palestinians in the occupied West Bank, U.N. says",NBC,2022-10-29,2022,https://www.nbcnews.com/news/world/israel-west-bank-palestinians-deadliest-year-united-nations-report-rcna54643,starter
"Cities look to trees to combat heat islands, but growth is slow",NBC,2022-04-23,2022,https://www.nbcnews.com/science/science-news/cities-look-trees-combat-heat-islands-growth-slow-rcna25327,starter
Highlights and analysis: Trump commits to 'orderly transition' after mob storms Capitol,NBC,2021-01-06,2021,https://www.nbcnews.com/politics/congress/blog/electoral-college-certification-updates-n1252864/ncrd1253052#blogHeader,starter
Jussie Smollett trial: 'Empire' actor says 'there was no hoax',NBC,2021-12-06,2021,https://www.nbcnews.com/news/us-news/jussie-smollett-testifies-criminal-trial-rcna7710,starter
House impeaches Trump for second time; Senate must now weigh conviction,NBC,2021-01-13,2021,https://www.nbcnews.com/politics/congress/house-poised-impeach-trump-second-time-incitement-insurrection-n1254051,starter
FEMA acknowledges Puerto Rico lacks rebuilt homes and a hospital to survive COVID-19,NBC,2020-07-24,2020,https://www.nbcnews.com/news/latino/fema-acknowledges-puerto-rico-lacks-rebuilt-homes-hospital-survive-covid-n1234810,starter
"The 13 Best Vacuums of 2026, According to Experts | NBC Select",NBC,2020-09-04,2020,https://www.nbcnews.com/select/shopping/best-vacuum-cleaners-expert-shopping-ncna1239303,starter
Heat waves overlap as warming climate makes extreme temperatures more likely,NBC,2022-07-19,2022,https://www.nbcnews.com/science/environment/heat-waves-overlap-warming-climate-makes-extreme-temperatures-likely-rcna38866,starter
NBA player Karl-Anthony Towns on losing 8 relatives from Covid-19,NBC,2021-10-20,2021,https://www.nbcnews.com/news/nbcblk/nba-player-karl-anthony-towns-losing-8-relatives-covid-19-rcna3398,starter
Georgia shatters turnout record for first day of early voting,NBC,2020-10-13,2020,https://www.nbcnews.com/politics/2020-election/georgia-shatters-turnout-record-first-day-early-voting-n1243212,starter
Epstein victim drops her lawsuit against lawyer Alan Dershowitz,NBC,2022-11-08,2022,https://www.nbcnews.com/news/epstein-victim-drops-lawsuit-lawyer-alan-dershowitz-rcna56250,starter
Israeli Supreme Court proposes compromise on controversial east Jerusalem evictions,NBC,2021-08-02,2021,https://www.nbcnews.com/news/world/israeli-supreme-court-set-rule-controversial-east-jerusalem-evictions-n1275664,starter
The 5 Best Portable Washing Machines in 2026,NBC,2021-04-07,2021,https://www.nbcnews.com/select/shopping/best-portable-washing-machines-ncna1263346,starter
"Wisconsin primary on for Tuesday, Supreme Court rules",NBC,2020-04-06,2020,https://www.nbcnews.com/politics/2020-election/wisconsin-supreme-court-overrules-governor-says-election-should-proceed-tuesday-n1177961,starter
New videos show assault on Capitol Police Officer Brian Sicknick,NBC,2021-04-29,2021,https://www.nbcnews.com/news/us-news/new-videos-show-alleged-assault-capitol-police-officer-brian-sicknick-n1265876,starter
"Judge Esther Salas lauds law named for son, killed by man targeting her",NBC,2022-12-20,2022,https://www.nbcnews.com/news/latino/judge-esther-salas-law-son-killed-gunman-target-rcna62637,starter
Are protests 'the beginning of the end' for Cuba's communist government?,NBC,2021-07-22,2021,https://www.nbcnews.com/news/latino/are-protests-beginning-end-cubas-communist-government-rcna1460,starter
Trump suggests 'injection' of disinfectant to beat coronavirus and 'clean' the lungs,NBC,2020-04-23,2020,https://www.nbcnews.com/politics/donald-trump/trump-suggests-injection-disinfectant-beat-coronavirus-clean-lungs-n1191216,starter
Department of Homeland Security shuts down disinformation board that drew fire from GOP,NBC,2022-08-25,2022,https://www.nbcnews.com/politics/national-security/department-homeland-security-shuts-disinformation-board-drew-fire-gop-rcna44757,starter
Country music is typically a white space. Mickey Guyton is ready to change it.,NBC,2020-07-25,2020,https://www.nbcnews.com/news/nbcblk/country-music-typically-white-space-mickey-guyton-ready-change-it-n1234821,starter
"Texas man 'lit the match' at Capitol, prosecutor tells jurors in first Jan. 6 trial",NBC,2022-03-02,2022,https://www.nbcnews.com/politics/justice-department/texas-man-lit-match-capitol-prosecutor-tells-jurors-first-jan-6-trial-rcna18189,starter
"Prosecutor to seek death penalty, hate crime charges in Atlanta-area spa shootings",NBC,2021-05-11,2021,https://www.nbcnews.com/news/us-news/prosecutor-seek-death-penalty-hate-crime-charges-atlanta-area-spa-n1267019,starter
'We simply can't cope': Fires erupt around London as U.K. records hottest day ever,NBC,2022-07-19,2022,https://www.nbcnews.com/news/europe/britain-hottest-day-on-record-hot-sunlight-heat-soaring-temperatures-rcna38840,starter
Court ends special master review of Trump's Mar-a-Lago records,NBC,2022-12-01,2022,https://www.nbcnews.com/politics/donald-trump/major-setback-trump-appeals-court-ends-special-masters-review-seized-m-rcna59714,starter
Michael Avenatti sentenced to 4 years in prison for stealing from Stormy Daniels,NBC,2022-06-02,2022,https://www.nbcnews.com/news/us-news/michael-avenatti-sentenced-4-years-stealing-stormy-daniels-rcna31611,starter
"In India, Dalits still feel bottom of the caste ladder",NBC,2020-09-13,2020,https://www.nbcnews.com/news/world/india-dalits-still-feel-bottom-caste-ladder-n1239846,starter
Palestinian President Mahmoud Abbas threatens to cut security ties over U.S. Mideast plan,NBC,2020-02-01,2020,https://www.nbcnews.com/news/world/palestinian-president-mahmoud-abbas-threatens-cut-security-ties-over-u-n1128201,starter
"Progress, not peace: Breaking down the Trump-brokered deals between Israel, Arab states",NBC,2020-09-18,2020,https://www.nbcnews.com/news/world/progress-not-peace-breaking-down-trump-brokered-deals-between-israel-n1240298,starter
B'Tselem labels Israel an 'apartheid regime' for first time,NBC,2021-01-12,2021,https://www.nbcnews.com/news/world/b-tselem-labels-israel-apartheid-regime-first-time-n1253863,starter
Bahrain becomes second Arab nation to recognize Israel in less than a month,NBC,2020-09-11,2020,https://www.nbcnews.com/news/world/bahrain-becomes-second-arab-nation-recognize-israel-less-month-n1239894,starter
21 best last-minute Valentine’s Day gift ideas,NBC,2022-02-10,2022,https://www.nbcnews.com/select/shopping/last-minute-valentines-day-gifts-ncna1288868,starter
"The 12 best natural hair products, according to experts",NBC,2019-12-10,2019,https://www.nbcnews.com/news/nbcblk/best-natural-hair-products-cleansers-styling-treatments-n1097906,starter
"GameStop, Walmart restock PS5 and Xbox: How to buy one now",NBC,2021-01-21,2021,https://www.nbcnews.com/select/shopping/gamestop-restock-ps5-xbox-ncna1255174,starter
Israel braces for weekend violence after spate of shootings and eviction protests,NBC,2021-05-07,2021,https://www.nbcnews.com/news/world/israel-braces-weekend-violence-after-spate-shootings-eviction-protests-n1266697,starter
Stewart Rhodes says fellow Oath Keepers were 'stupid' to storm the Capitol on Jan. 6,NBC,2022-11-08,2022,https://www.nbcnews.com/politics/justice-department/stewart-rhodes-says-fellow-oath-keepers-stupid-storm-capitol-jan-6-rcna55760,starter
"45+ best Walmart Cyber Monday deals still available: Dyson, Sony and more",NBC,2022-11-27,2022,https://www.nbcnews.com/select/shopping/walmart-early-deals-cyber-monday-2022-ncna1301063,starter
FBI official was warned after Jan. 6 that some in the bureau were 'sympathetic' to the Capitol rioters,NBC,2022-10-14,2022,https://www.nbcnews.com/politics/justice-department/fbi-official-was-warned-jan-6-bureau-sympathetic-capitol-rioters-rcna52144,starter
"Drug overdose deaths drop in U.S. as other deaths of despair rise, report finds",NBC,2020-05-21,2020,https://www.nbcnews.com/health/mental-health/drug-overdose-deaths-drop-u-s-other-deaths-despair-rise-n1211376,starter
"Puerto Ricans displaced by earthquakes wait for a safe home amid roadblocks, delays",NBC,2020-01-28,2020,https://www.nbcnews.com/news/latino/puerto-ricans-displaced-earthquakes-wait-safe-home-amid-roadblocks-delays-n1120941,starter
11 highly rated affordable air fryers,NBC,2021-04-16,2021,https://www.nbcnews.com/select/shopping/best-affordable-air-fryer-ncna1264288,starter
"The best KN95 masks for kids, according to experts",NBC,2021-07-29,2021,https://www.nbcnews.com/select/shopping/best-kids-kn95-masks-ncna1275419,starter
Sneakers generated $70B last year. Black retailers saw little of that.,NBC,2021-10-23,2021,https://www.nbcnews.com/news/nbcblk/sneakers-generated-70b-last-year-black-retailers-saw-little-rcna3546,starter
27 best gifts for music lovers and musicians in 2023,NBC,2022-10-25,2022,https://www.nbcnews.com/select/shopping/best-gifts-music-lovers-ncna1300145,starter
Israeli troops raid Lions' Den hideout in Nablus; 5 Palestinians killed,NBC,2022-10-25,2022,https://www.nbcnews.com/news/world/israeli-troops-raid-lions-den-nablus-palestinians-killed-rcna53841,starter
The FBI hasn’t arrested hundreds who joined the Capitol mob on Jan. 6. Just ask this MAGA comedian.,NBC,2022-07-16,2022,https://www.nbcnews.com/politics/justice-department/fbi-hasnt-arrested-hundreds-joined-capitol-mob-jan-6-just-ask-maga-com-rcna30509,starter
He shot at 'everyone he saw': Atlanta spa workers recount horrors of shooting,NBC,2021-04-02,2021,https://www.nbcnews.com/news/asian-america/he-shot-everyone-he-saw-atlanta-spa-workers-recount-horrors-n1262928,starter
30 best gifts for sisters that she'll love in 2023,NBC,2022-10-19,2022,https://www.nbcnews.com/select/shopping/best-gifts-ideas-sisters-ncna1299952,starter
"Mahsa Amini did not die from blows to body, Iranian coroner says amid widespread protests",NBC,2022-10-07,2022,https://www.nbcnews.com/news/world/mahsa-amini-death-iran-morality-police-protests-coroner-report-rcna51169,starter
Biden administration to rejoin U.N. Human Rights Council in another reversal of Trump,NBC,2021-02-08,2021,https://www.nbcnews.com/politics/joe-biden/biden-administration-rejoin-u-n-human-rights-council-another-reversal-n1256997,starter
"Looming Mideast peace deal amounts to Netanyahu-Trump pact, experts say",NBC,2020-01-28,2020,https://www.nbcnews.com/news/world/looming-mideast-peace-deal-amounts-netanyahu-trump-pact-experts-say-n1124481,starter
Weary Israelis endure more Hamas rocket barrages,NBC,2021-05-15,2021,https://www.nbcnews.com/news/world/weary-israelis-endure-more-hamas-rocket-barrages-n1267371,starter
Human Rights Watch accuses Israel of apartheid over treatment of Palestinians,NBC,2021-04-27,2021,https://www.nbcnews.com/news/world/human-rights-watch-accuses-israel-apartheid-over-treatment-palestinians-n1265442,starter
11 best cooking gifts for home chefs this year,NBC,2021-11-17,2021,https://www.nbcnews.com/select/shopping/best-cooking-gifts-home-chefs-ncna1283939,starter
How Easyplant makes maintaining my indoor plants simple,NBC,2022-07-05,2022,https://www.nbcnews.com/select/shopping/easyplant-self-watering-pots-ncna1296816,starter
Doubts surface over Puerto Rican governor's motivation to fire housing secretary,NBC,2020-01-21,2020,https://www.nbcnews.com/news/latino/doubts-surface-over-puerto-rican-governor-s-motivation-fire-housing-n1119616,starter
Weeks of protests that have 'shaken' Iran since one woman's death show no sign of fading,NBC,2022-10-27,2022,https://www.nbcnews.com/news/world/iran-protests-mahsa-amini-death-clashes-ayatollah-ali-khamenei-rcna54251,starter
Big Tech’s big problem is also its ‘best-kept secret’: Caste discrimination,NBC,2022-06-23,2022,https://www.nbcnews.com/news/asian-america/big-techs-big-problem-also-best-kept-secret-caste-discrimination-rcna33692,starter
Stateside Puerto Ricans demand answers on unused hurricane aid to Puerto Rico,NBC,2020-03-10,2020,https://www.nbcnews.com/news/latino/stateside-puerto-ricans-demand-answers-unused-hurricane-aid-puerto-rico-n1154236,starter
A Trump employee told the FBI that the former president ordered staff to move boxes of documents at Mar-a-Lago,NBC,2022-10-13,2022,https://www.nbcnews.com/politics/donald-trump/trump-employee-told-fbi-former-president-ordered-staff-move-boxes-docu-rcna52019,starter
Trump supporter who called Capitol cops 'weasels' on Jan. 6 sentenced to prison,NBC,2022-08-12,2022,https://www.nbcnews.com/politics/justice-department/trump-supporter-called-capitol-cops-weasels-jan-6-sentenced-prison-rcna42865,starter
Pence: Idea of overturning election results is 'un-American',NBC,2021-06-25,2021,https://www.nbcnews.com/politics/politics-news/pence-idea-overturning-election-results-un-american-n1272334,starter
Jan. 6 panel adds last-minute hearing Tuesday afternoon,NBC,2022-06-27,2022,https://www.nbcnews.com/politics/congress/jan-6-panel-adds-last-minute-hearing-tuesday-afternoon-rcna35509,starter
15 best skincare products for acne-prone skin in 2026,NBC,2019-07-25,2019,https://www.nbcnews.com/select/shopping/what-are-best-skin-care-products-acne-prone-skin-look-ncna1032911,starter
Netanyahu government makes West Bank settlement expansion priority,NBC,2022-12-28,2022,https://www.nbcnews.com/news/world/netanyahu-government-settlements-expansion-west-bank-ben-gvir-rcna63302,starter
"Black men shift slightly toward Trump in record numbers, polls show",NBC,2020-11-04,2020,https://www.nbcnews.com/news/nbcblk/black-men-drifted-democrats-toward-trump-record-numbers-polls-show-n1246447,starter
"Bullet found near bodies of 2 Indiana teens in Delphi killings linked to suspect’s gun, officials say",NBC,2022-11-29,2022,https://www.nbcnews.com/news/us-news/bullet-found-bodies-2-indiana-teens-delphi-killings-linked-suspects-gu-rcna59235,starter
Far-right election denier Mastriano wins GOP race for governor in Pennsylvania,NBC,2022-05-18,2022,https://www.nbcnews.com/politics/2022-election/far-right-election-denier-mastriano-wins-gop-race-governor-pennsylvani-rcna29136,starter
"The 16 Best Hair Dryers of 2026, Tested and Reviewed | NBC Select",NBC,2020-10-16,2020,https://www.nbcnews.com/select/shopping/best-hair-dryers-blow-dryers-ncna1243766,starter
Microplastics found in fresh snow on Antarctica,NBC,2022-06-09,2022,https://www.nbcnews.com/science/environment/microplastics-found-fresh-snow-antarctica-rcna32862,starter
"Arrested after a fatal stabbing, a Utah man told police he brought a gun to Capitol riot",NBC,2022-02-19,2022,https://www.nbcnews.com/politics/politics-news/arrested-fatal-stabbing-utah-man-told-police-brought-gun-capitol-riot-rcna16351,starter
"'Batwoman' casts Black, bisexual actress Javicia Leslie to play superhero",NBC,2020-07-09,2020,https://www.nbcnews.com/feature/nbc-out/batwoman-casts-black-bisexual-actress-javicia-leslie-play-superhero-n1233318,starter
Pence heckled at conservative event with shouts of 'traitor',NBC,2021-06-18,2021,https://www.nbcnews.com/politics/politics-news/pence-heckled-conservative-event-shouts-traitor-n1271332,starter
Ex-cop who stormed the Capitol on Jan. 6 sentenced to record-tying 7 years in prison,NBC,2022-08-11,2022,https://www.nbcnews.com/politics/justice-department/virginia-cop-thomas-robertson-jan-6-sentenced-7-years-prison-rcna42559,starter
Kanye West implies he plans to vote for Donald Trump in 2020,NBC,2020-04-16,2020,https://www.nbcnews.com/news/us-news/kanye-west-implies-he-plans-vote-donald-trump-2020-n1185346,starter
Palestinian civilians trapped in Gaza amid intensifying Israeli bombing,NBC,2021-05-14,2021,https://www.nbcnews.com/news/world/palestinian-civilians-trapped-gaza-amid-intensifying-israeli-bombing-n1267335,starter
Hard-liner Raisi's 'engineered' Iran election win entrenches conservative rule,NBC,2021-06-21,2021,https://www.nbcnews.com/news/world/hard-liner-raisi-s-engineered-iran-election-win-entrenches-conservative-n1271616,starter
FBI failures before the Capitol siege avoided the Jan. 6 committee's scorn. Not for long.,NBC,2022-07-31,2022,https://www.nbcnews.com/politics/justice-department/fbi-failures-capitol-siege-avoided-jan-6-committees-scorn-not-long-rcna38615,starter
The U.S. could see a new 'extreme heat belt' by 2053,NBC,2022-08-15,2022,https://www.nbcnews.com/science/environment/us-see-new-extreme-heat-belt-2053-rcna42486,starter
"Wisconsin voters face long waits, lines amid coronavirus outbreak",NBC,2020-04-07,2020,https://www.nbcnews.com/politics/2020-election/wisconsin-set-vote-national-guard-called-out-many-polling-places-n1178206,starter
"Dog car safety products: Best carriers, crates and harnesses",NBC,2021-08-02,2021,https://www.nbcnews.com/select/shopping/safe-car-travel-dogs-ncna1275708,starter
Asian woman punched 125 times in New York attack; suspect charged with attempted murder as hate crime,NBC,2022-03-14,2022,https://www.nbcnews.com/news/asian-america/asian-woman-punched-125-new-york-attack-suspect-charged-attempted-murd-rcna19984,starter
14 Best Reusable Water Bottles of 2026 | NBC Select,NBC,2021-05-19,2021,https://www.nbcnews.com/select/shopping/best-reusable-water-bottles-ncna1267802,starter
"Echoing DeSantis, Florida's new surgeon general argues against Covid vaccines, mandates",NBC,2021-10-21,2021,https://www.nbcnews.com/politics/politics-news/echoing-desantis-florida-s-new-surgeon-general-argues-against-covid-n1282082,starter
Italy drought reveals WWII bomb in waters of River Po,NBC,2022-08-08,2022,https://www.nbcnews.com/news/world/italy-drought-ww2-bomb-water-river-po-rcna41965,starter
Death of Russian oil exec highlights suspicious ends met by those who crossed the Kremlin,NBC,2022-09-02,2022,https://www.nbcnews.com/news/world/russia-vladimir-putin-kremlin-lukoil-maganov-death-navalny-skripal-rcna46030,starter
Illinois governor's race shapes up as test of post-Roe abortion politics,NBC,2022-06-28,2022,https://www.nbcnews.com/politics/2022-election/illinois-new-york-primaries-test-post-roe-abortion-politics-rcna35570,starter
"Best Rosacea Products for Redness Relief, According to Dermatologists",NBC,2022-10-17,2022,https://www.nbcnews.com/select/shopping/best-skin-care-products-rosacea-ncna1299897,starter
Florida Senate passes GOP bill that would create police force for election crimes,NBC,2022-03-05,2022,https://www.nbcnews.com/politics/elections/florida-senate-passes-gop-bill-would-create-police-force-election-n1290951,starter
21 best personalized Father's Day gifts for dad in 2022,NBC,2021-06-08,2021,https://www.nbcnews.com/select/shopping/personalized-fathers-day-gifts-ncna1269952,starter
11 best weighted blankets and weighted comforters of the year,NBC,2020-04-29,2020,https://www.nbcnews.com/select/shopping/best-weighted-comforters-weighted-blankets-ncna1193596,starter
Working remote? These last-minute tech accessories might help,NBC,2020-03-17,2020,https://www.nbcnews.com/select/shopping/best-remote-work-home-tech-screens-ncna1161791,starter
The Best Solar Pool Covers of 2026,NBC,2021-09-24,2021,https://www.nbcnews.com/select/shopping/solar-pool-covers-top-rated-ncna1280026,starter
Portable chargers and power banks worth considering in 2022,NBC,2022-03-10,2022,https://www.nbcnews.com/select/shopping/best-portable-chargers-ncna1291495#anchor-Howmuchcanyouchargewithaportablecharger,starter
Netanyahu signs coalition deal with Israeli far-right,NBC,2022-11-25,2022,https://www.nbcnews.com/news/world/israel-netanyahu-likud-far-right-colaition-ben-gvir-jewish-power-rcna58724,starter
"Trump Mar-a-Lago search warrant, property receipt show agents found trove of classified docs",NBC,2022-08-12,2022,https://www.nbcnews.com/politics/donald-trump/trump-mar-lago-search-warrant-property-receipt-show-agents-found-trove-rcna42793,starter
Oath Keepers Jan. 6 seditious conspiracy trial: jury begins deliberating verdict,NBC,2022-11-21,2022,https://www.nbcnews.com/politics/justice-department/oath-keepers-jan-6-seditious-conspiracy-trial-jury-begins-deliberating-rcna58070,starter
D.C. police officer’s suicide after Jan. 6 riot declared line-of-duty death,NBC,2022-03-10,2022,https://www.nbcnews.com/politics/politics-news/dc-police-officer-died-suicide-jan-6-riot-declared-line-duty-death-rcna19433,starter
FBI releases declassified document into Saudi 9/11 links after Biden order,NBC,2021-09-12,2021,https://www.nbcnews.com/news/us-news/fbi-releases-declassified-document-saudi-9-11-links-after-biden-n1278997,starter
"How to Get Rid of Fleas, According to Veterinarians | NBC Select",NBC,2021-04-01,2021,https://www.nbcnews.com/select/shopping/how-get-rid-fleas-ncna1262654,starter
Amazon launches new Kindle Paperwhite e-readers: What you should know,NBC,2021-09-22,2021,https://www.nbcnews.com/select/shopping/kindle-paperwhite-update-signature-kids-ncna1279865,starter
How billions in pandemic aid was swindled by con artists and crime syndicates,NBC,2021-02-13,2021,https://www.nbcnews.com/news/us-news/how-billions-pandemic-aid-was-swindled-con-artists-crime-syndicates-n1257766,starter
12 Best Eco-Friendly Laundry Detergents | NBC Select,NBC,2022-09-13,2022,https://www.nbcnews.com/select/shopping/best-eco-friendly-laundry-detergents-ncna1298853,starter
How to store fruits and vegetables: Produce storage ideas,NBC,2022-08-17,2022,https://www.nbcnews.com/select/shopping/best-fruit-vegetable-storage-ncna1298005,starter
157+ best Cyber Monday deals still live: Shop before they're gone,NBC,2022-11-28,2022,https://www.nbcnews.com/select/shopping/best-cyber-monday-deals-2022-ncna1301406,starter
"Months after Ahmaud Arbery's death, Georgia governor plans to sign hate crimes bill",NBC,2020-06-24,2020,https://www.nbcnews.com/news/us-news/months-after-ahmaud-arbery-death-georgia-governor-plans-sign-hate-n1232049,starter
UK heatwave risks hottest day ever as wildfires rage across Europe,NBC,2022-07-18,2022,https://www.nbcnews.com/news/world/britain-emergency-heatwave-hot-wildfires-europe-france-spain-portugal-rcna38647,starter
"Guy Reffitt, first Jan. 6 rioter to go to trial, found guilty on all counts",NBC,2022-03-08,2022,https://www.nbcnews.com/politics/justice-department/guy-reffitt-first-jan-6-rioter-go-trial-found-guilty-counts-rcna19041,starter
The 44 best gifts for teen girls in 2023,NBC,2022-10-20,2022,https://www.nbcnews.com/select/shopping/best-teen-girl-gift-ideas-ncna1300001,starter
"Apple AirTag: Price, features, specs and what you need to know",NBC,2021-04-23,2021,https://www.nbcnews.com/select/shopping/apple-airtag-price-features-ncna1264938,starter
Netanyahu seals dramatic comeback as he is sworn in as Israel prime minister,NBC,2022-12-29,2022,https://www.nbcnews.com/news/world/benjamin-netanyahu-israel-prime-minister-sworn-in-right-wing-rcna63616,starter
Israel and Hamas trade attacks after Biden expresses support for cease-fire,NBC,2021-05-18,2021,https://www.nbcnews.com/news/world/israel-hits-gaza-new-airstrikes-despite-biden-joining-ceasefire-calls-n1267725,starter
25+ best Cyber Monday 2022 kitchen and home deals to shop now,NBC,2022-11-28,2022,https://www.nbcnews.com/select/shopping/black-friday-2022-home-kitchen-deals-ncna1301100,starter
Trump's second impeachment trial is underway and the verdict is already in,NBC,2021-02-10,2021,https://www.nbcnews.com/politics/meet-the-press/trump-s-second-impeachment-trial-underway-verdict-already-n1257254,starter
The Amazon Echo Show 15 available for preorder: What to know,NBC,2021-11-18,2021,https://www.nbcnews.com/select/shopping/amazon-echo-show-15-preorder-ncna1284126,starter
Trump pushes false claims about mail-in vote fraud. Here are the facts.,NBC,2020-04-10,2020,https://www.nbcnews.com/politics/donald-trump/trump-pushes-false-claims-about-mail-vote-fraud-here-are-n1180566,starter
Puerto Rico hit by a 5.0 quake amid ongoing seismic activity,NBC,2020-01-25,2020,https://www.nbcnews.com/news/latino/puerto-rico-hit-5-0-quake-amid-ongoing-seismic-activity-n1123146,starter
Best smart home devices for 2020,NBC,2019-12-20,2019,https://www.nbcnews.com/select/shopping/best-smart-home-ready-devices-thermostats-lights-smart-plugs-ncna1102186,starter
DOJ seeks longer sentence for Capitol rioter they labeled as a domestic terrorist,NBC,2022-07-16,2022,https://www.nbcnews.com/politics/justice-department/doj-seeks-longer-sentence-capitol-rioter-labeled-domestic-terrorist-rcna38557,starter
"15 best grilling accessories, according to food experts",NBC,2020-08-14,2020,https://www.nbcnews.com/select/shopping/best-grill-grilling-accessories-ncna1236602,starter
"'Sad, worried, inconsolable': Earthquakes trigger anxiety in Puerto Rico, post-Hurricane Maria",NBC,2020-01-08,2020,https://www.nbcnews.com/news/latino/sad-worried-inconsolable-earthquake-triggers-anxiety-puerto-rico-post-hurricane-n1112441,starter
"9/11 group blasts Trump for hosting Saudi-backed golf league tournament, seeks meeting",NBC,2022-07-18,2022,https://www.nbcnews.com/politics/politics-news/911-group-blasts-trump-hosting-saudi-backed-golf-league-tournament-see-rcna38691,starter
Trump's Mideast peace plan comes under surprise attack from Israeli settlers,NBC,2020-06-04,2020,https://www.nbcnews.com/news/world/trump-s-mideast-peace-plan-comes-under-surprise-attack-israeli-n1224686,starter
Roomba robot vacuums: Everything you need to know,NBC,2020-10-08,2020,https://www.nbcnews.com/select/shopping/best-roomba-robot-vacuum-ncna1242643,starter
11 eco-friendly mattresses to shop in 2022,NBC,2020-05-08,2020,https://www.nbcnews.com/select/shopping/best-eco-friendly-mattress-ncna1193591,starter
Israel sets goal of doubling number of Jewish settlers on Golan Heights,NBC,2021-12-27,2021,https://www.nbcnews.com/news/world/israel-sets-goal-doubling-number-jewish-settlers-golan-heights-rcna10029,starter
'I was slipping in people's blood': Police officer describes battling rioters after Capitol became a 'war scene',NBC,2022-06-10,2022,https://www.nbcnews.com/politics/donald-trump/-was-slipping-peoples-blood-police-officer-describes-battling-rioters-rcna32903,starter
Bose launches QuietComfort II earbuds with better fit and noise cancellation,NBC,2022-09-07,2022,https://www.nbcnews.com/select/shopping/bose-quietcomfort-ii-headphones-launch-ncna1298716,starter
Israel's Netanyahu misses deadline to form a new government,NBC,2021-05-05,2021,https://www.nbcnews.com/news/world/israel-s-netanyahu-misses-deadline-form-new-government-n1266353,starter
"Victims in Atlanta-area spa shootings include recently married mother, Army veteran",NBC,2021-03-18,2021,https://www.nbcnews.com/news/us-news/victims-atlanta-area-spa-shootings-include-recently-married-mother-army-n1261430,starter
BTS star Jin begins military service in South Korea,NBC,2022-12-13,2022,https://www.nbcnews.com/news/world/bts-star-jin-begins-military-service-south-korea-rcna61406,starter
How to find the best soft mattress for great sleep in 2022,NBC,2022-01-13,2022,https://www.nbcnews.com/select/shopping/how-find-best-soft-mattress-ncna1287409,starter
"Drag Queen Story Hour disrupted by men shouting slurs, authorities say",NBC,2022-06-13,2022,https://www.nbcnews.com/news/us-news/drag-queen-story-hour-disrupted-men-shouting-slurs-authorities-say-rcna33184,starter
The 25 best Mother's Day kitchen gifts of 2023,NBC,2022-04-26,2022,https://www.nbcnews.com/select/shopping/kitchen-cooking-gifts-mom-ncna1294776,starter
It's hard to flee from your domestic abuser during a coronavirus lockdown,NBC,2020-05-17,2020,https://www.nbcnews.com/health/health-care/it-s-hard-flee-your-domestic-abuser-during-coronavirus-lockdown-n1205641,starter
Saudi dissidents 'betrayed' by Biden trip as he defends his planned visit,NBC,2022-07-15,2022,https://www.nbcnews.com/news/world/saudi-dissidents-betrayed-biden-trip-defends-planned-visit-rcna37717,starter
Dozens of Palestinians wounded in confrontations with police at sacred site in Israel,NBC,2021-05-08,2021,https://www.nbcnews.com/news/world/dozens-palestinians-wounded-confrontations-police-sacred-site-israel-n1266739,starter
January 6 hearing: Capitol riot inquiry invokes emotional police testimony,NBC,2021-07-27,2021,https://www.nbcnews.com/politics/donald-trump/live-blog/capitol-riot-january-6-committee-hearing-n1275078,starter
Israeli elections: Trump no longer the centerpiece of Netanyahu's bid for power,NBC,2021-03-22,2021,https://www.nbcnews.com/news/world/israeli-elections-trump-no-longer-centerpiece-netanyahu-s-bid-power-n1261605,starter
"Best (comfortable) eco-friendly shoes, according to experts",NBC,2020-04-23,2020,https://www.nbcnews.com/select/shopping/best-eco-friendly-shoes-sustainable-ncna1190646,starter
Jan. 6 hearings live updates: Watch live as the committee's focus turns to Trumpâs pressure on Pence,NBC,2022-06-16,2022,https://www.nbcnews.com/politics/congress/live-blog/january-6-hearings-day-three-live-updates-rcna32981/rcrd2840?canonicalCard=true,starter
How 'sex addiction' has historically been used to absolve white men,NBC,2021-03-20,2021,https://www.nbcnews.com/news/asian-america/how-sex-addiction-has-historically-been-used-absolve-white-men-n1261623,starter
"Israel-Hamas truce greeted with relief, skepticism — and celebration in Gaza",NBC,2021-05-21,2021,https://www.nbcnews.com/news/world/israel-hamas-truce-greeted-relief-skepticism-celebration-gaza-n1268109,starter
"Indiana man, 50, arrested on murder charges in 2017 killings of 2 teenage girls",NBC,2022-10-31,2022,https://www.nbcnews.com/news/us-news/indiana-police-make-announcement-unsolved-2017-delphi-murders-2-teenag-rcna54767,starter
"Israel steps up Gaza bombardment, Palestinians flee as fears of invasion grow",NBC,2021-05-14,2021,https://www.nbcnews.com/news/world/israeli-steps-gaza-bombardment-palestinians-flee-fears-ground-invasion-grow-n1267334,starter
How Catherine Cortez Masto clinched the Nevada seat — and the Senate,NBC,2022-11-13,2022,https://www.nbcnews.com/politics/2022-election/catherine-cortez-masto-clinched-nevada-seat-senate-rcna56964,starter
"Israeli strikes in Gaza may be war crimes, U.N. rights chief says",NBC,2021-05-27,2021,https://www.nbcnews.com/news/world/israeli-strikes-gaza-may-be-war-crimes-u-n-rights-n1268720,starter
"Israel, Arab states sign Trump-brokered deals in White House ceremony",NBC,2020-09-15,2020,https://www.nbcnews.com/news/world/israel-arab-states-set-sign-trump-brokered-deals-white-house-n1240105,starter
11 best cooling mattresses and more for hot sleepers,NBC,2020-06-25,2020,https://www.nbcnews.com/select/shopping/best-cooling-mattresses-sheets-pillows-ncna1231895,starter
"Stun guns, 'stinger whips' and a crossbow: What police found on the Capitol protesters",NBC,2021-01-13,2021,https://www.nbcnews.com/news/us-news/stun-guns-stinger-whips-crossbow-what-police-found-capitol-protesters-n1254127,starter
'President Trump is wrong': Pence rejects claim he could have 'overturned the election',NBC,2022-02-04,2022,https://www.nbcnews.com/politics/donald-trump/president-trump-wrong-mike-pence-rejects-claim-overturned-election-rcna14952,starter
17 Best Hyaluronic Acid Serums and Creams for Hydrated Skin 2026,NBC,2022-03-01,2022,https://www.nbcnews.com/select/shopping/best-hyaluronic-acid-serums-creams-ncna1290282,starter
Anti-LGBTQ movement resurfaces old tropes and language,NBC,2022-04-12,2022,https://www.nbcnews.com/nbc-out/out-politics-and-policy/groomer-pedophile-old-tropes-find-new-life-anti-lgbtq-movement-rcna23931,starter
How to choose pots for indoor plants this year,NBC,2021-08-06,2021,https://www.nbcnews.com/select/shopping/best-pots-indoor-plants-ncna1276079,starter
New probe confirms Trump officials blocked Puerto Rico from receiving hurricane aid,NBC,2021-04-22,2021,https://www.nbcnews.com/news/latino/new-probe-confirms-trump-officials-blocked-puerto-rico-receiving-hurri-rcna749,starter
"No sign of Israel, Gaza violence abating amid calls for end to bloodshed",NBC,2021-05-17,2021,https://www.nbcnews.com/news/world/no-sign-israel-gaza-violence-abating-amid-calls-end-bloodshed-n1267548,starter
41 Best Gifts Under $25 This Holiday Season | NBC Select,NBC,2022-10-19,2022,https://www.nbcnews.com/select/shopping/best-gifts-under-25-ncna1299948,starter
Former President Trump launches 2024 presidential campaign,NBC,2022-11-15,2022,https://www.nbcnews.com/politics/donald-trump/trump-announce-president-2024-rcna36987,starter
"Netanyahu may be on course for a dramatic comeback, Israeli exit polls suggest",NBC,2022-11-01,2022,https://www.nbcnews.com/news/world/netanyahu-comeback-israel-election-far-right-jewish-power-rcna54788,starter
BTS K-Pop stars to do military service in South Korea,NBC,2022-10-17,2022,https://www.nbcnews.com/news/world/bts-k-pop-stars-military-service-south-korea-rcna52497,starter
Jewish settlers storm town and pepper spray Israeli soldiers in West Bank,NBC,2022-10-20,2022,https://www.nbcnews.com/news/world/israel-palestinians-jewish-settlers-storrm-town-pepper-spray-soldiers-rcna53240,starter
"Gaza truce takes hold after Israel, Hamas reach cease-fire to halt conflict",NBC,2021-05-20,2021,https://www.nbcnews.com/news/world/israel-hamas-reach-cease-fire-halt-gaza-conflict-n1268004,starter
'Their inaction cost lives': U.S. Capitol Police union rebukes leadership,NBC,2021-01-27,2021,https://www.nbcnews.com/news/us-news/their-inaction-cost-lives-u-s-capitol-police-union-rebukes-n1255882,starter
24 sustainable and eco-friendly gift ideas for any occasion,NBC,2021-11-22,2021,https://www.nbcnews.com/select/shopping/sustainable-eco-friendly-gift-ideas-ncna1284134,starter
How to stay focused when you're working from home,NBC,2020-03-20,2020,https://www.nbcnews.com/select/shopping/best-tech-devices-focus-ncna1164246,starter
Pelosi said in new Jan. 6 video she wanted to 'punch' Trump out,NBC,2022-10-14,2022,https://www.nbcnews.com/politics/congress/pelosi-said-new-jan-6-video-wanted-punch-trump-rcna52247,starter
"House passes $1.7 trillion spending bill that rewrites U.S. election law, sending it to Biden to sign",NBC,2022-12-23,2022,https://www.nbcnews.com/politics/congress/house-passes-17-trillion-spending-bill-rewrites-us-election-law-sendin-rcna62608,starter
Full list of Trump's last-minute pardons and commuted sentences,NBC,2021-01-20,2021,https://www.nbcnews.com/politics/donald-trump/full-list-trump-s-last-minute-pardons-commuted-sentences-n1254806,starter
Quake-stunned Puerto Rico hit by another 5.9-magnitude shock,NBC,2020-01-11,2020,https://www.nbcnews.com/news/latino/quake-stunned-puerto-rico-hit-another-6-0-magnitude-temblor-n1114021,starter
"Extreme heat in cities a growing problem as climate warms, study finds",NBC,2021-10-20,2021,https://www.nbcnews.com/science/environment/extreme-heat-cities-growing-problem-climate-warms-study-finds-rcna3379,starter
"Israel, United Arab Emirates agree to full normalization of relations",NBC,2020-08-13,2020,https://www.nbcnews.com/news/world/israel-united-arab-emirates-agree-full-normalization-relations-n1236606,starter
Israel annexing the West Bank isn't the disaster for peace everyone says it is,NBC,2020-07-01,2020,https://www.nbcnews.com/think/opinion/israel-s-annexing-west-bank-isn-t-disaster-peace-everyone-ncna1232615,starter
Teen testifies about ‘surreal’ experience tipping off FBI about his dad before Jan. 6 riot,NBC,2022-03-04,2022,https://www.nbcnews.com/politics/justice-department/teen-testifies-surreal-experience-tipping-fbi-dad-jan-6-riot-rcna18526,starter
Muslims navigate restrictions in the second pandemic Ramadan,NBC,2021-04-13,2021,https://www.nbcnews.com/news/asian-america/muslims-navigate-restrictions-second-pandemic-ramadan-rcna671,starter
The 8 best smart sprinkler controller systems this year,NBC,2020-06-02,2020,https://www.nbcnews.com/select/shopping/best-smart-lawn-sprinkler-controller-systems-ncna1222056,starter
A hit song wins a Latin Grammy. One of its songwriters is in a Cuban prison.,NBC,2021-11-19,2021,https://www.nbcnews.com/news/latino/song-wins-latin-grammy-one-songwriters-cuban-prison-rcna6150,starter
How the abortion vote in Kansas may determine the future right in the state,NBC,2022-08-02,2022,https://www.nbcnews.com/politics/2022-election/abortion-vote-kansas-may-determine-future-right-state-rcna40550,starter
Trump's election fight includes over 50 lawsuits. It's not going well.,NBC,2020-11-23,2020,https://www.nbcnews.com/politics/2020-election/trump-s-election-fight-includes-over-30-lawsuits-it-s-n1248289,starter
Keep your CDC vaccine card safe with these Covid vaccination card holders,NBC,2021-08-31,2021,https://www.nbcnews.com/select/shopping/vaccine-card-holders-covid-ncna1278122,starter
"After acquitting Trump, McConnell slams him for a 'disgraceful dereliction of duty'",NBC,2021-02-13,2021,https://www.nbcnews.com/politics/donald-trump/after-acquitting-trump-mcconnell-slams-him-disgraceful-dereliction-duty-n1257900,starter
"Capitol rioter Guy Reffitt gets longest Jan. 6 sentence, but no terrorism enhancement",NBC,2022-08-01,2022,https://www.nbcnews.com/politics/justice-department/capitol-rioter-guy-reffitt-gets-longest-jan-6-sentence-no-terrorism-en-rcna40664,starter
"How to sanitize your phone and other tech, according to doctors",NBC,2020-01-22,2020,https://www.nbcnews.com/select/shopping/best-uv-c-ultraviolet-light-sanitizers-ncna1119301,starter
Elected official from Connecticut admits he entered Capitol during Jan. 6 attack,NBC,2022-10-29,2022,https://www.nbcnews.com/politics/politics-news/elected-official-connecticut-admits-entered-capitol-jan-6-attack-rcna54579,starter
"Once feared, illicit fentanyl is now a drug of choice for many opioid users",NBC,2022-08-07,2022,https://www.nbcnews.com/health/health-news/feared-illicit-fentanyl-now-drug-choice-many-opioids-users-rcna40418,starter
Hamas wins Palestinian hearts as Gaza conflict threatens broader shift,NBC,2021-06-28,2021,https://www.nbcnews.com/news/world/hamas-wins-palestinian-hearts-gaza-conflict-threatens-broader-shift-n1272330,starter
8 best comfortable work-from-home pants for men,NBC,2021-05-04,2021,https://www.nbcnews.com/select/shopping/best-work-home-pants-men-ncna1266296,starter
"President Joe Biden signs major climate, health care and tax bill into law",NBC,2022-08-16,2022,https://www.nbcnews.com/politics/joe-biden/biden-sign-major-climate-health-care-spending-bill-rcna43269,starter
"Inside Egypt's 3,000-year-old 'lost golden city'",NBC,2021-04-10,2021,https://www.nbcnews.com/news/world/inside-egypt-s-3-000-year-old-lost-golden-city-n1263585,starter
Why Jerusalem's ancient past is once again the battleground for its future,NBC,2020-01-11,2020,https://www.nbcnews.com/news/world/why-jerusalem-s-ancient-past-once-again-battleground-its-future-n1112861,starter
"19 best pet products for dogs and cats, according to pet owners",NBC,2022-08-31,2022,https://www.nbcnews.com/select/shopping/best-pet-products-reviews-ncna1298522,starter
"Schiff's powerful closing speech: 'Is there one among you who will say, Enough!'?",NBC,2020-02-03,2020,https://www.nbcnews.com/politics/trump-impeachment-inquiry/closing-argument-democrats-say-not-removing-trump-would-render-him-n1128766,starter
FCC looks to fine conservative activists $5 million for false mail voting robocalls,NBC,2021-08-24,2021,https://www.nbcnews.com/politics/elections/fcc-looks-fine-conservative-activists-5-million-false-mail-voting-n1277569,starter
"As Israel debates West Bank annexation, here's what two former peace envoys think",NBC,2020-06-19,2020,https://www.nbcnews.com/news/world/israel-debates-west-bank-annexation-here-s-what-two-former-n1231302,starter
Israel's Netanyahu makes comeback as Israeli PM Lapid concedes defeat,NBC,2022-11-03,2022,https://www.nbcnews.com/news/world/israel-netanyahu-bibi-makes-comeback-israeli-pm-lapid-concedes-defeat-rcna55331,starter
"McConnell calls out 'diminished' Trump, vows not to bow to his candidates in 2024",NBC,2022-12-23,2022,https://www.nbcnews.com/politics/congress/mcconnell-calls-diminished-trump-vows-not-bow-candidates-2024-rcna62870,starter
"Capitol Police Officer Brian Sicknick died of natural causes after riot, medical examiner says",NBC,2021-04-19,2021,https://www.nbcnews.com/politics/politics-news/capitol-police-officer-brian-sicknick-died-natural-causes-after-riot-n1264562,starter
"How to Get Rid of Chapped Lips, According to Dermatologists",NBC,2020-02-20,2020,https://www.nbcnews.com/select/shopping/best-chapped-lips-treatments-balms-ncna1138176,starter
Ex-NYPD officer who assaulted D.C. officer on Jan. 6 gets record 10-year sentence,NBC,2022-09-01,2022,https://www.nbcnews.com/politics/justice-department/ex-nypd-cop-assaulted-dc-officer-jan-6-gets-record-setting-sentence-rcna45338,starter
Zelenskyy's rise: From 'Dancing with the Stars' and 'Paddington 2' to facing down Putin,NBC,2022-05-12,2022,https://www.nbcnews.com/news/world/volodymyr-zelenskyy-become-global-phenomenon-rcna24355,starter
Why the Midea U is my favorite air conditioner yet,NBC,2022-05-13,2022,https://www.nbcnews.com/select/shopping/midea-u-air-conditioner-ncna1295404,starter
"'She was a big kid': Son of Hyun Jung Grant, killed in Atlanta shootings, recalls last moment they spent together",NBC,2021-03-19,2021,https://www.nbcnews.com/news/us-news/she-was-big-kid-son-hyun-jung-grant-killed-atlanta-n1261579,starter
The 2022 elections see the abortion script flipped in favor of Democrats,NBC,2022-09-28,2022,https://www.nbcnews.com/think/opinion/2022-elections-see-abortion-script-flipped-favor-democrats-rcna49807,starter
"Draft opinion indicates Supreme Court will overturn Roe v. Wade, Politico reports in extraordinary leak",NBC,2022-05-03,2022,https://www.nbcnews.com/politics/supreme-court/draft-supreme-court-opinion-indicates-roe-v-wade-will-overturned-polit-rcna27026,starter
Capitol Police Officer Eugene Goodman offers new Jan. 6 details at trial of QAnon believer,NBC,2022-09-21,2022,https://www.nbcnews.com/politics/justice-department/capitol-police-officer-eugene-goodman-offers-new-jan-6-details-trial-q-rcna48577,starter
'Psych' star Dulé Hill on Hollywood diversity and the legacy of 'The West Wing',NBC,2020-07-06,2020,https://www.nbcnews.com/pop-culture/celebrity/psych-star-dul-hill-hollywood-diversity-legacy-west-wing-n1232192,starter
Wave of protests in Iran reflects seething anger over how its regime treats women,NBC,2022-09-21,2022,https://www.nbcnews.com/news/world/wave-protests-iran-reflects-seething-anger-regime-treats-women-rcna48643,starter
Why Smartish's Wallet Slayer Vol. 1 iPhone case is worth the buy,NBC,2022-03-01,2022,https://www.nbcnews.com/select/shopping/smartish-wallet-slayer-vol-1-iphone-case-ncna1290394,starter
"Iran targeting U.S. state voter rolls and spreading election propaganda, officials say",NBC,2020-10-31,2020,https://www.nbcnews.com/politics/2020-election/iran-targeting-u-s-state-voter-rolls-spreading-election-propaganda-n1245577,starter
Netanyahu era ends in Israel as new government survives key parliament vote,NBC,2021-06-13,2021,https://www.nbcnews.com/news/mideast/netanyahu-era-ends-israel-new-government-survives-key-parliament-vote-n1055301,starter
"1 year after Atlanta-area spa shootings, Asian American community is still healing",NBC,2022-03-16,2022,https://www.nbcnews.com/news/asian-america/1-year-atlanta-area-spa-shootings-asian-american-community-still-heali-rcna20095,starter
"7 Best Turkish Towels of 2026, Recommended by Experts",NBC,2021-06-28,2021,https://www.nbcnews.com/select/shopping/best-turkish-beach-towels-ncna1272529,starter
"Josh Shapiro is declared the winner of the 2022 Pennsylvania Governor midterm election, defeating Doug Mastriano",NBC,2022-11-09,2022,https://www.nbcnews.com/politics/2022-election/josh-shapiro-declared-winner-2022-pennsylvania-governor-midterm-electi-rcna55169,starter
Federal judge appoints special master to review documents seized at Mar-a-Lago,NBC,2022-09-15,2022,https://www.nbcnews.com/politics/politics-news/federal-judge-appoints-special-master-review-documents-seized-mar-lago-rcna48013,starter
Outspoken critic of Palestinian Authority Nizar Banat dies after violent arrest,NBC,2021-06-24,2021,https://www.nbcnews.com/news/world/outspoken-critic-palestinian-authority-nizar-banat-dies-after-violent-arrest-n1272286,starter
"Man with gun, knife arrested near Justice Kavanaugh's house",NBC,2022-06-08,2022,https://www.nbcnews.com/politics/supreme-court/man-gun-arrested-justice-kavanaughs-residence-rcna32535,starter
How the Vitruvi essential oil diffuser helps me relax,NBC,2022-06-23,2022,https://www.nbcnews.com/select/shopping/vitruvi-essential-oil-diffuser-ncna1296532,starter
Pelosi appoints Republican Rep. Kinzinger to Jan. 6 committee,NBC,2021-07-25,2021,https://www.nbcnews.com/politics/congress/pelosi-plans-add-republican-rep-kinzinger-jan-6-committee-n1274955,starter
9 Best Gluten-Free Meal Delivery Services in 2026 | NBC Select,NBC,2022-04-21,2022,https://www.nbcnews.com/select/shopping/best-gluten-free-meal-kit-delivery-services-ncna1294644,starter
'Biggest fraud in a generation': The looting of the Covid relief program known as PPP,NBC,2022-03-28,2022,https://www.nbcnews.com/politics/justice-department/biggest-fraud-generation-looting-covid-relief-program-known-ppp-n1279664,starter
7 best products for 3B curly hair in 2020,NBC,2020-09-02,2020,https://www.nbcnews.com/select/shopping/best-products-3b-curls-hair-ncna1238899,starter
Too late for a Saudi rethink? Critics say oil cut was a predictable blow for Biden,NBC,2022-10-15,2022,https://www.nbcnews.com/news/world/saudi-arabia-opec-oil-production-joe-biden-mohammed-bin-salman-russia-rcna52039,starter
Maine’s Paul LePage is back — but has he changed?,NBC,2022-06-15,2022,https://www.nbcnews.com/politics/2022-election/maines-paul-lepage-back-changed-rcna33671,starter
Three fugitives convicted in $18 million Covid relief scam captured in Montenegro,NBC,2022-02-23,2022,https://www.nbcnews.com/investigations/three-fugitives-stole-18-million-covid-relief-loans-captured-montenegr-rcna17375,starter
Why the Gaiam Balance Disc is essential for my desk chair setup,NBC,2020-10-28,2020,https://www.nbcnews.com/select/shopping/gaiam-balance-disc-wobble-cushion-ncna1244965,starter
Atlanta shooting victim's husband says police detained him for hours,NBC,2021-03-22,2021,https://www.nbcnews.com/news/us-news/atlanta-shooting-victim-s-husband-says-police-detained-him-hours-n1261741,starter
DeSantis' election police charged 20 with voter fraud. Advocates say there's more to the story.,NBC,2022-09-03,2022,https://www.nbcnews.com/politics/desantis-election-police-charged-20-voter-fraud-advocates-say-story-rcna45895,starter
"Second officer from Capitol riot dies by suicide, police chief says",NBC,2021-01-28,2021,https://www.nbcnews.com/news/us-news/second-officer-capitol-riot-dies-suicide-police-chief-says-n1256003,starter
"Jan. 6 committee staffers told preliminary plan for final report would focus largely on Trump, not on law enforcement failures, sources say",NBC,2022-11-12,2022,https://www.nbcnews.com/politics/justice-department/jan-6-committee-staffers-told-preliminary-plan-final-report-focus-larg-rcna56802,starter
Playstation or Xbox: Which game console should you gift?,NBC,2020-10-28,2020,https://www.nbcnews.com/select/shopping/new-ps5-xbox-series-x-ncna1245059,starter
"Israel, Morocco agree to normalize relations in U.S.-brokered deal",NBC,2020-12-10,2020,https://www.nbcnews.com/news/world/israel-morocco-agree-normalize-relations-u-s-brokered-deal-n1250746,starter
Georgia Senate race heads to runoff as razor-thin contests make control of Congress too early to call,NBC,2022-11-09,2022,https://www.nbcnews.com/politics/2022-election/live-blog/midterm-elections-live-updates-rcna56065,starter
D.C. chiropractor who stormed Capitol arrested on Jan. 6 charges,NBC,2022-06-09,2022,https://www.nbcnews.com/politics/justice-department/dc-chiropractor-stormed-capitol-arrested-jan-6-charges-rcna32679,starter
Congress confirms Biden's win after pro-Trump mob's assault on Capitol,NBC,2021-01-06,2021,https://www.nbcnews.com/politics/2020-election/congress-begin-electoral-vote-count-amid-protests-inside-outside-capitol-n1253013,starter
European countries develop new ways to tackle domestic violence during coronavirus lockdowns,NBC,2020-04-03,2020,https://www.nbcnews.com/news/world/european-countries-develop-new-ways-tackle-domestic-violence-during-coronavirus-n1174301,starter
"In 9/11 speech, Bush pays tribute to 'America I know,' calls out domestic terrorism threat",NBC,2021-09-11,2021,https://www.nbcnews.com/news/us-news/9-11-speech-bush-pays-tribute-america-i-know-calls-n1278986,starter
Why has Cuba exploded in protests? It goes beyond the U.S. embargo and the pandemic,NBC,2021-07-13,2021,https://www.nbcnews.com/news/latino/cuba-exploded-protests-goes-us-embargo-pandemic-rcna1399,starter
8 Dermatologist-Recommended Shampoos That Clear Scalp Acne Fast,NBC,2021-07-23,2021,https://www.nbcnews.com/select/shopping/best-scalp-acne-shampoos-treatments-ncna1274741,starter
The 24 Best Black-Owned Coffee Brands to Shop,NBC,2022-03-02,2022,https://www.nbcnews.com/select/shopping/black-owned-coffee-brands-ncna1290420,starter
Bala: Everything to know about the best at home fitness gear,NBC,2021-05-12,2021,https://www.nbcnews.com/select/shopping/bala-weights-fitness-gear-ncna1267112,starter
"Lebanon's Hezbollah, allies lose majority in parliament after election",NBC,2022-05-17,2022,https://www.nbcnews.com/news/world/lebanons-hezbollah-allies-lose-majority-parliament-election-rcna28962,starter
Why 'I can't breathe' is resonating with environmental justice activists,NBC,2020-06-10,2020,https://www.nbcnews.com/science/environment/why-i-can-t-breathe-resonating-environmental-justice-activists-n1228561,starter
Israeli ground forces join attacks on Gaza as conflict intensifies,NBC,2021-05-13,2021,https://www.nbcnews.com/news/world/violence-erupts-israeli-streets-gaza-conflict-intensifies-n1267189,starter
Atlanta-area spa shooter to serve 4 life sentences in Cherokee County slayings,NBC,2021-07-27,2021,https://www.nbcnews.com/news/us-news/atlanta-area-spa-shootings-suspect-pleads-guilty-cherokee-county-charges-n1275139,starter
The Best Retinol and Retinoid Products for Acne | NBC Select,NBC,2020-10-23,2020,https://www.nbcnews.com/select/shopping/best-retinol-creams-serums-acne-wrinkles-ncna1244298,starter
Biden followed pro-Israel U.S. precedent. But new critics shake the status quo.,NBC,2021-05-14,2021,https://www.nbcnews.com/news/world/far-away-tense-jerusalem-squad-pressures-biden-israel-palestinian-conflict-n1267275,starter
"As deadly heat waves spread, access to air conditioning becomes a lifesaving question",NBC,2021-08-20,2021,https://www.nbcnews.com/news/us-news/deadly-heat-waves-spread-access-air-conditioning-becomes-lifesaving-question-n1277213,starter
8 best eco-friendly products of 2021: Staff picks and favorites,NBC,2021-04-19,2021,https://www.nbcnews.com/shopping/eco-friendly/favorite-eco-friendly-products-n1264537,starter
"Three Kings Day is big in these Latino households, despite Santa's pull",NBC,2020-01-06,2020,https://www.nbcnews.com/news/latino/three-kings-day-still-big-these-latino-households-despite-santa-n1110076,starter
DeSantis refuses to take sides in Trump-Pence clash as 2024 speculation grows,NBC,2022-02-07,2022,https://www.nbcnews.com/politics/politics-news/desantis-refuses-take-sides-trump-pence-clash-2024-speculation-grows-rcna15185,starter
How the Slip silk eye mask helps me fall asleep and stay asleep,NBC,2021-03-11,2021,https://www.nbcnews.com/select/shopping/slip-silk-sleep-mask-ncna1260550,starter
"9 Best Dog Dental Chews and Treats of 2026, According to Vets",NBC,2022-10-18,2022,https://www.nbcnews.com/select/shopping/best-dog-dental-chews-ncna1299919,starter
Trump's name will appear on coronavirus relief checks,NBC,2020-04-15,2020,https://www.nbcnews.com/politics/donald-trump/trump-s-name-will-appear-coronavirus-relief-checks-n1184026,starter
5 Best Facial Cleansing Brushes of 2026,NBC,2020-08-26,2020,https://www.nbcnews.com/select/shopping/best-facial-cleansing-brush-ncna1235250,starter
"Earthquake hits Puerto Rico, island jolted by 5.8 magnitude quake",NBC,2020-01-06,2020,https://www.nbcnews.com/news/us-news/earthquake-hits-puerto-rico-island-jolted-5-7-magnitude-quake-n1111046,starter
"Coronavirus isolation raises concerns for domestic violence survivors, experts say",NBC,2020-03-20,2020,https://www.nbcnews.com/news/us-news/coronavirus-isolation-raises-concerns-domestic-violence-survivors-experts-say-n1165316,starter
"RNC votes to censure Cheney, Kinzinger for investigating Capitol riot",NBC,2022-02-04,2022,https://www.nbcnews.com/politics/rnc-votes-censure-cheney-kinzinger-investigating-capitol-riot-rcna14943,starter
Large police presence in Cuban capital day after thousands protest,NBC,2021-07-12,2021,https://www.nbcnews.com/news/latino/cuban-president-defiant-blames-embargo-after-massive-protests-n1273716,starter
"Trump blasts Covid relief bill just passed by Congress, demands changes",NBC,2020-12-21,2020,https://www.nbcnews.com/politics/congress/congress-vote-second-covid-19-relief-package-n1251966,starter
How stage 4 kidney cancer diagnosis didn't stop this young woman from getting a great new job,NBC,2022-06-04,2022,https://www.nbcnews.com/health/health-news/stage-4-kidney-cancer-diagnosis-didnt-stop-young-woman-getting-great-n-rcna31523,starter
Four people plead guilty in North Carolina ballot probe of 2016 and 2018 elections,NBC,2022-09-27,2022,https://www.nbcnews.com/politics/elections/four-people-plead-guilty-north-carolina-ballot-probe-2016-2018-electio-rcna49534,starter
Women banned from universities in Afghanistan by the Taliban,NBC,2022-12-20,2022,https://www.nbcnews.com/news/world/women-banned-universities-afghanistan-taliban-rcna62612,starter
"Anti-Asian hate crimes increased 339 percent nationwide last year, report says",NBC,2022-01-31,2022,https://www.nbcnews.com/news/asian-america/anti-asian-hate-crimes-increased-339-percent-nationwide-last-year-repo-rcna14282,starter
"The most popular gifts this season, according to Google",NBC,2021-11-10,2021,https://www.nbcnews.com/select/shopping/google-shopping-holiday-100-2021-ncna1283647,starter
"Cuba's president, while blasting U.S. embargo, takes some blame amid protests",NBC,2021-07-15,2021,https://www.nbcnews.com/news/latino/cubas-president-blasting-us-embargo-takes-blame-protests-rcna1429,starter
Jan. 6 rioter who brought two guns to Capitol sentenced to five years in prison,NBC,2022-10-21,2022,https://www.nbcnews.com/politics/justice-department/jan-6-rioter-brought-two-guns-capitol-sentenced-five-years-prison-rcna53454,starter
"Climate change made U.K. heat wave hotter and more likely, study finds",NBC,2022-07-29,2022,https://www.nbcnews.com/news/world/climate-change-made-uk-heat-wave-hotter-likely-study-finds-rcna40680,starter
"Jan. 6 panel issues subpoenas to Trump's 'alternate electors,' former spokesman",NBC,2022-01-28,2022,https://www.nbcnews.com/politics/donald-trump/jan-6-committee-issues-subpoenas-trump-s-alternate-electors-n1288180,starter
Jan. 6 panel names the Republican lawmakers who sought pardons from Trump,NBC,2022-06-23,2022,https://www.nbcnews.com/politics/congress/jan-6-panel-names-republican-lawmakers-sought-pardons-trump-rcna35090,starter
Explainer: How did the latest Israeli-Palestinian crisis emerge?,NBC,2021-05-15,2021,https://www.nbcnews.com/news/world/explainer-how-did-latest-israeli-palestinian-crisis-emerge-n1267399,starter
"Capitol riot defendant planned to kill FBI agents who investigated him, unsealed filing alleges",NBC,2022-12-17,2022,https://www.nbcnews.com/politics/politics-news/capitol-riot-defendant-planned-kill-fbi-agents-investigated-unsealed-f-rcna62214,starter
"Most purchased cleaning, tech, fitness and kitchen products",NBC,2020-04-03,2020,https://www.nbcnews.com/select/shopping/most-purchased-uv-light-sanitizing-tech-products-march-ncna1176011,starter
"Best mouse 2020: 5 best mice for gaming, working and more",NBC,2020-12-10,2020,https://www.nbcnews.com/select/shopping/best-mouse-gaming-work-ncna1250426,starter
15 best last-minute Father's Day gifts for dad,NBC,2022-06-10,2022,https://www.nbcnews.com/select/shopping/last-minute-fathers-day-gifts-ncna1296209,starter
"Sultan Qaboos bin Said, who modernized Oman, dies at 79",NBC,2020-01-11,2020,https://www.nbcnews.com/news/world/sultan-qaboos-bin-said-who-modernized-oman-dies-79-n1113991,starter
Amazon's Cyber Monday sales continue: 40+ deals you can still shop,NBC,2022-11-29,2022,https://www.nbcnews.com/select/shopping/cyber-monday-2022-amazon-deals-ncna1301378,starter
McConnell says he would 'absolutely' support Trump as 2024 nominee,NBC,2021-02-26,2021,https://www.nbcnews.com/politics/politics-news/mcconnell-says-he-would-absolutely-support-trump-2024-nominee-n1258911,starter
"Trump fan who assaulted police with Trump flag, billboard on Jan. 6 gets over 3.5 years in prison",NBC,2022-08-26,2022,https://www.nbcnews.com/politics/justice-department/trump-fan-assaulted-capitol-cops-trump-flag-billboard-jan-6-gets-priso-rcna44988,starter
Transgender model Valentina Sampaio makes Sports Illustrated Swimsuit history,NBC,2020-07-10,2020,https://www.nbcnews.com/feature/nbc-out/transgender-model-valentina-sampaio-makes-sports-illustrated-swimsuit-history-n1233478,starter
What's an NFT? Behind the boom for digital collectibles,NBC,2021-03-16,2021,https://www.nbcnews.com/tech/tech-news/nft-boom-digital-collectibles-rcna430,starter
"In Harvard study of Jan. 6 rioters, top motivation is clear: Trump",NBC,2022-07-20,2022,https://www.nbcnews.com/politics/politics-news/harvard-study-jan-6-rioters-top-motivation-clear-trump-rcna38794,starter
Oath Keepers Stewart Rhodes and Kelly Meggs found guilty of seditious conspiracy in Jan. 6 case,NBC,2022-11-29,2022,https://www.nbcnews.com/politics/justice-department/oath-keepers-verdict-seditious-conspiracy-trial-rcna58415,starter
47+ best Cyber Monday tech deals in 2022,NBC,2022-11-27,2022,https://www.nbcnews.com/select/shopping/best-cyber-monday-tech-deals-2022-ncna1301401,starter
7 face washes for acne-prone skin,NBC,2021-06-07,2021,https://www.nbcnews.com/select/shopping/best-face-washes-acne-ncna1269588,starter
Press freedom chilled in Kashmir as reporting is ‘criminalized’,NBC,2022-06-26,2022,https://www.nbcnews.com/news/world/press-freedom-chilled-kashmir-reporting-criminalized-rcna35132,starter
"'Living through a war': In Cuba, a race to vaccinate as Covid surges",NBC,2021-08-10,2021,https://www.nbcnews.com/news/latino/living-war-cuba-race-vaccinate-covid-surges-rcna1635,starter
New twist in Covid relief fraud case: Third fraudster is on the run,NBC,2022-02-04,2022,https://www.nbcnews.com/investigations/new-twist-covid-relief-fraud-case-third-fraudster-run-rcna14827,starter
"'Clear the Capitol,' Pence pleaded, timeline of riot shows",NBC,2021-04-10,2021,https://www.nbcnews.com/politics/congress/clear-capitol-pence-pleaded-timeline-riot-shows-n1263729,starter
Stewart Rhodes wrote message to Trump after Jan. 6 calling on him to 'save the Republic' and arrest members of Congress,NBC,2022-11-02,2022,https://www.nbcnews.com/politics/justice-department/stewart-rhodes-wrote-message-trump-jan-6-calling-republic-arrest-membe-rcna55216,starter
Police see rise in domestic violence calls amid coronavirus lockdown,NBC,2020-04-05,2020,https://www.nbcnews.com/news/us-news/police-see-rise-domestic-violence-calls-amid-coronavirus-lockdown-n1176151,starter
Cuba says the U.S. embargo is 'genocidal.' What does it really do?,NBC,2021-08-22,2021,https://www.nbcnews.com/news/latino/cuba-says-us-embargo-genocidal-really-rcna1733,starter
Congress passes bill to provide security to Supreme Court justices’ family members,NBC,2022-06-14,2022,https://www.nbcnews.com/politics/congress/house-vote-senate-passed-bill-provide-security-supreme-court-justices-rcna33427,starter
‘You’re gonna die tonight’: Trump fan admits dragging cop down Capitol steps,NBC,2022-09-14,2022,https://www.nbcnews.com/politics/justice-department/re-gonna-die-tonight-trump-fan-admits-dragging-cop-capitol-steps-rcna47737,starter
"In Mideast trip, Biden to face calls for tougher action against Iran",NBC,2022-07-11,2022,https://www.nbcnews.com/politics/mideast-trip-biden-face-calls-tougher-action-iran-rcna36741,starter
"The best beard trimmers, according to experts",NBC,2020-04-15,2020,https://www.nbcnews.com/select/shopping/best-hair-beard-trimmer-men-ncna1184431,starter
Amazon Prime Membership: The Best Perks & How To Sign Up For Free,NBC,2021-06-04,2021,https://www.nbcnews.com/select/shopping/amazon-prime-benefits-cost-ncna1269672,starter
"Anti-Asian bias rose after media, officials used 'China virus,' report shows",NBC,2020-09-29,2020,https://www.nbcnews.com/news/asian-america/anti-asian-bias-rose-after-media-officials-used-china-virus-n1241364,starter
"The 9 best grill cleaners, according to experts",NBC,2022-05-10,2022,https://www.nbcnews.com/select/shopping/grill-cleaning-supplies-brushes-scrapers-ncna1295310,starter
Ohio Democrats see abortion restrictions as an opening against DeWine,NBC,2022-07-07,2022,https://www.nbcnews.com/politics/2022-election/ohio-democrats-see-abortion-restrictions-opening-dewine-rcna36629,starter
Florida school board candidates ride DeSantis endorsements to victory,NBC,2022-11-10,2022,https://www.nbcnews.com/politics/politics-news/desantis-florida-school-board-endorsements-election-rcna56423,starter
"GOP Sen. Lamar Alexander, a key impeachment swing vote, says he will vote against witnesses",NBC,2020-01-31,2020,https://www.nbcnews.com/politics/politics-news/gop-sen-lamar-alexander-key-impeachment-vote-reveal-decision-witnesses-n1127056,starter
"9 Best Sunscreens for Kids in 2026, According to Dermatologists",NBC,2019-06-22,2019,https://www.nbcnews.com/select/shopping/best-sunscreens-kids-according-dermatologists-ncna1019866,starter
2 Trump White House officials expected to testify at prime-time Jan. 6 hearing Thursday,NBC,2022-07-19,2022,https://www.nbcnews.com/politics/congress/two-trump-white-house-officials-expected-testify-prime-time-jan-6-hear-rcna38832,starter
201+ AAPI-Owned Brands to Support in 2026 and Beyond | NBC Select,NBC,2021-05-29,2021,https://www.nbcnews.com/select/shopping/aapi-owned-food-beverage-brands-ncna1305682,starter
"The best eco-friendly cleaning products, according to the EPA",NBC,2021-05-07,2021,https://www.nbcnews.com/select/shopping/eco-friendly-cleaning-products-ncna1266586,starter
'We don't deserve this': 10-year-old girl reflects on destruction in Gaza City,NBC,2021-05-18,2021,https://www.nbcnews.com/news/world/we-don-t-deserve-10-year-old-girl-reflects-destruction-n1267576,starter
37+ Best Self Care Gifts To Spoil Your Loved Ones | NBC Select,NBC,2022-10-28,2022,https://www.nbcnews.com/select/shopping/best-self-care-gifts-ncna1300240,starter
"In connecting Chinese adoptees to birth families, couple makes discovery about China's one-child policy",NBC,2020-03-30,2020,https://www.nbcnews.com/news/asian-america/connecting-chinese-adoptees-birth-families-couple-makes-discovery-about-china-n1172301,starter
Far-right Israeli lawmaker's visit sparks Jerusalem unrest before contentious flag march,NBC,2022-05-29,2022,https://www.nbcnews.com/news/world/visit-far-right-israeli-lawmaker-sparks-jerusalem-unrest-ahead-content-rcna31011,starter
"The Best Treatments for Acne Scars, According to Dermatologists | NBC Select",NBC,2021-07-17,2021,https://www.nbcnews.com/select/shopping/best-acne-scar-treatments-ncna1273575,starter
7 Best Vegetarian and Vegan Meal Delivery Services of 2026,NBC,2022-09-20,2022,https://www.nbcnews.com/select/shopping/best-vegetarian-vegan-meal-delivery-ncna1298934,starter
