headline,source,publish_date,year,url,source_split
Best Buy’s 2024 holiday sales: What to know,NBC,2024-09-18,2024,https://www.nbcnews.com/select/shopping/best-buy-holiday-sales-rcna171683,starter
Sailing away? Israeli leaders have discussed an Arafat-style exit for Hamas leader Yahya Sinwar,NBC,2024-02-07,2024,https://www.nbcnews.com/news/world/israeli-leaders-discussed-arafat-style-ship-exit-hamas-leader-rcna137295,starter
"Mark Meadows, Rudy Giuliani and Arizona 'fake electors' charged with state crimes",NBC,2024-04-24,2024,https://www.nbcnews.com/politics/2024-election/trumps-2020-fake-electors-charged-state-crimes-arizona-rcna149214,starter
Whoopi Goldberg rips cancel culture targeting Pepé Le Pew: 'I don't know why you've got to erase everything',FoxNews,2021-03-09,2021,https://www.foxnews.com/media/whoopi-goldberg-cancel-culture-pepe-le-pew,starter
Rural travel destinations where you can unplug and have fun this summer,FoxNews,2023-07-15,2023,https://www.foxnews.com/lifestyle/rural-travel-destinations-unplug-fun-summer,starter
"At DNC, my party is shining a hopeful spotlight on America. At RNC it was just on Trump",FoxNews,2024-08-21,2024,https://www.foxnews.com/opinion/dnc-party-shining-hopeful-spotlight-america-rnc-just-trump,starter
Elon Musk names ex-NBCUniversal ad chief Linda Yaccarino new Twitter CEO,NBC,2023-05-12,2023,https://www.nbcnews.com/tech/tech-news/nbcuniversal-ad-chief-leaves-twitter-rcna84128,starter
Critics accuse Buttigieg of 'playing politics' after comments linking turbulence to climate change,FoxNews,2024-05-30,2024,https://www.foxnews.com/politics/republican-buttigieg-playing-politics-comments-turbulence-climate-change,starter
"JD Vance roasts Harris on Wisconsin tarmac for avoiding press, calls Air Force 2 his 'future plane'",FoxNews,2024-08-07,2024,https://www.foxnews.com/politics/jd-vance-roasts-harris-wisconsin-tarmac-avoiding-press-calls-air-force-2-his-future-plane.print,starter
"Israel says top Hamas Rafah brigade ‘dismantled’ on Philadelphi Corridor, 2,000 terrorists killed",FoxNews,2024-09-13,2024,https://www.foxnews.com/world/israel-says-top-hamas-rafah-brigade-dismantled-philadelphi-corridor-2000-terrorists-killed,starter
How to clean and season a cast iron skillet,NBC,2024-09-24,2024,https://www.nbcnews.com/select/shopping/how-to-clean-cast-iron-skillet-rcna172345,starter
"Lil Nas X, Dolly Parton, Lena Waithe to appear at virtual GLAAD Media Awards",NBC,2020-07-10,2020,https://www.nbcnews.com/feature/nbc-out/lil-nas-x-dolly-parton-lena-waithe-appear-virtual-glaad-n1233424,starter
'Tough call': Atlanta voters split on who will win Georgia,FoxNews,2024-10-08,2024,https://www.foxnews.com/politics/tough-call-atlanta-voters-split-who-win-georgia.print,starter
Meet the American who inspired the nation in two world wars: Christian soldier Sgt. Alvin York,FoxNews,2022-11-11,2022,https://www.foxnews.com/lifestyle/meet-american-who-inspired-nation-two-world-wars-christian-soldier-sgt-alvin-york.print,starter
"Five more House Democrats call on Biden to drop out, third US senator",FoxNews,2024-07-19,2024,https://www.foxnews.com/politics/5-more-house-democrats-call-biden-drop-out#&_intcmp=fnhpbt5,starter
"Israel-Hamas war: ICJ stops short of ordering cease-fire, tells Israel to prevent acts of genocide in Gaza",NBC,2024-01-26,2024,https://www.nbcnews.com/news/live-blog/israel-hamas-war-live-updates-rcna135801,starter
Mike Johnson demands Biden 'immediately release' any withheld aid to Israel as Middle East tension grows,FoxNews,2024-08-06,2024,https://www.foxnews.com/politics/mike-johnson-demands-biden-immediately-release-any-withheld-aid-israel-middle-east-tension-grows.print,starter
This year's Democratic playbook features a lot of football,NBC,2024-09-05,2024,https://www.nbcnews.com/politics/2024-election/democratic-playbook-football-tim-walz-rcna168284,starter
Abortion rights amendments qualify for the ballot in Colorado and South Dakota,NBC,2024-05-17,2024,https://www.nbcnews.com/politics/2024-election/abortion-rights-ballot-measure-south-dakota-rcna152746,starter
"October reader favorites: Loofahs, spoons and more",NBC,2023-10-31,2023,https://www.nbcnews.com/select/shopping/october-bestsellers-cerave-oribe-ouai-ncna1300437,starter
The 11 best smart TVs,NBC,2019-11-28,2019,https://www.nbcnews.com/select/shopping/smart-tv-buying-guide-ncna1092911,starter
'Top Gun: Maverick' star Glen Powell addresses affair rumors with co-star Sydney Sweeney,FoxNews,2023-11-16,2023,https://www.foxnews.com/entertainment/top-gun-maverick-star-glen-powell-affair-rumors-co-star-sydney-sweeney,starter
DOJ charges Indian man in alleged assassination plot to kill Sikh activist in the U.S.,NBC,2023-11-29,2023,https://www.nbcnews.com/news/us-news/indian-man-charged-alleged-plot-kill-sikh-activist-nyc-rcna127212,starter
Texas Supreme Court rules against woman who sought abortion hours after she says she’ll travel out of state,NBC,2023-12-11,2023,https://www.nbcnews.com/news/us-news/texas-woman-sought-abortion-court-order-leave-state-rcna129087,starter
DeSantis debate memo urges him to defend Trump and attack Ramaswamy,NBC,2023-08-17,2023,https://www.nbcnews.com/politics/2024-election/desantis-debate-memo-urges-defend-trump-attack-ramaswamy-rcna100414,starter
"Indiana man, 50, arrested on murder charges in 2017 killings of 2 teenage girls",NBC,2022-10-31,2022,https://www.nbcnews.com/news/us-news/indiana-police-make-announcement-unsolved-2017-delphi-murders-2-teenag-rcna54767,starter
Ron DeSantis fires roughly a dozen staffers in campaign shake-up,NBC,2023-07-16,2023,https://www.nbcnews.com/politics/2024-election/ron-desantis-fires-roughly-dozen-staffers-campaign-shake-rcna94470,starter
Misinformation about Israel and Hamas is spreading on social media,NBC,2023-10-07,2023,https://www.nbcnews.com/news/world/misinformation-israel-hamas-spreading-social-media-rcna119345,starter
"Ex-Indian government agent plotted assassination on U.S. soil, DOJ says",NBC,2024-10-18,2024,https://www.nbcnews.com/news/world/india-government-agent-assassination-plot-sikh-nationalist-canada-rcna176048,starter
"The Doors' Jim Morrison had ‘a fascination with death’ before passing away at 27, bandmate Robby Krieger says",FoxNews,2021-10-12,2021,https://www.foxnews.com/entertainment/jim-morrison-the-doors-memoir-robby-krieger,starter
The Best Wide Toe Box Shoes of 2026 | NBC Select,NBC,2024-02-29,2024,https://www.nbcnews.com/select/shopping/best-wide-toe-box-shoes-rcna141116,starter
"Georgia school shooting investigators zero in on 14-year-old suspect’s internet history, past: expert",FoxNews,2024-09-05,2024,https://www.foxnews.com/us/georgia-school-shooting-investigators-zero-14-year-old-suspects-internet-history-past-expert,starter
"Picky eater in your family? Try using a different color of dishware, study suggests",FoxNews,2022-11-30,2022,https://www.foxnews.com/lifestyle/picky-eater-family-try-color-dishware-study,starter
"Perp walk: New Yorkers shout at suspect in fatal shooting of NYPD police officer, who now faces charges",FoxNews,2024-03-27,2024,https://www.foxnews.com/us/perp-walk-new-yorkers-shout-suspect-fatal-shooting-nypd-police-officer-now-faces-charges,starter
Judge blocks Texas AG from requiring info on transgender kids receiving gender transition treatment,FoxNews,2024-03-03,2024,https://www.foxnews.com/politics/judge-blocks-texas-ag-requiring-info-transgender-kids-receiving-gender-transition-treatment,starter
Biden vowed 'consequences' for Saudi Arabia after oil production cut. But the U.S. has no plans to follow through.,NBC,2022-12-03,2022,https://www.nbcnews.com/politics/biden-vowed-consequences-saudi-arabia-oil-production-cut-us-no-plans-f-rcna59799,starter
Who invented butter chicken? A court in India will decide,NBC,2024-06-02,2024,https://www.nbcnews.com/news/world/invented-butter-chicken-court-india-will-decide-rcna153870,starter
Three Harris DNC attack lines against Trump that were inaccurate or false,FoxNews,2024-08-23,2024,https://www.foxnews.com/politics/3-harris-dnc-attack-lines-against-trump-were-inaccurate-false,starter
Kamala Harris reassures Democratic Party donors that there's nothing to worry about,FoxNews,2024-07-20,2024,https://www.foxnews.com/politics/kamala-harris-reassures-democratic-party-donors-theres-nothing-worry-about,starter
MSNBC yanks anti-Trump 'Morning Joe' off air following assassination attempt,FoxNews,2024-07-15,2024,https://www.foxnews.com/media/msnbc-yanks-anti-trump-morning-joe-off-air-following-assassination-attempt.print,starter
"How US government will dole out aid to victims of Hurricanes Milton, Helene",FoxNews,2024-10-09,2024,https://www.foxnews.com/politics/how-us-government-dole-out-aid-victims-hurricanes-milton-helene,starter
Misleading GOP videos of Biden are going viral. The fact-checks have trouble keeping up.,NBC,2024-06-18,2024,https://www.nbcnews.com/politics/2024-election/misleading-gop-videos-biden-viral-fact-checks-rcna133316,starter
RFK Jr.'s running mate outlines 'two options': Drop out and back Trump or 'risk' Harris win,NBC,2024-08-20,2024,https://www.nbcnews.com/politics/2024-election/rfk-jr-running-mate-outlines-two-options-drop-back-trump-risk-harris-w-rcna167395,starter
WaPo reporter suggests White House censor 'misinformation' from Trump-Musk interview at press briefing,FoxNews,2024-08-13,2024,https://www.foxnews.com/media/wapo-reporter-suggests-white-house-censor-misinformation-trump-musk-interview-press-briefing,starter
The Best Retinol and Retinoid Products for Acne | NBC Select,NBC,2020-10-23,2020,https://www.nbcnews.com/select/shopping/best-retinol-creams-serums-acne-wrinkles-ncna1244298,starter
Ex-NWSL coach slams league as 'woke' after being banned for life,FoxNews,2023-01-10,2023,https://www.foxnews.com/sports/ex-nwsl-coach-slams-league-woke-banned-life,starter
"Second officer from Capitol riot dies by suicide, police chief says",NBC,2021-01-28,2021,https://www.nbcnews.com/news/us-news/second-officer-capitol-riot-dies-suicide-police-chief-says-n1256003,starter
"In Alzheimer’s breakthrough, researchers identify ‘protective gene’ that delays disease in high-risk family",FoxNews,2024-06-20,2024,https://www.foxnews.com/health/alzheimers-breakthrough-researchers-identify-gene-delays-disease-high-risk-family,starter
Gaza medical crisis: WhatsApp group exposes deaths and destruction of doctors amid conflict,NBC,2024-07-23,2024,https://www.nbcnews.com/news/world/israel-hamas-war-investigation-doctors-hospitals-targeted-gaza-rcna162684,starter
Vance vs. Walz: Think VP debates don't matter? Just look at these 6 examples,FoxNews,2024-09-30,2024,https://www.foxnews.com/opinion/vance-vs-walz-think-vp-debates-dont-matter-just-look-6-examples,starter
What to expect from Trump’s trials and court cases in 2024,NBC,2023-12-28,2023,https://www.nbcnews.com/politics/donald-trump/trump-trials-court-cases-2024-what-expect-rcna130465,starter
Media critics pan Walz's 'unsteady' debate performance: 'Clear lack of preparation and execution',FoxNews,2024-10-02,2024,https://www.foxnews.com/media/media-critics-pan-walzs-debate-performance-clear-lack-preparation-execution,starter
How Taylor Swift transcends America's political divides — barely,NBC,2023-11-20,2023,https://www.nbcnews.com/politics/taylor-swift-transcends-americas-political-divides-barely-rcna125908,starter
Ask a doctor: 'How can I prevent high cholesterol?',FoxNews,2023-08-29,2023,https://www.foxnews.com/health/ask-doc-prevent-high-cholesterol,starter
"Iran enriching uranium to near weapons-grade levels, nuclear watchdog warns",NBC,2023-03-08,2023,https://www.nbcnews.com/news/world/iran-enriching-uranium-weapons-grade-nuclear-iaea-rcna72753,starter
Pennsylvania sheriff defends local officers who confronted Trump rally shooter,FoxNews,2024-07-17,2024,https://www.foxnews.com/us/pennsylvania-sheriff-defends-local-officers-who-confronted-trump-rally-shooter,starter
OB-GYNs decry the 'fearmongering' about Georgia's abortion laws: 'The lies are hurting women',FoxNews,2024-09-27,2024,https://www.foxnews.com/media/ob-gyns-decry-fearmongering-about-georgias-abortion-laws-the-lies-hurting-women.print,starter
Israel's Netanyahu faces growing pressure over Gaza plan from his own war Cabinet,NBC,2024-05-19,2024,https://www.nbcnews.com/news/world/israels-netanyahu-faces-growing-pressure-gaza-plan-war-cabinet-rcna152953,starter
Obama calls out ‘brothers’ apprehensive to vote for Harris: ‘You’re thinking of sitting out?’,FoxNews,2024-10-10,2024,https://www.foxnews.com/politics/obama-calls-out-brothers-apprehensive-vote-harris-youre-thinking-sitting-out.print,starter
"2024 Olympics: Simone Biles takes gold in vault, Sha'Carri Richardson gets silver in 100-meter",NBC,2024-08-03,2024,https://www.nbcnews.com/sports/olympics/live-blog/olympic-games-2024-live-updates-rcna162868,starter
Putin praises Kim Jong Un's support for Ukraine war as he heads to North Korea,NBC,2024-06-18,2024,https://www.nbcnews.com/news/world/putin-heads-north-korea-praises-kims-support-ukraine-war-rcna157469,starter
Hatch Restore 2 review: A sunrise alarm clock for better sleep,NBC,2024-03-12,2024,https://www.nbcnews.com/select/shopping/hatch-restore-2-review-rcna143055,starter
"'Lies throughout': Trump-backed challenger, longtime Dem senator face off in heated battleground debate",FoxNews,2024-10-04,2024,https://www.foxnews.com/politics/lies-throughout-trump-backed-challenger-longtime-dem-senator-face-off-heated-battleground-debate,starter
Biden speaks to Netanyahu amid cease-fire talks and evacuation of Rafah,NBC,2024-05-06,2024,https://www.nbcnews.com/politics/white-house/biden-speaks-netanyahu-cease-fire-talks-evacuation-rafah-rcna150863,starter
Rachel Maddow defends MSNBC's refusal to air Trump's Iowa victory speech: ‘Not out of spite’,FoxNews,2024-01-16,2024,https://www.foxnews.com/media/rachel-maddow-defends-msnbcs-refusal-air-trumps-iowa-victory-speech-not-spite,starter
"Biden has been secretly meeting with donors to ease concerns, including his age and energy: report",FoxNews,2024-01-11,2024,https://www.foxnews.com/politics/biden-has-been-secretly-meeting-with-donors-ease-concerns-including-his-age-energy,starter
Franklin Graham's Samaritan's Purse sponsors 21 ambulances in Israel to replace those destroyed by Hamas,FoxNews,2023-11-16,2023,https://www.foxnews.com/lifestyle/franklin-grahams-samaritans-purse-sponsors-21-ambulances-israel-replace-destroyed-hamas,starter
Michigan becomes a top GOP Senate target as Mike Rogers ties with Dem opponent among older voters,FoxNews,2024-09-02,2024,https://www.foxnews.com/politics/michigan-becomes-top-gop-senate-target-mike-rogers-ties-dem-opponent-among-older-voters,starter
"Riley Gaines visits RNC with message for New York AG Letitia James, Democrats claiming to be party for women",FoxNews,2024-07-17,2024,https://www.foxnews.com/politics/riley-gaines-visits-rnc-message-new-york-ag-letitia-james-democrats-claiming-party-women.print,starter
Jan. 6 rioter who assaulted police says she was 'duped' by Trump's election lies,NBC,2024-10-18,2024,https://www.nbcnews.com/politics/donald-trump/jan-6-rioter-assaulted-police-says-was-duped-trumps-election-lies-rcna176025,starter
Scott says US must stand ‘shoulder-to-shoulder’ with Israel after Hamas terror attack: ‘Never back down’,FoxNews,2023-10-08,2023,https://www.foxnews.com/politics/scott-says-us-must-stand-shoulder-shoulder-israel-hamas-terror-attack,starter
FBI investigating Trump rally shooter,FoxNews,2026-01-14,2026,https://www.foxnews.com/live-news/trump-assassination-shooting-rnc-secret-service-investigation-july15,starter
"Joe Biden lands 200 judges, highlighting stakes for the courts in the 2024 election",NBC,2024-05-22,2024,https://www.nbcnews.com/politics/2024-election/joe-biden-nears-200-judges-highlighting-stakes-courts-2024-election-rcna152485,starter
"Israel, Arab states sign Trump-brokered deals in White House ceremony",NBC,2020-09-15,2020,https://www.nbcnews.com/news/world/israel-arab-states-set-sign-trump-brokered-deals-white-house-n1240105,starter
"'Distrust and chaos': Georgia Dems, GOP battle over new ballot rule as early voting kicks off Tuesday",FoxNews,2024-10-14,2024,https://www.foxnews.com/politics/distrust-chaos-georgia-dems-gop-battle-over-new-ballot-rule-early-voting-kicks-off,starter
Biden administration advances potential $1 billion weapons sale to Israel,NBC,2024-05-15,2024,https://www.nbcnews.com/politics/white-house/biden-administration-advances-potential-1-billion-weapons-sale-israel-rcna152476,starter
"Reporter on MSNBC says migrants 'not angry at DeSantis,' but are thanking him for Martha's Vineyard flight",FoxNews,2022-09-16,2022,https://www.foxnews.com/media/reporter-msnbc-immigrants-not-angry-desantis-thanking-marthas-vineyard-flight,starter
"Winter weather forecast: Wet for Northwest and Great Lakes, NOAA says",NBC,2024-10-17,2024,https://www.nbcnews.com/weather/winter-weather/winter-weather-forecast-noaa-rcna175995,starter
Lauren Boebert won't 'further imperil' slim GOP majority by running in special election for Ken Buck's seat,FoxNews,2024-03-14,2024,https://www.foxnews.com/politics/lauren-boebert-wont-further-imperil-slim-gop-majority-running-special-election-ken-bucks-seat,starter
"Trump-Harris presidential debate: Philadelphia under Biden saw cops, kids shot, alleged savage offenders freed",FoxNews,2024-09-10,2024,https://www.foxnews.com/us/trump-harris-presidential-debate-philadelphia-under-biden-saw-cops-kids-shot-alleged-savage-offenders-freed,starter
Same poll taken one month apart shows which presidential candidate has momentum in key states,FoxNews,2024-10-09,2024,https://www.foxnews.com/politics/same-poll-taken-one-month-apart-shows-which-presidential-candidate-has-momentum-key-states,starter
"Delphi murders trial: Richard Allen used power and fear to kill teen victims, prosecutors say",NBC,2024-10-18,2024,https://www.nbcnews.com/news/us-news/delphi-murders-trial-richard-allen-used-power-fear-kill-teen-victims-p-rcna176090,starter
"Riley Gaines, NCAA athletes to testify in Georgia about competing against, sharing locker room with Lia Thomas",FoxNews,2024-08-23,2024,https://www.foxnews.com/politics/riley-gaines-ncaa-athletes-testify-georgia-about-competing-against-sharing-locker-room-lia-thomas,starter
Israel’s outgoing army chief rebukes Netanyahu's far-right government,NBC,2023-01-13,2023,https://www.nbcnews.com/news/world/israel-benjamin-netanyahu-government-rebuke-ex-army-chief-rcna65667,starter
Harris’ critics sound off after VP is endorsed by IRS-affiliated union: ‘Get ready to be taxed to death',FoxNews,2024-09-21,2024,https://www.foxnews.com/media/harris-critics-sound-off-vp-endorsed-irs-affiliated-union-get-ready-taxed-death.print,starter
New York City man 'lived' the Constitution for a year. Here are 7 things he learned,FoxNews,2024-06-19,2024,https://www.foxnews.com/lifestyle/new-york-city-man-lived-constitution-year-here-7-things-he-learned.print,starter
Softened abortion language in Trump-approved GOP platform irks some social conservatives,FoxNews,2024-07-09,2024,https://www.foxnews.com/politics/softened-abortion-language-trump-approved-gop-platform-irks-some-social-conservatives,starter
"Superintendent fired, CRT banned after Moms for Liberty candidates revamp South Carolina school district",FoxNews,2022-11-21,2022,https://www.foxnews.com/media/superintendent-fired-crt-banned-moms-liberty-candidates-revamp-south-carolina-school-district,starter
Michelle Obama: The office Trump seeks 'might just be one of those Black jobs',NBC,2024-08-21,2024,https://www.nbcnews.com/politics/2024-election/michelle-obama-office-trump-seeks-might-just-one-black-jobs-rcna167426,starter
Supreme Court agrees to review whether Trump immune from prosecution in federal election interference case,FoxNews,2024-02-28,2024,https://www.foxnews.com/politics/supreme-court-trump-special-counsel-jan-6,starter
"Border Patrol apprehends 58K migrants in August, down from record 250K in December",FoxNews,2024-09-17,2024,https://www.foxnews.com/us/border-patrol-apprehends-58k-migrants-august-down-from-record-250k-december,starter
Federal judge imposes longest sentence yet for Jan. 6 defendant,NBC,2023-05-05,2023,https://www.nbcnews.com/politics/justice-department/federal-judge-imposes-longest-sentence-yet-jan-6-defendant-rcna82982,starter
Bruce Willis holds family tight during Thanksgiving while battling dementia,FoxNews,2023-11-24,2023,https://www.foxnews.com/entertainment/bruce-willis-holds-family-tight-thanksgiving-battling-dementia,starter
Haitian migration roils town in key battleground state with signs of pro-Trump support on the rise,FoxNews,2024-10-18,2024,https://www.foxnews.com/politics/haitian-migration-roils-town-battleground-state-signs-pro-trump-support-rise.print,starter
"The best eco-friendly cleaning products, according to the EPA",NBC,2021-05-07,2021,https://www.nbcnews.com/select/shopping/eco-friendly-cleaning-products-ncna1266586,starter
"Kamala Harris supported ‘Defund the police’ in 2020 radio interview, before Biden campaign said otherwise",FoxNews,2024-07-26,2024,https://www.foxnews.com/politics/kamala-harris-supported-defund-police-2020-radio-interview-before-biden-campaign-said-otherwise,starter
Elon Musk announces $1M giveaway for voters who sign petition in battleground states,NBC,2024-10-18,2024,https://www.nbcnews.com/tech/tech-news/elon-musk-raises-payment-offer-100-voters-sign-petition-rcna176075,starter
2 Russian intel officers charged with hacking into U.S. and British government agencies,NBC,2023-12-07,2023,https://www.nbcnews.com/politics/justice-department/2-russian-intel-officers-charged-hacking-us-british-government-agencie-rcna128569,starter
"McConnell privately called Trump a 'despicable human' and unfit for office, new book says",NBC,2024-10-17,2024,https://www.nbcnews.com/politics/congress/mcconnell-privately-called-trump-despicable-human-unfit-office-new-boo-rcna175960,starter
Supreme Court overturns Roe v. Wade in landmark abortion decision,FoxNews,2022-06-24,2022,https://www.foxnews.com/politics/supreme-court-overturns-roe-v-wade-dobbs-v-jackson-womens-health-organization,starter
Garmin Forerunner 165 Review 2026 | NBC Select,NBC,2024-04-29,2024,https://www.nbcnews.com/select/shopping/garmin-forerunner-165-review-rcna149853,starter
In Rafah desperation grows as Israel ground assault looms,NBC,2024-02-14,2024,https://www.nbcnews.com/news/world/israel-hamas-war-rafah-gaza-ground-assault-palestinians-desperation-rcna138795,starter
Biden admin under fire for burning taxpayer funds on UN climate summit trip,FoxNews,2023-12-04,2023,https://www.foxnews.com/politics/biden-admin-under-fire-burning-taxpayer-funds-un-climate-summit-trip,starter
Democrats worry about Harris' cautious media approach in tight 2024 race: 'Voters deserve better',FoxNews,2024-10-04,2024,https://www.foxnews.com/media/democrats-worry-harris-cautious-media-approach-tight-2024-race-voters-deserve-better,starter
Eating starch: How humans gained the ability to digest certain carbs,NBC,2024-10-17,2024,https://www.nbcnews.com/health/health-news/how-humans-gained-ability-digest-starch-study-rcna175350,starter
Rep. Ritchie Torres calls out NY Times 'bias' for not interviewing him for story about his anti-Israel critics,FoxNews,2024-06-24,2024,https://www.foxnews.com/media/rep-ritchie-torres-calls-out-ny-times-bias-not-interviewing-him-story-anti-israel-critics,starter
What to expect at the 2024 Emmys: 'Shogun' and 'The Bear' set to conquer the awards show,NBC,2024-09-14,2024,https://www.nbcnews.com/pop-culture/awards/emmys-2024-how-watch-what-expect-awards-rcna170600,starter
'America's Got Talent' judge Simon Cowell makes show history with shocking move,FoxNews,2024-06-05,2024,https://www.foxnews.com/entertainment/americas-got-talent-judge-simon-cowell-makes-show-history-shocking-move,starter
Katy Perry exits ‘American Idol’: ‘This is my last season’,FoxNews,2024-02-13,2024,https://www.foxnews.com/entertainment/katy-perry-exits-american-idol,starter
Massachusetts' Smith College racism accusations back in spotlight after report details 2018 investigation,FoxNews,2021-02-25,2021,https://www.foxnews.com/us/smith-college-racism-oumou-kanoute-eating-while-black,starter
Brazil's Christ the Redeemer statue welcomes Taylor Swift with unique display,NBC,2023-11-16,2023,https://www.nbcnews.com/news/latino/taylor-swift-welcomed-brazil-christ-redeemer-statue-projection-rcna125542,starter
"New York veteran, 105, shares her secret to a fulfilling life: Faith, family and 'no regrets'",FoxNews,2023-09-25,2023,https://www.foxnews.com/lifestyle/new-york-veteran-105-shares-secret-fulfilling-life-faith-family-no-regrets,starter
Female athlete injured by transgender player slams Dem lawmakers who dismissed dangers,FoxNews,2024-03-22,2024,https://www.foxnews.com/politics/female-athlete-injured-transgender-player-slams-dem-lawmakers-who-dismissed-dangers.print,starter
"Rubio contests claim that US embargo is destabilizing Cuba, says only 'blockade' is its government",FoxNews,2021-07-21,2021,https://www.foxnews.com/politics/rubio-contests-claim-us-embargo-destabilizing-cuba-blockade-government,starter
"92 people still missing in North Carolina after Hurricane Helene, governor says",NBC,2024-10-15,2024,https://www.nbcnews.com/weather/hurricanes/92-people-still-missing-north-carolina-hurricane-helene-governor-says-rcna175503,starter
North Korea's Kim Jong Un wants to speed up becoming a nuclear superpower,NBC,2024-10-08,2024,https://www.nbcnews.com/news/world/north-korea-kim-jong-un-nuclear-superpower-russia-ukraine-rcna174436,starter
Biden administration lifts Trump-era restrictions stalling Puerto Rico hurricane aid,NBC,2021-04-20,2021,https://www.nbcnews.com/news/latino/biden-administration-lifts-trump-era-restrictions-stalling-puerto-rico-hurricane-n1264672,starter
Ozzy Osbourne admits taking antidepressants had an effect in the bedroom,FoxNews,2023-11-22,2023,https://www.foxnews.com/entertainment/ozzy-osbourne-admits-taking-antidepressants-effect-bedroom,starter
"Harris campaign won't give details on type of gun she owns, last time she went to range",FoxNews,2024-09-25,2024,https://www.foxnews.com/politics/harris-campaign-wont-give-details-type-gun-she-owns-last-time-she-went-range,starter
The U.S. could see a new 'extreme heat belt' by 2053,NBC,2022-08-15,2022,https://www.nbcnews.com/science/environment/us-see-new-extreme-heat-belt-2053-rcna42486,starter
Becerra: Federal gov 'looking into' helping women cross state lines for abortions,FoxNews,2022-07-03,2022,https://www.foxnews.com/politics/becerra-federal-gov-looking-helping-women-cross-state-lines-abortions,starter
Putin threatens to provide weapons to attack West over Ukraine strikes inside Russia,NBC,2024-06-06,2024,https://www.nbcnews.com/news/world/putin-threatens-weapons-attack-west-ukraine-strikes-inside-russia-rcna155795,starter
Jewish settlers storm town and pepper spray Israeli soldiers in West Bank,NBC,2022-10-20,2022,https://www.nbcnews.com/news/world/israel-palestinians-jewish-settlers-storrm-town-pepper-spray-soldiers-rcna53240,starter
Ron DeSantis is running the Iowa playbook — and hoping that’s what still counts,NBC,2023-12-02,2023,https://www.nbcnews.com/politics/2024-election/ron-desantis-running-iowa-playbook-hoping-s-still-counts-rcna127175,starter
The serious crisis gripping America that no one wants to talk about,FoxNews,2024-10-01,2024,https://www.foxnews.com/opinion/serious-crisis-gripping-america-no-one-wants-talk-about,starter
Matt Gaetz defeats Kevin McCarthy-backed GOP challenger Aaron Dimmock in Florida House primary,NBC,2024-08-21,2024,https://www.nbcnews.com/politics/2024-election/matt-gaetz-florida-primary-house-aaron-dimmock-rcna167141,starter
'Airport tray aesthetic' goes viral as some travelers halt security checkpoints for photo ops,FoxNews,2024-09-05,2024,https://www.foxnews.com/travel/airport-tray-aesthetic-goes-viral-some-travelers-halt-security-checkpoints-photo-ops,starter
"Select Giftable Tech Awards 2023 favorites: portable chargers, earbuds and more",NBC,2023-12-13,2023,https://www.nbcnews.com/select/shopping/giftable-tech-awards-2023-bestsellers-rcna129150,starter
American soldiers killed in WWI remembered forever in NYC ale house,FoxNews,2022-05-29,2022,https://www.foxnews.com/lifestyle/americans-killed-wwi-nyc-ale-house.print,starter
"Sen Cotton says Biden-Harris likely prolonged Gaza war, let aid go to terrorists: 'Betrayed' taxpayers",FoxNews,2024-10-16,2024,https://www.foxnews.com/world/sen-cotton-says-biden-harris-likely-prolonged-gaza-war-let-aid-go-terrorists-betrayed-taxpayers.print,starter
Sotomayor and Jackson issue scathing dissents of Trump immunity ruling,NBC,2024-07-01,2024,https://www.nbcnews.com/politics/supreme-court/liberal-justices-say-trump-immunity-decision-will-disastrous-consequen-rcna159755,starter
Putin tells Hungary's Orbán he is ready to discuss 'nuances' of Ukraine conflict,NBC,2024-07-05,2024,https://www.nbcnews.com/news/world/russia-ukraine-war-putin-orban-moscow-peace-zelenskyy-rcna160398,starter
Vance says Trump didn't lose the 2020 election: 'Not by the words I would use',NBC,2024-10-16,2024,https://www.nbcnews.com/politics/2024-election/vance-says-trump-not-lose-2020-election-not-words-use-rcna175787,starter
Biden admin faces bipartisan backlash for allowing beef imports from Paraguay: ‘Cutting corners’,FoxNews,2024-02-27,2024,https://www.foxnews.com/politics/biden-admin-faces-bipartisan-opposition-actions-allowing-potentially-diseased-beef-imports.print,starter
Amazon's Cyber Monday sales continue: 40+ deals you can still shop,NBC,2022-11-29,2022,https://www.nbcnews.com/select/shopping/cyber-monday-2022-amazon-deals-ncna1301378,starter
Harris unveils agenda to help Black men 'get ahead' as polls show Trump gains,FoxNews,2024-10-14,2024,https://www.foxnews.com/politics/harris-unveils-agenda-help-black-men-get-ahead-polls-suggest-trump-making-gains.print,starter
"Black farmers sue Biden administration over broken debt relief promise, say president reneged on meeting",FoxNews,2022-10-17,2022,https://www.foxnews.com/media/black-farmers-sue-biden-administration-broken-debt-relief-promise-president-reneged-meeting,starter
Senate Republican leader Mitch McConnell endorses Trump for president,NBC,2024-03-06,2024,https://www.nbcnews.com/politics/2024-election/mitch-mcconnell-endorses-donald-trump-president-rcna142049,starter
Israel and activists accuse U.N. of slow response to accounts of Hamas militants raping women,NBC,2023-12-04,2023,https://www.nbcnews.com/news/world/israel-activists-accuse-un-slow-response-accounts-hamas-rapes-rcna127995,starter
Calls for NYC Mayor Eric Adams to resign are growing louder,NBC,2024-09-25,2024,https://www.nbcnews.com/news/us-news/aoc-says-embattled-nyc-mayor-eric-adams-resign-good-city-rcna172726,starter
"Meet the American who wrote the moon-landing software: Margaret Hamilton, computer whiz mom",FoxNews,2024-03-22,2024,https://www.foxnews.com/lifestyle/meet-american-who-wrote-moon-landing-software-margaret-hamilton-computer-whiz-mom,starter
Biden admin hit with lawsuit over eco actions that industry says could cost million jobs,FoxNews,2023-07-20,2023,https://www.foxnews.com/politics/biden-admin-hit-lawsuit-eco-actions-industry-says-cost-million-jobs,starter
Gaza Strip experiencing internet outages and electricity cuts after bombings,NBC,2023-10-09,2023,https://www.nbcnews.com/news/world/gaza-strip-experiencing-internet-outages-electricity-cuts-bombings-rcna119564,starter
11 monumental Kentucky Derby moments from years past,FoxNews,2023-05-04,2023,https://www.foxnews.com/sports/kentucky-derby-most-memorable-races-history,starter
"Harris, Trump, hold dueling campaign events in race to win the biggest battleground",FoxNews,2024-08-18,2024,https://www.foxnews.com/politics/harris-trump-hold-dueling-campaign-events-race-win-biggest-battleground,starter
"For One Direction fans, Liam Payne's death is a 'watershed' moment",NBC,2024-10-18,2024,https://www.nbcnews.com/pop-culture/one-direction-fans-mourn-liam-payne-rcna175822,starter
Taylor Swift endorses Joe Biden for President,NBC,2020-10-07,2020,https://www.nbcnews.com/politics/2020-election/taylor-swift-endorses-joe-biden-president-n1242483,starter
Where abortion rights could be on the ballot this fall: From the Politics Desk,NBC,2024-04-01,2024,https://www.nbcnews.com/politics/abortion-rights-ballot-fall-politics-desk-rcna145908,starter
Biden’s Charlottesville moment? POTUS torched for telling DNC anti-Israel mob outside they ‘have a point’,FoxNews,2024-08-20,2024,https://www.foxnews.com/politics/bidens-charlottesville-moment-potus-torched-telling-dnc-anti-israel-mob-outside-has-point,starter
Qatar re-evaluating its role as mediator in Gaza cease-fire talks,NBC,2024-04-18,2024,https://www.nbcnews.com/news/world/qatar-re-evaluating-role-mediator-gaza-cease-fire-talks-rcna148336,starter
Arizona students raise nearly $10K for heart surgery for teacher's wife: 'Made me cry',FoxNews,2023-07-27,2023,https://www.foxnews.com/lifestyle/arizona-students-raise-nearly-10k-heart-surgery-teachers-wife-made-me-cry,starter
"Racism, sexism must be considered in Atlanta case involving killing of six Asian women, experts say",NBC,2021-03-17,2021,https://www.nbcnews.com/news/asian-america/racism-sexism-must-be-considered-atlanta-case-involving-killing-six-n1261347,starter
'There's only one': Battleground state voters reveal which presidential candidate they prefer on the economy,FoxNews,2024-10-16,2024,https://www.foxnews.com/media/one-battleground-state-voters-reveal-presidential-candidate-prefer-economy,starter
"TikTok’s content on some political subjects aligns with the Chinese government, study says",NBC,2023-12-21,2023,https://www.nbcnews.com/tech/tiktoks-content-political-subjects-aligns-chinese-government-study-say-rcna130448,starter
"Meet the American who reported the first sensational UFO encounters, Puritan leader John Winthrop",FoxNews,2024-09-27,2024,https://www.foxnews.com/lifestyle/meet-american-who-reported-first-sensational-ufo-encounters-puritan-leader-john-winthrop,starter
Washington Post columnist panned for calling Kamala Harris a 'small-c conservative',FoxNews,2020-08-12,2020,https://www.foxnews.com/media/washington-post-kamala-harris-small-c-conservative,starter
"Drug overdose deaths drop in U.S. as other deaths of despair rise, report finds",NBC,2020-05-21,2020,https://www.nbcnews.com/health/mental-health/drug-overdose-deaths-drop-u-s-other-deaths-despair-rise-n1211376,starter
Cease-fire talks advance in Egypt even as Israel threatens to invade Rafah,NBC,2024-05-04,2024,https://www.nbcnews.com/news/world/cease-fire-talks-advance-israel-threatens-rafah-invasion-rcna150698,starter
"State Department failed to plan or respond fast enough in Afghanistan collapse, new U.S. report finds",NBC,2023-07-01,2023,https://www.nbcnews.com/politics/politics-news/state-department-failed-plan-respond-fast-enough-afghanistan-collapse-rcna92153,starter
"Dodgers dominate Mets again, take commanding 3-1 lead in NLCS",FoxNews,2024-10-18,2024,https://www.foxnews.com/sports/dodgers-dominate-mets-again-take-commanding-3-1-lead-nlcs.print,starter
"AOC files articles of impeachment against Justices Alito, Thomas, alleges 'unchecked corruption'",FoxNews,2024-07-10,2024,https://www.foxnews.com/politics/aoc-files-articles-impeachment-against-justices-alito-thomas-alleges-unchecked-corruption,starter
"Lori Loughlin, Mossimo Giannulli officially plead guilty in college admissions scandal case",FoxNews,2020-05-22,2020,https://www.foxnews.com/entertainment/lori-loughlin-mossimo-giannulli-officially-plead-guilty-in-college-admissions-scandal-case,starter
New poll reveals which voter group are fueling Trump to a narrow edge over Harris in battleground,FoxNews,2024-10-08,2024,https://www.foxnews.com/politics/new-poll-which-voter-group-fueling-trump-narrow-edge-over-harris-battleground.print,starter
Trump's election fight includes over 50 lawsuits. It's not going well.,NBC,2020-11-23,2020,https://www.nbcnews.com/politics/2020-election/trump-s-election-fight-includes-over-30-lawsuits-it-s-n1248289,starter
IDF shares video of Hamas leader Yahya Sinwar escaping through tunnel network,FoxNews,2024-02-13,2024,https://www.foxnews.com/world/idf-shares-video-hamas-leader-yahya-sinwar-escaping-tunnel-network,starter
JD Vance accuses Tim Walz of lying about IVF experience,NBC,2024-08-21,2024,https://www.nbcnews.com/health/health-news/jd-vance-accuses-tim-walz-lying-ivf-rcna167434,starter
USA Powerlifting applauds appeals court decision after transgender woman claimed discrimination,FoxNews,2024-03-19,2024,https://www.foxnews.com/politics/usa-powerlifting-applauds-appeals-court-decision-after-transgender-woman-claimed-discrimination,starter
Inside San Jose State's police battle to protect women's athletes threatened by a transgender culture war,FoxNews,2024-10-18,2024,https://www.foxnews.com/sports/san-jose-state-police-battle-womens-volleyball-transgender-culture-war,starter
Trump gets big post-debate boost in new polls after Biden's botched performance,FoxNews,2024-07-03,2024,https://www.foxnews.com/politics/trump-gets-big-post-debate-boost-new-poll-after-bidens-botched-performance,starter
"In an election year, Americans need fewer hot takes and more cool-headed reasoning",FoxNews,2024-09-14,2024,https://www.foxnews.com/lifestyle/election-year-americans-need-fewer-hot-takes-cool-headed-reasoning.print,starter
CNN data guru says Harris is 'struggling among voters of color' in the Sun Belt: 'Really interesting',FoxNews,2024-09-24,2024,https://www.foxnews.com/media/cnn-data-guru-says-harris-struggling-among-voters-color-sun-belt-really-interesting.print,starter
North Korea unveils daughter of Kim Jong Un at missile launch site,FoxNews,2022-11-19,2022,https://www.foxnews.com/world/north-korea-unveils-daughter-kim-jong-un-missile-launch,starter
"Sharon Stone, 63, 'hanging out' with rapper RMR, 25: report",FoxNews,2021-07-06,2021,https://www.foxnews.com/entertainment/sharon-stone-hanging-out-rapper-rmr-report,starter
Sen Chuck Grassley explains link between high food and energy prices,FoxNews,2022-07-01,2022,https://www.foxnews.com/media/sen-chuck-grassley-link-high-food-energy-prices,starter
North Carolina manhunt launched for convicted murderer who escaped on way to hospital: sheriff,FoxNews,2024-08-13,2024,https://www.foxnews.com/us/north-carolina-manhunt-launched-convicted-murderer-escaped-way-hospital-sheriff.print,starter
Candy tours of America: 5 delectable destinations for sweet family memories,FoxNews,2024-04-13,2024,https://www.foxnews.com/food-drink/candy-tours-america-5-destinations-sweet-family-memories,starter
"Democrats try to censor, remove RFK Jr. at hearing on censorship",FoxNews,2023-07-20,2023,https://www.foxnews.com/politics/democrats-censor-remove-rfk-jr-hearing-censorship-despicable-comments.print,starter
Biden says Supreme Court reforms needed to counter 'extreme and unchecked agenda',NBC,2024-07-29,2024,https://www.nbcnews.com/politics/supreme-court/biden-call-supreme-court-reforms-constitutional-limits-presidential-im-rcna163970,starter
Trump has indefinitely delayed his Jan. 6 criminal trial. Hundreds of his supporters haven't been so lucky.,NBC,2024-03-20,2024,https://www.nbcnews.com/politics/justice-department/trump-indefinitely-delayed-jan-6-criminal-trial-hundreds-supporters-ha-rcna142349,starter
Supreme Court immunity ruling raises fears about future lawless presidents,NBC,2024-07-01,2024,https://www.nbcnews.com/politics/supreme-court/supreme-court-immunity-ruling-raises-fears-future-lawless-presidents-rcna159827,starter
Hamas says hostage guards in Gaza are operating under new instructions,NBC,2024-09-03,2024,https://www.nbcnews.com/news/world/hamas-says-hostage-guards-gaza-are-operating-new-instructions-rcna169276,starter
"NJ teen stabbed at popular boardwalk, 'civil unrest' hits another beach town",FoxNews,2024-05-27,2024,https://www.foxnews.com/us/nj-teen-stabbed-popular-boardwalk-civil-unrest-hits-another-beach-town,starter
"13+ Best Treatments and Products for a Dry, Itchy Scalp",NBC,2025-09-02,2025,https://www.nbcnews.com/select/shopping/best-scalp-treatments-for-healthy-hair-rcna122565,starter
Trump defense challenges jury selection in criminal hush money trial,FoxNews,2024-04-12,2024,https://www.foxnews.com/politics/trump-defense-challenges-jury-selection-criminal-hush-money-trial.print,starter
"Israel says it conducted retaliatory strikes against Hezbollah in Lebanon, struck Hamas in Gaza",FoxNews,2024-09-22,2024,https://www.foxnews.com/world/israel-says-conducted-retaliatory-strikes-against-hezbollah-lebanon-struck-hamas-gaza.print,starter
"IVF doctors, patients fearful after Alabama court rules embryos are children",NBC,2024-02-21,2024,https://www.nbcnews.com/health/health-news/ivf-doctors-patients-fearful-alabama-court-rules-embryos-are-children-rcna139636,starter
Judge Aileen Cannon denies another Trump motion to dismiss classified documents case,NBC,2024-06-11,2024,https://www.nbcnews.com/politics/donald-trump/judge-cannon-denies-another-motion-trump-dismiss-classified-documents-rcna156482,starter
"Sinwar's removal from battlefield is ‘significant,’ presents opportunity for cease-fire, State Department says",FoxNews,2024-10-17,2024,https://www.foxnews.com/world/sinwars-removal-from-battlefield-significant-presents-opportunity-cease-fire-state-department-says,starter
"Olivia Jade's influencer brand is a 'dumpster fire' and 'dangerous to advertisers,' says expert",FoxNews,2020-06-03,2020,https://www.foxnews.com/entertainment/olivia-jade-influencer-brand-dumpster-fire-expert,starter
"As an election denier became speaker, a Capitol officer testified that Jan. 6 tore her life apart",NBC,2023-10-26,2023,https://www.nbcnews.com/politics/justice-department/election-denier-became-speaker-capitol-officer-testified-jan-6-tore-li-rcna122234,starter
Critics drag Harris for 'cringe' pre-recorded video aired during Catholic charity dinner,FoxNews,2024-10-18,2024,https://www.foxnews.com/politics/critics-drag-harris-cringe-pre-recorded-video-aired-during-catholic-charity-dinner.print,starter
Defense Secretary Lloyd Austin resumes duty after undergoing procedure at Walter Reed,NBC,2024-05-25,2024,https://www.nbcnews.com/politics/politics-news/defense-secretary-lloyd-austin-resumes-duty-undergoing-procedure-walte-rcna154031,starter
Sen. Ron Johnson releases preliminary findings of probe into Trump assassination attempt,FoxNews,2024-07-22,2024,https://www.foxnews.com/politics/sen-ron-johnson-releases-preliminary-findings-probe-trump-assassination-attempt,starter
Israel withdrawing some units from Gaza,NBC,2024-01-01,2024,https://www.nbcnews.com/news/world/israel-withdrawing-units-gaza-rcna131800,starter
Chinese official talks with North Korean counterpart in the nations' highest-level meeting in years,NBC,2024-04-12,2024,https://www.nbcnews.com/news/world/china-north-korea-official-talks-rcna147523,starter
Puerto Rico hit by a 5.0 quake amid ongoing seismic activity,NBC,2020-01-25,2020,https://www.nbcnews.com/news/latino/puerto-rico-hit-5-0-quake-amid-ongoing-seismic-activity-n1123146,starter
"Financial sextortion most often targets teen boys via Instagram, according to new data",NBC,2024-06-24,2024,https://www.nbcnews.com/tech/security/financial-sextortion-often-targets-teen-boys-instagram-according-new-d-rcna157790,starter
Israeli military recovers bodies of 3 more hostages from Gaza,NBC,2024-05-24,2024,https://www.nbcnews.com/news/world/israeli-military-recovers-bodies-3-hostages-killed-oct-7-gaza-hamas-rcna153869,starter
"Biden touts reduction in crime, slams Republican response to gun violence in Thursday press conference",FoxNews,2024-09-26,2024,https://www.foxnews.com/politics/biden-harris-speak-from-rose-garden-after-announcing-executive-actions-aimed-reducing-gun-violence.print,starter
NRSC launches funds to give Republican Senate candidates a 'war chest' for key 2024 Senate races,FoxNews,2023-03-02,2023,https://www.foxnews.com/politics/nrsc-launches-funds-give-republican-senate-candidates-war-chest-key-2024-senate-races,starter
"Haitian refugees ‘don’t understand the laws,’ former lawmaker says amid fatal wreck, cultural clashes",FoxNews,2024-09-12,2024,https://www.foxnews.com/politics/haitian-refugees-dont-understand-laws-lawmaker-says-amid-fatal-wreck-cultural-clashes,starter
"Reducing salt intake by just 1 teaspoon a day has same effect as blood pressure meds, study finds",FoxNews,2023-11-17,2023,https://www.foxnews.com/health/reducing-salt-intake-1-teaspoon-day-same-effect-blood-pressure-meds-study-finds,starter
Reporters get rare glimpse of the U.S. military's troubled pier system in Gaza,NBC,2024-06-25,2024,https://www.nbcnews.com/investigations/reporters-get-rare-glimpse-us-militarys-troubled-pier-system-gaza-rcna158833,starter
Why the Gaiam Balance Disc is essential for my desk chair setup,NBC,2020-10-28,2020,https://www.nbcnews.com/select/shopping/gaiam-balance-disc-wobble-cushion-ncna1244965,starter
"20 worst places to live if you have asthma, per major health organization",FoxNews,2024-09-22,2024,https://www.foxnews.com/health/20-worst-places-live-have-asthma-major-health-organization,starter
Iran warns its neighbors not to help Israel attack,NBC,2024-10-11,2024,https://www.nbcnews.com/news/world/iran-israel-attack-retaliation-strikes-jordan-saudi-arabia-khamenei-rcna175001,starter
"Beyoncé gave SCOTUS Justice Ketanji Brown Jackson concert tickets valued at nearly $4,000: report",FoxNews,2024-06-08,2024,https://www.foxnews.com/politics/beyonce-gave-scotus-justice-ketanji-brown-jackson-concert-tickets-valued-nearly-4000-filing,starter
RFK Jr. shrugs off Biden family corruption allegations: Won't be a 'spear tip to my campaign',FoxNews,2023-07-17,2023,https://www.foxnews.com/media/rfk-jr-shrugs-off-biden-family-corruption-allegations-wont-spear-tip-campaign,starter
Vulnerable Democratic senator backs Laken Riley immigration bill ahead of tough re-election in red state,FoxNews,2024-05-10,2024,https://www.foxnews.com/politics/vulnerable-democratic-senator-laken-riley-immigration-bill-re-election,starter
Biden’s moral equivalency between Israel and the Palestinians will result in failure — again,FoxNews,2024-04-16,2024,https://www.foxnews.com/opinion/bidens-moral-equivalency-between-israel-palestinians-will-result-failure-again,starter
5 Dermatologist-Approved Skin Care Routines to Follow | NBC Select,NBC,2023-03-23,2023,https://www.nbcnews.com/select/shopping/dermatologists-skin-care-routine-ncna1303681,starter
Suspected Trump assassination attempt shines light on rally security,FoxNews,2024-07-13,2024,https://www.foxnews.com/politics/suspected-trump-assassination-attempt-shines-light-rally-security,starter
Pittsburgh diners fume over ‘staged’ Harris campaign stop as popular restaurant cleared: ‘Mind-boggling’,FoxNews,2024-08-19,2024,https://www.foxnews.com/politics/pittsburgh-diners-fume-after-restaurant-cleared-staged-harris-campaign-stop-mindboggling.print,starter
"Biden admin eco rule curbing oil drilling, mining faces widespread opposition",FoxNews,2023-07-05,2023,https://www.foxnews.com/politics/biden-admin-eco-rule-curbing-oil-drilling-mining-faces-widespread-opposition,starter
Rapper 50 Cent says Black men are 'identifying with Trump' over Biden,FoxNews,2024-06-06,2024,https://www.foxnews.com/media/rapper-50-cent-says-black-men-identifying-trump-over-biden,starter
The American Legion turns 103: A brief history of the organization formed to aid WWI veterans,FoxNews,2022-09-16,2022,https://www.foxnews.com/lifestyle/the-american-legion-103-brief-history-organization-aid-wwi-veterans.print,starter
Key Trump allies charged in fake electors scheme in Wisconsin,NBC,2024-06-04,2024,https://www.nbcnews.com/politics/2024-election/key-trump-allies-charged-fake-electors-scheme-wisconsin-rcna155395,starter
Confident Whoopi Goldberg introduces Kamala Harris on 'The View' as the 'next president of the United States',FoxNews,2024-10-08,2024,https://www.foxnews.com/media/confident-whoopi-goldberg-introduces-kamala-harris-the-view-next-president-united-states.print,starter
Bruce Willis' first photo as grandpa with Rumer Willis’ baby girl: ‘Something I will treasure’,FoxNews,2023-06-19,2023,https://www.foxnews.com/entertainment/bruce-willis-first-photo-grandpa-rumer-willis-baby-girl-something-will-treasure,starter
"From salmon to shark, here are the best and worst fish for your health, according to experts",FoxNews,2023-11-10,2023,https://www.foxnews.com/lifestyle/from-salmon-shark-best-worst-fish-health-according-experts,starter
"Harris re-energizes Black voters in key states, poll finds",FoxNews,2024-08-18,2024,https://www.foxnews.com/politics/harris-re-energizes-black-voters-key-states-poll-finds,starter
Venezuelan Tren de Aragua gang recruiting kids from Texas middle schools,FoxNews,2024-10-12,2024,https://www.foxnews.com/us/venezuelan-tren-de-aragua-gang-recruiting-kids-out-texas-middle-schools.print,starter
Judge denies special counsel's request to impose gag order on Trump over false claim about FBI raid,NBC,2024-05-28,2024,https://www.nbcnews.com/politics/donald-trump/judge-denies-special-counsel-request-impose-gag-order-trump-false-clai-rcna154340,starter
"Adoption fraud was widespread for many South Koreans adopted into Western countries, AP finds",NBC,2024-09-23,2024,https://www.nbcnews.com/news/asian-america/korean-adoptees-adoption-fraud-rcna172247,starter
Target Circle Week returns this October: What you need to know,NBC,2024-09-16,2024,https://www.nbcnews.com/select/shopping/target-circle-week-announcement-oct-2024-rcna171322,starter
Anti-Israel demonstrations continue near DNC for 3rd night as crowds gather in larger numbers,FoxNews,2024-08-21,2024,https://www.foxnews.com/us/anti-israel-demonstrations-continue-near-dnc-3rd-night-crowds-gather-larger-numbers,starter
Brian Stelter defends 2020 media coverage of Hunter Biden laptop story: We never labeled it 'disinformation',FoxNews,2023-02-24,2023,https://www.foxnews.com/media/brian-stelter-defends-2020-media-coverage-hunter-biden-laptop-story-never-labeled-disinformation.print,starter
"The U.S. crime rate is still dropping, FBI data shows",NBC,2024-03-19,2024,https://www.nbcnews.com/news/crime-courts/us-crime-rate-still-dropping-says-fbi-rcna144100,starter
"In Cuba, hundreds take to the streets in rare protests as economic crisis deepens",NBC,2024-03-18,2024,https://www.nbcnews.com/news/latino/cuba-hundreds-take-streets-rare-protests-economic-crisis-deepens-rcna143871,starter
Iran says drones attacked military factory amid Israel tensions,NBC,2023-01-30,2023,https://www.nbcnews.com/news/world/iran-drone-attack-military-factory-israel-tensions-rcna68114,starter
"Rumer Willis is pregnant, expecting baby with boyfriend Derek Richard Thomas",FoxNews,2022-12-20,2022,https://www.foxnews.com/entertainment/rumer-willis-pregnant-expecting-baby-with-boyfriend-derek-richard-thomas,starter
Ex-Trump press secretary Stephanie Grisham says he mocked his supporters as 'basement dwellers',NBC,2024-08-21,2024,https://www.nbcnews.com/politics/2024-election/former-trump-press-secretary-stephanie-grisham-endorses-harris-convent-rcna167476,starter
U.S. officials expect Israeli response to Iran's retaliatory strikes will be limited,NBC,2024-04-16,2024,https://www.nbcnews.com/news/world/us-officials-expect-israeli-response-iran-strikes-will-limited-rcna147949,starter
Greece to impose tax for cruise visitors on popular islands to combat overtourism,FoxNews,2024-09-11,2024,https://www.foxnews.com/travel/greece-impose-tax-cruise-visitors-popular-islands-combat-overtourism,starter
The Best Cervical Traction Devices to Use at Home | NBC Select,NBC,2024-03-21,2024,https://www.nbcnews.com/select/shopping/neck-stretchers-cervical-traction-rcna144537,starter
Air travel made better: 20 rules of airplane etiquette no one ever tells you (but should),FoxNews,2023-04-04,2023,https://www.foxnews.com/lifestyle/air-travel-made-better-20-rules-airplane-etiquette-no-one-ever-tells-you-should,starter
The reality of Trump and Stefanik's Jan. 6 'hostages',NBC,2024-01-08,2024,https://www.nbcnews.com/politics/justice-department/reality-trump-stefaniks-jan-6-hostages-guilty-pleas-convictions-rcna132859,starter
"Canada expels top India diplomats, links them to murder of Sikh leader",NBC,2024-10-15,2024,https://www.nbcnews.com/news/world/canada-expels-top-india-diplomats-links-murder-sikh-leader-rcna175414,starter
President Joe Biden drops out of 2024 presidential race,NBC,2024-07-21,2024,https://www.nbcnews.com/politics/2024-election/president-joe-biden-drops-2024-presidential-race-rcna159867,starter
Clippers star Kawhi Leonard reportedly out indefinitely with knee inflammation,NBC,2024-10-17,2024,https://www.nbcnews.com/news/clippers-star-kawhi-leonard-reportedly-indefinitely-knee-inflamaation-rcna175999,starter
"If Kamala Harris wants price controls, here's where she should start",FoxNews,2024-08-30,2024,https://www.foxnews.com/opinion/kamala-harris-wants-price-controls-heres-where-she-should-start,starter
"Japanese soufflé pancake gaining popularity in US, yet origin story begins in Hawaii 15 years ago",FoxNews,2024-07-13,2024,https://www.foxnews.com/food-drink/japanese-souffle-pancake-gaining-popularity-us-origin-story-hawaii-15-years-ago,starter
"Harris campaign ramps up 'unhinged, unstable' attack on Trump in new ad",NBC,2024-10-17,2024,https://www.nbcnews.com/politics/2024-election/harris-campaign-ramps-unhinged-unstable-attack-trump-new-ad-rcna175994,starter
Be well: Take a walk outside to boost your mental health,FoxNews,2023-03-27,2023,https://www.foxnews.com/health/be-well-take-walk-outside-boost-your-mental-health,starter
Trump says he won’t debate Harris again,NBC,2024-09-12,2024,https://www.nbcnews.com/politics/2024-election/trump-says-wont-participate-presidential-debates-harris-rcna170905,starter
"In India, Dalits still feel bottom of the caste ladder",NBC,2020-09-13,2020,https://www.nbcnews.com/news/world/india-dalits-still-feel-bottom-caste-ladder-n1239846,starter
GOP Rep. Michelle Steel rescinds cosponsorship of Life at Conception Act after winning primary,NBC,2024-03-07,2024,https://www.nbcnews.com/politics/congress/gop-rep-michelle-steel-rescinds-cosponsorship-life-conception-act-rcna142285,starter
Chuck Todd: Why we're in Milwaukee,NBC,2024-07-18,2024,https://www.nbcnews.com/politics/elections/chuck-todd-re-milwaukee-rcna162452,starter
Biden signs TikTok ban for government devices amid security concerns,NBC,2022-12-30,2022,https://www.nbcnews.com/tech/tech-news/tiktok-ban-biden-government-college-state-federal-security-privacy-rcna63724,starter
"New FBI stats show 'historic' declines in violent crime rate, with murder showing sharpest drop",NBC,2024-06-11,2024,https://www.nbcnews.com/news/us-news/new-fbi-stats-show-historic-declines-violent-crime-rate-murder-showing-rcna156573,starter
"North Carolina mom of 4 swept up by Hurricane Helene flooding in front of husband, 8-year-old son",FoxNews,2024-10-08,2024,https://www.foxnews.com/us/north-carolina-mom-4-swept-up-hurricane-helene-flooding-front-husband-8-year-old-son,starter
IDF reveals 4 reasons why it killed Hezbollah commander Fuad Shukr,FoxNews,2024-07-31,2024,https://www.foxnews.com/world/idf-reveals-4-reasons-why-killed-hezbollah-commander-fuad-shukr,starter
Building Trump shooter used to fire shots at president was responsibility of local police: source,FoxNews,2024-07-15,2024,https://www.foxnews.com/politics/building-trump-shooter-used-fire-shots-president-responsibility-local-police-source.print,starter
Judge questions DOJ's handling of a Jan. 6 rioter who 'scuffled' with an officer who died by suicide,NBC,2023-05-05,2023,https://www.nbcnews.com/politics/justice-department/judge-questions-dojs-handling-jan-6-rioter-scuffled-officer-died-suici-rcna82979,starter
Barack Obama cuts new ads in major Senate races,NBC,2024-10-04,2024,https://www.nbcnews.com/politics/2024-election/barack-obama-cuts-new-ad-elissa-slotkin-battleground-michigan-senate-r-rcna173937,starter
"Narcan accessibility varies store-to-store across U.S., making life-saving opioid overdose drug harder to find",NBC,2024-03-11,2024,https://www.nbcnews.com/health/health-news/narcan-opioid-overdose-drug-otc-access-varies-us-stores-rcna135324,starter
Soon Chung Park worked long days as single mom to bring 5 kids from Korea to U.S.,NBC,2021-03-25,2021,https://www.nbcnews.com/news/asian-america/soon-chung-park-worked-long-days-single-mom-bring-5-kids-korea-us-rcna514,starter
'Lock him up!': Hillary Clinton smiles and nods amid chants echoing Trump supporters,NBC,2024-08-20,2024,https://www.nbcnews.com/politics/2024-election/lock-hillary-clinton-smiles-nods-chants-echoing-trump-supporters-rcna167299,starter
Sen. Tammy Baldwin repays taxpayer-funded November 2020 NYC trip to see partner,FoxNews,2023-08-28,2023,https://www.foxnews.com/politics/tammy-baldwin-repays-taxpayer-funded-november-2020-nyc-trip-see-partner,starter
$1 rum cocktail at Applebee's highlights Halloween-themed drink deals,FoxNews,2024-10-03,2024,https://www.foxnews.com/food-drink/1-rum-cocktail-applebees-highlights-halloween-themed-drink-deals,starter
Israel's Netanyahu misses deadline to form a new government,NBC,2021-05-05,2021,https://www.nbcnews.com/news/world/israel-s-netanyahu-misses-deadline-form-new-government-n1266353,starter
Parents speak out after daughter assigned to share bed with trans student on school trip: 'Told to hide it',FoxNews,2023-12-09,2023,https://www.foxnews.com/media/parents-speak-daughter-assigned-share-bed-trans-student-school-trip-told-hide-it,starter
Florida homeowners fear soaring insurance cost after hurricanes,FoxNews,2024-10-17,2024,https://www.foxnews.com/us/florida-homeowners-fear-soaring-insurance-cost-hurricanes,starter
Medicine for hostages enters Gaza in aid deal,NBC,2024-01-17,2024,https://www.nbcnews.com/news/world/live-blog/israel-hamas-war-live-updates-rcna134245/rcrd31194?canonicalCard=true,starter
"Biden speaks with Netanyahu amid escalating tensions in U.S.-Israel, warns against Rafah invasion",NBC,2024-03-18,2024,https://www.nbcnews.com/politics/white-house/biden-speak-netanyahu-escalating-tensions-us-israel-relationship-rcna143858,starter
"Texas man 'lit the match' at Capitol, prosecutor tells jurors in first Jan. 6 trial",NBC,2022-03-02,2022,https://www.nbcnews.com/politics/justice-department/texas-man-lit-match-capitol-prosecutor-tells-jurors-first-jan-6-trial-rcna18189,starter
Children of missing Korean War airman hold US to leave no man behind,FoxNews,2020-05-29,2020,https://www.foxnews.com/media/missing-korean-war-airman-fox-nation,starter
10 gadgets to help you sleep better,FoxNews,2024-09-21,2024,https://www.foxnews.com/lifestyle/devices-to-help-sleep-better,starter
"On this day in history, October 10, 1845, US Naval Academy founded after planned mutiny shocks nation",FoxNews,2024-10-10,2024,https://www.foxnews.com/lifestyle/this-day-history-oct-10-1845-us-naval-academy-founded-planned-mutiny-shocks,starter
Trump attends 9/11 event with a far-right activist who pushed a conspiracy theory about the tragedy,NBC,2024-09-12,2024,https://www.nbcnews.com/politics/2024-election/trump-911-laura-loomer-conspiracy-theorist-rcna170743,starter
Trans inmate who killed baby and identifies as Muslim woman sues chaplain for allegedly not allowing hijab,FoxNews,2024-02-20,2024,https://www.foxnews.com/politics/trans-inmate-who-killed-baby-identifies-muslim-woman-sues-chaplain-allegedly-not-allowing-hijab,starter
Are Russia and North Korea planning an 'October surprise' that aids Trump?,NBC,2024-05-24,2024,https://www.nbcnews.com/news/investigations/are-russia-north-korea-planning-october-surprise-aids-trump-rcna153828,starter
Federal appeals court upholds but narrows the gag order in Trump's D.C. election interference case,NBC,2023-12-08,2023,https://www.nbcnews.com/politics/donald-trump/federal-appeals-court-upholds-narrows-gag-order-trumps-dc-election-int-rcna128778,starter
"Sinwar's killing looks set to boost Netanyahu, the Houdini of Israeli politics",NBC,2024-10-18,2024,https://www.nbcnews.com/news/world/sinwars-killing-boost-netanyahu-israeli-politics-hamas-war-rcna176067,starter
DeSantis admin blocked from threatening TV stations over pro-abortion ads,FoxNews,2024-10-18,2024,https://www.foxnews.com/politics/desantis-admin-blocked-from-threatening-tv-stations-over-pro-abortion-ads,starter
What Scott Peterson's recent court win could mean for his yearslong quest for freedom,FoxNews,2024-10-13,2024,https://www.foxnews.com/us/what-scott-petersons-recent-court-win-means-his-years-long-quest-freedom.print,starter
Excessive heat map: How vulnerable is your neighborhood?,NBC,2023-06-18,2023,https://www.nbcnews.com/data-graphics/map-excessive-extreme-heat-vulnerable-your-neighborhood-rcna84666,starter
"The Amazon’s crucial water cycle faces collapse, scientists say",NBC,2024-02-14,2024,https://www.nbcnews.com/science/environment/amazons-crucial-water-cycle-faces-collapse-scientists-say-rcna138639,starter
"Milton shreds roof of Tropicana Field, home of baseball's Tampa Bay Rays",NBC,2024-10-10,2024,https://www.nbcnews.com/news/us-news/milton-shreds-roof-tropicana-field-home-baseballs-tampa-bay-rays-rcna174808,starter
Texas officials: Uvalde shooting report reveals 'multiple systemic failures',FoxNews,2022-07-17,2022,https://www.foxnews.com/us/texas-uvalde-shooting-report-reveals-multiple-systemic-failiures,starter
"Republicans are spending millions on turnout operations that are deeply flawed, insiders say",NBC,2023-06-01,2023,https://www.nbcnews.com/politics/elections/republicans-are-spending-millions-turnout-operations-are-deeply-flawed-rcna74920,starter
Bruce Willis’ wife Emma Heming struggles with ‘guilt’ as she deals with his dementia diagnosis,FoxNews,2023-11-14,2023,https://www.foxnews.com/entertainment/bruce-willis-wife-emma-heming-struggles-guilt-deals-dementia-diagnosis,starter
Do Anti-Snoring Devices Work? I Asked Experts | NBC Select,NBC,2026-03-12,2026,https://www.nbcnews.com/select/shopping/best-anti-snoring-devices-rcna143619,starter
"Jewish Americans could show 'significant change' in voting, support Republican candidates in 2024: experts",FoxNews,2023-10-23,2023,https://www.foxnews.com/us/jewish-americans-could-show-significant-change-in-voting-support-republican-candidates-2024-experts,starter
"Harris calls for Americans to 'move past the failed policies' in November, draws mockery",FoxNews,2024-09-25,2024,https://www.foxnews.com/media/harris-calls-americans-move-past-failed-policies-november-draws-mockery.print,starter
"Ex-Obama adviser Axelrod argues Trump is incumbent in the race, Harris is 'turn the page' candidate",FoxNews,2024-09-03,2024,https://www.foxnews.com/media/ex-obama-adviser-axelrod-argues-trump-incumbent-race-harris-turn-page-candidate.print,starter
A boy beat me in track and sexually harassed me. Biden thinks I’m the problem,FoxNews,2024-05-07,2024,https://www.foxnews.com/opinion/boy-beat-track-sexually-harassed-biden-thinks-problem.print,starter
Delphi murders trial: Suspect Richard Allen's attorneys make stunning revelation about hair at crime scene,FoxNews,2024-10-16,2024,https://www.foxnews.com/us/delphi-murders-trial-suspect-richard-allen-attorneys-make-stunning-revelation-about-hair-crime-scene,starter
"Harris, Walz give first sit-down interview after Biden's exit from the 2024 election",NBC,2024-08-30,2024,https://www.nbcnews.com/politics/2024-election/kamala-harris-interview-tim-walz-cnn-biden-election-rcna168705,starter
Taylor Swift arrives for Chiefs-Ravens Week 1 opener,FoxNews,2024-09-05,2024,https://www.foxnews.com/sports/taylor-swift-arrives-chiefs-ravens-week-1-opener,starter
9 Best Stainless Steel Cookware in 2026 | NBC Select,NBC,2024-09-03,2024,https://www.nbcnews.com/select/shopping/best-stainless-steel-cookware-rcna169399,starter
"Stampede at religious event in India kills more than 100 people, almost all of them women",NBC,2024-07-03,2024,https://www.nbcnews.com/news/world/stampede-religious-event-india-kills-100-people-almost-women-rcna160102,starter
Project 2025 winding down policy work after Trump criticism,NBC,2024-07-30,2024,https://www.nbcnews.com/politics/donald-trump/project-2025-winding-policy-work-months-criticism-trump-rcna164357,starter
Former Clinton aide Paul Begala warns 'walls are closing in' on Biden campaign,FoxNews,2024-07-18,2024,"https://www.foxnews.com/media/former-clinton-aide-paul-begala-warns-walls-closing-in-biden-campaign#&_intcmp=fnhptb_blue_BIDEN%20ON%20THE%20BRINK_1_1,hp1bt",starter
"Democrats privately concerned Biden campaign is 'doomed,' worry Trump may even win blue states: report",FoxNews,2024-05-28,2024,https://www.foxnews.com/media/democrats-privately-concerned-biden-campaign-doomed-worry-trump-win-blue-states-report.print,starter
"Puerto Ricans displaced by earthquakes wait for a safe home amid roadblocks, delays",NBC,2020-01-28,2020,https://www.nbcnews.com/news/latino/puerto-ricans-displaced-earthquakes-wait-safe-home-amid-roadblocks-delays-n1120941,starter
Hillary Clinton says Trump poses 'danger to our country and the world' after assassination attempt,FoxNews,2024-09-17,2024,https://www.foxnews.com/media/hillary-clinton-says-trump-poses-danger-our-country-world-after-assassination-attempt,starter
Emmy Awards 2024 winners: Complete list,NBC,2024-09-16,2024,https://www.nbcnews.com/pop-culture/tv/emmys-2024-complete-winners-list-rcna171224,starter
Congress expected to consider emergency spending measure to replace Baltimore bridge after collapse,FoxNews,2024-03-26,2024,https://www.foxnews.com/politics/congress-expects-emergency-spending-measure-replace-baltimore-bridge-after-collapse,starter
Iran trying to sabotage Trump's presidential campaign: US intelligence,FoxNews,2024-07-29,2024,https://www.foxnews.com/politics/iran-trying-sabotage-trumps-presidential-campaign-us-intelligence,starter
Peloton recalls 2.2 million exercise bikes over safety hazard,NBC,2023-05-11,2023,https://www.nbcnews.com/business/consumer/peloton-recalls-22-million-exercise-bikes-safety-hazard-rcna83932,starter
"Dementia warning: Don't ever say these 16 things to loved ones with the disease, experts advise",FoxNews,2024-08-21,2024,https://www.foxnews.com/health/dementia-warning-dont-say-16-things-loved-ones-disease-experts-advise,starter
"Taylor Swift, Travis Kelce’s romance under microscope after singer skipped last two games",FoxNews,2024-10-07,2024,https://www.foxnews.com/entertainment/taylor-swift-travis-kelces-romance-under-microscope-after-singer-skipped-last-two-games,starter
Saudi dissidents 'betrayed' by Biden trip as he defends his planned visit,NBC,2022-07-15,2022,https://www.nbcnews.com/news/world/saudi-dissidents-betrayed-biden-trip-defends-planned-visit-rcna37717,starter
Potential Al Qaeda resurgence in Afghanistan worries U.S. officials,NBC,2021-08-12,2021,https://www.nbcnews.com/news/mideast/potential-al-qaeda-resurgence-afghanistan-worries-u-s-officials-n1276614,starter
"Israel seizes trove of intelligence on Hamas in Gaza offensive, officials say",NBC,2024-03-21,2024,https://www.nbcnews.com/news/world/israel-seizes-trove-intelligence-hamas-gaza-us-help-rcna144365,starter
Modi’s image in the U.S. is more important than ever after election setbacks,NBC,2024-06-06,2024,https://www.nbcnews.com/news/asian-america/narendra-modi-india-election-us-opinion-rcna155712,starter
'America's Got Talent' judges speak out about Simon Cowell's injury: 'We miss our boss',FoxNews,2020-08-10,2020,https://www.foxnews.com/entertainment/simon-cowell-injury-americas-got-talent-judges-react,starter
"Iran spouts 'propaganda' from UN podium, calls on Middle East to unite behind Tehran",FoxNews,2024-09-24,2024,https://www.foxnews.com/world/iran-spouts-propaganda-from-un-podium-calls-middle-east-unite-behind-tehran,starter
NSA official: hackers use AI bots like ChatGPT to perfect English,NBC,2024-01-09,2024,https://www.nbcnews.com/tech/security/nsa-hacker-ai-bot-chat-chatgpt-bard-english-google-openai-rcna133086,starter
Harris slammed for pledging millions to Lebanon as North Carolina suffers,FoxNews,2024-10-06,2024,https://www.foxnews.com/politics/harris-slammed-pledging-millions-lebanon-north-carolina-suffers.print,starter
Is India about to change name to Bharat? G20 dinner Invites fuel rumors,NBC,2023-09-06,2023,https://www.nbcnews.com/news/world/india-change-name-bharat-g20-dinner-invites-rcna103570,starter
U.S. says to send powerful THAAD defense system to Israel,NBC,2024-10-14,2024,https://www.nbcnews.com/news/world/thaad-israel-hezbollah-defense-system-rcna175235,starter
"How to sanitize your phone and other tech, according to doctors",NBC,2020-01-22,2020,https://www.nbcnews.com/select/shopping/best-uv-c-ultraviolet-light-sanitizers-ncna1119301,starter
"Israeli military says 5 soldiers killed by friendly fire in northern Gaza, more troops to join Rafah operation",NBC,2024-05-16,2024,https://www.nbcnews.com/news/world/5-israeli-soldiers-killed-friendly-fire-northern-gaza-jabalia-rcna152534,starter
Fulton County DA Fani Willis asks appeals court to reinstate six counts in Trump election case,NBC,2024-10-16,2024,https://www.nbcnews.com/politics/donald-trump/fulton-county-fani-willis-trump-appeals-court-reinstate-six-charges-rcna175776,starter
‘You’re gonna die tonight’: Trump fan admits dragging cop down Capitol steps,NBC,2022-09-14,2022,https://www.nbcnews.com/politics/justice-department/re-gonna-die-tonight-trump-fan-admits-dragging-cop-capitol-steps-rcna47737,starter
Travelers could face new penalty for exceeding baggage limit on trains,FoxNews,2024-09-13,2024,https://www.foxnews.com/travel/travelers-face-new-penalty-exceeding-baggage-limit-trains,starter
Last words of 'hero' firefighter who died at Trump rally shooting revealed,FoxNews,2024-07-16,2024,https://www.foxnews.com/us/last-words-hero-firefighter-who-died-trump-rally-shooting-revealed,starter
"Explosion rocks Kerch Bridge connecting Russia and Crimea, 3 dead: officials",FoxNews,2022-10-08,2022,https://www.foxnews.com/world/kerch-bridge-connecting-crimea-russia-fire-after-possible-fuel-tank-explosion-ukraine-media,starter
North Korea fires two missiles after U.S. submarine arrives in South,NBC,2023-07-25,2023,https://www.nbcnews.com/news/world/north-korea-fires-two-missiles-us-submarine-arrives-south-rcna96101,starter
Christian parents complain after 11-year-old daughter forced to share bed with biological male on school trip,FoxNews,2023-12-04,2023,https://www.foxnews.com/media/mom-dad-complain-11-year-old-daughter-forced-share-bed-biological-male-school-trip,starter
Sen. Bernie Sanders opposes giving Israel $10 billion in aid,NBC,2023-12-05,2023,https://www.nbcnews.com/politics/congress/sen-bernie-sanders-opposes-giving-israel-10-billion-aid-rcna128102,starter
"Meet the American who wrote 'America the Beautiful,' Katharine Lee Bates, professor-poet prayed for unity",FoxNews,2024-06-28,2024,https://www.foxnews.com/lifestyle/meet-american-wrote-america-beautiful-katharine-lee-bates,starter
Alabama executes man who killed 5 in drug-fueled rampage,FoxNews,2024-10-17,2024,https://www.foxnews.com/us/alabama-executes-man-killed-5-drug-fueled-rampage.print,starter
Atlanta 'Cop City' protesters clash with police over construction of training center,FoxNews,2023-11-13,2023,https://www.foxnews.com/us/atlanta-cop-city-protesters-clash-police-construction-training-center.print,starter
Gaza struggles to bury and grieve as Israel-Hamas war death toll rises,NBC,2023-11-15,2023,https://www.nbcnews.com/news/world/gaza-burials-dead-israel-hamas-war-rcna124238,starter
Black group fires back at Obama for ‘insulting’ Harris pitch: 'Worst kind of identity politics',FoxNews,2024-10-13,2024,https://www.foxnews.com/politics/black-group-fires-back-obama-insulting-harris-pitch-worst-kind-identity-politics,starter
"After she was freed, Israeli hostage offered a handshake to Hamas",NBC,2023-10-24,2023,https://www.nbcnews.com/news/world/israeli-hostage-handshake-hamas-rcna121852,starter
Instagram to automatically put teens into private accounts,NBC,2024-09-17,2024,https://www.nbcnews.com/tech/instagram-meta-teens-private-accounts-increased-restrictions-rcna171294,starter
"Netanyahu won’t agree to hostage deal unless it polls well for him, Israeli families say they were told",NBC,2024-05-31,2024,https://www.nbcnews.com/news/world/israel-hamas-war-hostage-deal-netanyahu-polls-families-rcna154841,starter
Shehbaz Sharif elected Pakistan’s prime minister for second term,NBC,2024-03-03,2024,https://www.nbcnews.com/news/world/shehbaz-sharif-elected-pakistans-prime-minister-second-term-rcna141541,starter
Hezbollah head vows vengeance over killing of Hamas leader in Iran,NBC,2024-08-01,2024,https://www.nbcnews.com/news/world/hezbollah-nasrallah-threats-hamas-israel-iran-gaza-rcna164677,starter
CDC urges proper cooking of wild game after family sickened by bear meat parasite,FoxNews,2024-05-29,2024,https://www.foxnews.com/us/cdc-urges-proper-cooking-wild-game-family-sickened-bear-meat-parasite,starter
Harris once boasted of 'behind the scenes' work to get 'every' trans inmate access to gender surgeries,FoxNews,2024-09-12,2024,https://www.foxnews.com/politics/harris-once-boasted-behind-scenes-work-get-every-trans-inmate-access-gender-surgeries,starter
Meet the Hurricane Milton babies born at Florida hospitals during the storm,FoxNews,2024-10-15,2024,https://www.foxnews.com/health/meet-hurricane-milton-babies-born-florida-hospitals-during-storm,starter
8 best comfortable work-from-home pants for men,NBC,2021-05-04,2021,https://www.nbcnews.com/select/shopping/best-work-home-pants-men-ncna1266296,starter
Class destroyed: The rise and ruin of Gaza&#39;s revered universities,NBC,2024-04-23,2024,https://www.nbcnews.com/specials/gaza-universities-destroyed-israel-military-war/index.html,starter
Taylor Swift sits separate from Brittany Mahomes at Chiefs game amid Trump support controversy,FoxNews,2024-09-06,2024,https://www.foxnews.com/sports/taylor-swift-sits-separate-from-brittany-mahomes-chiefs-game-amid-trump-support-controversy.print,starter
"Odds of Israel-Hezbollah war 'inevitable,' experts fear: 'Totally pessimistic'",FoxNews,2024-02-19,2024,https://www.foxnews.com/world/odds-of-israel-hezbollah-war-inevitable-experts-fear-totally-pessimistic,starter
"Ahead of the holidays, here's how to build charcuterie boards that are 'super festive'",FoxNews,2022-11-12,2022,https://www.foxnews.com/lifestyle/ahead-holidays-build-charcuterie-boards-festive,starter
Republicans float conspiracy theory that Biden won't be on the ballot,NBC,2023-10-26,2023,https://www.nbcnews.com/politics/2024-election/republicans-float-conspiracy-theory-biden-wont-ballot-rcna121467,starter
NRA accuses Meta of 'election interference' after labeling posts hitting Harris 'false information',FoxNews,2024-09-27,2024,https://www.foxnews.com/media/nra-accuses-meta-election-interference-after-labeling-posts-hitting-harris-false-information.print,starter
Florida family stuns with statistical improbability as all four daughters are crowned valedictorian,FoxNews,2024-06-07,2024,https://www.foxnews.com/lifestyle/florida-family-stuns-statistical-improbability-all-four-daughters-crowned-valedictorian,starter
Are protests 'the beginning of the end' for Cuba's communist government?,NBC,2021-07-22,2021,https://www.nbcnews.com/news/latino/are-protests-beginning-end-cubas-communist-government-rcna1460,starter
JD Vance calls out Kamala Harris' 'bizarre' answers to Bret Baier: 'Something pathological going on',FoxNews,2024-10-17,2024,https://www.foxnews.com/media/jd-vance-calls-out-kamala-harris-bizarre-answers-bret-baier-something-pathological-going-on.print,starter
Death and heartbreak at every turn in kibbutz near Gaza that was ambushed by Hamas,NBC,2023-10-11,2023,https://www.nbcnews.com/news/world/death-heartbreak-every-turn-kibbutz-gaza-was-ambushed-hamas-rcna119975,starter
Zelenskyy downplays comment that Trump doesn't know how to end Russia's war with Ukraine,FoxNews,2024-09-27,2024,https://www.foxnews.com/politics/zelenskyy-downplays-comment-trump-doesnt-know-how-end-russias-war-ukraine,starter
"North Korean soldiers are training to fight for Russia, Ukraine says",NBC,2024-10-16,2024,https://www.nbcnews.com/news/world/us-concerned-reports-north-korean-soldiers-fighting-for-russia-ukraine-rcna175640,starter
The U.S. readies to evacuate Americans from Lebanon if fighting between Israel and Hezbollah intensifies,NBC,2024-06-27,2024,https://www.nbcnews.com/investigations/us-preps-evacuate-americans-lebanon-fighting-israel-hezbollah-rcna159303,starter
Biden followed pro-Israel U.S. precedent. But new critics shake the status quo.,NBC,2021-05-14,2021,https://www.nbcnews.com/news/world/far-away-tense-jerusalem-squad-pressures-biden-israel-palestinian-conflict-n1267275,starter
Federal judge orders Trump assassination attempt suspect Routh not to be released,FoxNews,2024-09-23,2024,https://www.foxnews.com/us/trump-assassination-attempt-suspect-ryan-routh-ordered-held-pretrial-detention.print,starter
Biden warns of nationwide abortion ban if Republicans take majority of Congress: 'The choice is clear',FoxNews,2022-07-01,2022,https://www.foxnews.com/politics/biden-warns-nationwide-abortion-ban-republicans-take-majority-congress-choice-clear.print,starter
"On Veterans Day, this Vietnam vet wants others to know: ‘You are not alone’",FoxNews,2021-11-11,2021,https://www.foxnews.com/us/veterans-day-vietnam-vet-message,starter
"Chargers' Jim Harbaugh abruptly leaves game with mystery illness, returns minutes later",FoxNews,2024-10-13,2024,https://www.foxnews.com/sports/chargers-jim-harbaugh-abruptly-leaves-game-mystery-illness-returns-minutes-later,starter
Kamala Harris sees path to victory in Pennsylvania running through the suburbs,NBC,2024-10-14,2024,https://www.nbcnews.com/politics/2024-election/kamala-harris-sees-path-victory-pennsylvania-running-suburbs-rcna175307,starter
"Trump slams Harris' call to ban price-gouging, but 37 states already do",NBC,2024-08-21,2024,https://www.nbcnews.com/politics/2024-election/trump-slams-harris-call-ban-price-gouging-37-states-already-rcna167158,starter
Elon Musk called Gov. Josh Shapiro during the Steelers game to talk about investing in Pennsylvania,NBC,2024-10-08,2024,https://www.nbcnews.com/politics/2024-election/elon-musk-called-gov-josh-shapiro-steelers-game-investing-pennsylvania-rcna174508,starter
"Meet the American who created bubble gum, Walter Diemer, home-kitchen chemist outwitted scientists",FoxNews,2024-05-10,2024,https://www.foxnews.com/lifestyle/meet-american-who-created-bubble-gum-walter-diemer-home-kitchen-chemist-outwitted-scientists,starter
"Man fined for standing silently outside UK abortion clinic, officers couldn't tell him his crime",FoxNews,2024-05-25,2024,https://www.foxnews.com/media/man-fined-standing-silently-outside-uk-abortion-clinic-officers-couldnt-tell-him-crime,starter
Kari Lake shreds VP Harris' 'despicable' southern border visit: Just to make the 'mainstream media happy',FoxNews,2024-09-29,2024,https://www.foxnews.com/media/kari-lake-shreds-vp-harris-despicable-southern-border-visit-make-mainstream-media-happy,starter
"Antisemitic incidents across Europe, Canada hit record levels 5 months after Hamas massacre of Israelis",FoxNews,2024-03-09,2024,https://www.foxnews.com/world/antisemitic-incidents-across-europe-canada-record-levels-5-months-hamas-massacre-israelis.print,starter
Harris-Walz win would make Minnesota's Peggy Flanagan its first Native American and female governor,NBC,2024-08-06,2024,https://www.nbcnews.com/politics/2024-election/harris-walz-win-make-minnesotas-peggy-flanagan-first-native-american-rcna165389,starter
A hit song wins a Latin Grammy. One of its songwriters is in a Cuban prison.,NBC,2021-11-19,2021,https://www.nbcnews.com/news/latino/song-wins-latin-grammy-one-songwriters-cuban-prison-rcna6150,starter
Sen. Lindsey Graham says embattled GOP candidate Mark Robinson must defend himself,NBC,2024-09-22,2024,https://www.nbcnews.com/politics/2024-election/lindsey-graham-mark-robinson-must-defend-himself-north-carolina-rcna172133,starter
Beware Kamala's 'fair share' lie on taxes,FoxNews,2024-10-02,2024,https://www.foxnews.com/opinion/beware-kamalas-fair-share-lie-taxes.print,starter
Six states sue Biden administration over new Title IX protections for trans athletes in girls' sports,FoxNews,2024-04-30,2024,https://www.foxnews.com/media/six-states-sue-biden-administration-over-new-title-ix-protections-trans-athletes-girls-sports,starter
Election 2024: Trump courts Jewish voters; Harris participates in event hosted by Oprah Winfrey,NBC,2024-09-19,2024,https://www.nbcnews.com/politics/2024-election/live-blog/harris-trump-presidential-election-live-updates-rcna171171/rcrd56013?canonicalCard=true,starter
Former president Jimmy Carter celebrates his 100th birthday,NBC,2024-10-01,2024,https://www.nbcnews.com/news/us-news/jimmy-carter-turns-100-rcna172235,starter
Key Pennsylvania region sees ‘waitlist’ for Trump signs; lawmaker says voters ready to reverse Dem policies,FoxNews,2024-10-17,2024,https://www.foxnews.com/politics/key-pa-region-sees-waitlist-trump-signs-lawmaker-says-voters-ready-reverse-dem-policies.print,starter
Meta says it broke up Chinese influence operation looking to exploit U.S. political divisions,NBC,2023-11-30,2023,https://www.nbcnews.com/tech/security/meta-says-broke-chinese-influence-operation-looking-exploit-us-politic-rcna127181,starter
21 best personalized Father's Day gifts for dad in 2022,NBC,2021-06-08,2021,https://www.nbcnews.com/select/shopping/personalized-fathers-day-gifts-ncna1269952,starter
American women players settle suit vs. US Soccer for $24M,FoxNews,2022-02-22,2022,https://www.foxnews.com/sports/american-women-players-settle-suit-vs-us-soccer-for-24m,starter
"Once feared, illicit fentanyl is now a drug of choice for many opioid users",NBC,2022-08-07,2022,https://www.nbcnews.com/health/health-news/feared-illicit-fentanyl-now-drug-choice-many-opioids-users-rcna40418,starter
The 27 best cookie baking tools for beginners and experts,NBC,2023-12-21,2023,https://www.nbcnews.com/select/shopping/best-cookie-baking-tools-rcna130409,starter
Bowman takes a swipe at Hillary Clinton after she backs his opponent: 'Wouldn't call that a major endorsement',FoxNews,2024-06-14,2024,https://www.foxnews.com/media/bowman-takes-swipe-hillary-clinton-after-she-backs-his-opponent-wouldnt-call-major-endorsement,starter
Colorado mayor speaks out after video of armed Venezuelan gang in apartment goes viral: 'Failed policy',FoxNews,2024-08-29,2024,https://www.foxnews.com/us/colorado-mayor-speaks-out-after-video-armed-venezuelan-gang-apartment-goes-viral.print,starter
3 great American cities for history buffs and patriotic travelers this summer,FoxNews,2024-05-23,2024,https://www.foxnews.com/travel/3-american-cities-history-buffs-patriotic-travelers-this-summer,starter
TikToker Rachel Yaffe dies of rare liver cancer at 27,NBC,2024-10-17,2024,https://www.nbcnews.com/news/us-news/tiktoker-rachel-yaffe-dies-rare-liver-cancer-27-rcna175880,starter
Bad blood with Republicans drives a decline in Taylor Swift's poll numbers,NBC,2024-09-27,2024,https://www.nbcnews.com/politics/bad-blood-republicans-drives-decline-taylor-swifts-poll-numbers-rcna172999,starter
Pentagon sending a ‘few thousand’ personnel to Middle East day after Biden said he wouldn’t add combat troops,FoxNews,2024-09-30,2024,https://www.foxnews.com/politics/pentagon-sending-few-thousand-us-troops-middle-east-one-day-after-biden-promised-he-wouldnt,starter
Christian baker faces new lawsuit over gender-transition cake after Supreme Court,FoxNews,2023-10-09,2023,https://www.foxnews.com/politics/christian-baker-faces-new-lawsuit-over-gender-transition-cake-after-supreme-court,starter
"Suspect in Laken Riley killing indicted on murder, kidnapping and 'peeping tom' charges",NBC,2024-05-08,2024,https://www.nbcnews.com/news/us-news/suspect-laken-riley-killing-indicted-murder-kidnapping-peeping-tom-cha-rcna151254,starter
'White dudes' rally to elect Kamala Harris as the first female president,NBC,2024-07-30,2024,https://www.nbcnews.com/politics/2024-election/white-dudes-rally-elect-first-female-president-rcna164208,starter
Obama endorses Harris for president in a whirlwind week of party support,NBC,2024-07-26,2024,https://www.nbcnews.com/politics/2024-election/obama-endorses-harris-president-whirlwind-week-party-support-rcna163613,starter
Fentanyl plus stimulants drives ‘fourth wave’ of overdose epidemic in the U.S.,NBC,2023-09-14,2023,https://www.nbcnews.com/health/health-news/fentanyl-stimulants-drives-fourth-wave-overdose-epidemic-us-rcna104953,starter
9 Best Tranexamic Acid Serums of 2026 | NBC Select,NBC,2024-04-09,2024,https://www.nbcnews.com/select/shopping/best-tranexamic-acid-serum-rcna146988,starter
"Amtrak announces 'Floridian' train with 2-day route, sparking reactions on social media",FoxNews,2024-09-25,2024,https://www.foxnews.com/travel/amtrak-announces-floridian-train-2-day-route-sparking-reactions-social-media,starter
Republicans say Schumer must act on voter proof of citizenship bill if Democrat 'really cares about democracy',FoxNews,2024-07-28,2024,https://www.foxnews.com/politics/schumer-controls-fate-election-integrity-bill-would-require-proof-citizenship-vote,starter
Accused Idaho college killer Bryan Kohberger's trial date pushed back,FoxNews,2024-10-09,2024,https://www.foxnews.com/us/accused-idaho-college-killer-bryan-kohbergers-trial-date-pushed-back,starter
Trump blasts Harris as part of Truth Social flurry on what she 'didn't mention' in DNC speech,FoxNews,2024-08-23,2024,https://www.foxnews.com/politics/trump-blasts-harris-as-part-of-truth-social-flurry-on-what-she-didnt-mention-in-dnc-speech.print,starter
"Young voters take a new look at Harris, but some are waiting instead of committing",NBC,2024-08-21,2024,https://www.nbcnews.com/politics/2024-election/young-voters-take-new-look-harris-are-waiting-instead-committing-rcna166647,starter
Olivia Moultrie is proud of her journey to play in NWSL,FoxNews,2022-08-09,2022,https://www.foxnews.com/sports/olivia-moultrie-proud-journey-play-nwsl,starter
Yeti French Press Review | NBC Select,NBC,2024-08-27,2024,https://www.nbcnews.com/select/shopping/yeti-french-press-review-rcna168442,starter
"Biden, Democrats falsely frame Green movement as 'economic': Charles Payne",FoxNews,2022-09-18,2022,https://www.foxnews.com/media/biden-democrats-falsely-frame-green-movement-economic-charles-payne,starter
23 best first Father's Day gifts for new dads in 2022,NBC,2021-06-14,2021,https://www.nbcnews.com/select/shopping/first-fathers-day-gifts-ncna1270664,starter
Amazon launches new Kindle Paperwhite e-readers: What you should know,NBC,2021-09-22,2021,https://www.nbcnews.com/select/shopping/kindle-paperwhite-update-signature-kids-ncna1279865,starter
Fact-checking Trump's 'Meet the Press' interview,NBC,2023-09-17,2023,https://www.nbcnews.com/meet-the-press/meet-the-press/fact-checking-trump-meet-press-interview-rcna105297,starter
"Trump meets everyday Americans at Chick-fil-A while Biden fine dines with Clintons, billionaires in DC",FoxNews,2024-04-11,2024,https://www.foxnews.com/politics/trump-meets-everyday-americans-chick-fil-a-biden-fine-dines-clintons-billionaires-dc,starter
"Harris-led office, ATF stonewalling probe into 'collusion' with anti-gun group lawsuit: House Oversight chair",FoxNews,2024-09-02,2024,https://www.foxnews.com/politics/harris-led-office-atf-stonewalling-probe-collusion-anti-gun-group-lawsuit-house-oversight-chair,starter
Harris rattles 'angry' Trump in debate as both candidates seek mantle of change,NBC,2024-09-11,2024,https://www.nbcnews.com/politics/2024-election/harris-rattles-angry-trump-debate-both-candidates-seek-mantle-change-rcna169058,starter
"Over 5,700 children in 5-year period had gender surgeries, most from 5 liberal states: watchdog",FoxNews,2024-10-09,2024,https://www.foxnews.com/politics/over-5700-children-5-year-period-had-gender-surgeries-most-from-5-liberal-states-watchdog,starter
Rumer Willis shares small update on dad Bruce as she announces she's 'single momming it',FoxNews,2024-08-23,2024,https://www.foxnews.com/entertainment/rumer-willis-shares-small-update-dad-bruce-she-announces-shes-single-momming-it,starter
"Benjamin Netanyahu to address Congress, Speaker Mike Johnson says",NBC,2024-05-24,2024,https://www.nbcnews.com/politics/congress/benjamin-netanyahu-address-congress-speaker-mike-johnson-says-rcna153847,starter
Arnold Schwarzenegger remembers gruesome injury while filming 'Total Recall',FoxNews,2020-06-04,2020,https://www.foxnews.com/entertainment/arnold-schwarzenegger-gruesome-injury-total-recall.print,starter
Simon Cowell details yearslong mental health battle: 'We're not all made of steel',FoxNews,2023-08-31,2023,https://www.foxnews.com/entertainment/simon-cowell-details-years-long-mental-health-battle,starter
Bruce Willis' ex-wife Demi Moore shares update on actor's condition as he battles dementia,FoxNews,2024-09-13,2024,https://www.foxnews.com/entertainment/demi-moore-says-ex-bruce-willis-stable-place-amid-dementia-battle-treasure-time-we-all-share,starter
"Super Bowl, NFL defy partisan trends in U.S.",NBC,2023-02-12,2023,https://www.nbcnews.com/meet-the-press/data-download/super-bowl-nfl-defy-partisan-trends-us-rcna70272,starter
How did Israel and the U.S. miss what Hamas was planning?,NBC,2023-10-07,2023,https://www.nbcnews.com/news/investigations/israel-us-miss-hamas-was-planning-rcna119335,starter
Police deny Venezuela gang has taken over rundown apartment complex in Denver suburb,NBC,2024-09-05,2024,https://www.nbcnews.com/news/latino/police-deny-venezuela-gang-taken-rundown-apartment-complex-denver-subu-rcna169831,starter
Trump appears to leave door open for second debate with Harris: 'Maybe if I got in the right mood',FoxNews,2024-09-13,2024,https://www.foxnews.com/media/trump-appears-leaves-door-open-second-debate-harris-maybe-i-got-right-mood,starter
"MSNBC, CNN left 'blown away,' with 'chills' after Harris' first campaign speech: 'Jumping out of my seat'",FoxNews,2024-07-23,2024,https://www.foxnews.com/media/msnbc-cnn-left-blown-away-chills-after-harris-first-campaign-speech-jumping-out-my-seat,starter
Taylor Swift screams during Eras Tour concert for security guard to stop harassing fan,FoxNews,2023-05-15,2023,https://www.foxnews.com/entertainment/taylor-swift-screams-eras-tour-concert-security-guard-stop-harassing-fan,starter
Discovery of Civil War map sheds new light on Antietam’s bloody aftermath,FoxNews,2020-06-19,2020,https://www.foxnews.com/science/discovery-civil-war-map-antietam,starter
Jan. 6 panel names the Republican lawmakers who sought pardons from Trump,NBC,2022-06-23,2022,https://www.nbcnews.com/politics/congress/jan-6-panel-names-republican-lawmakers-sought-pardons-trump-rcna35090,starter
Detransitioner Chloe Cole announces lawsuit against hospitals 'for pushing her into medical mutilation',FoxNews,2023-02-23,2023,https://www.foxnews.com/media/detransitioner-chloe-cole-announces-lawsuit-hospitals-pushing-medical-mutilation,starter
"Top Israeli official Ron Dermer began yelling during a meeting with U.S. officials about Gaza, officials say",NBC,2024-04-03,2024,https://www.nbcnews.com/politics/national-security/top-israeli-official-ron-dermer-yelling-meeting-us-officials-gaza-rcna146293,starter
"Harris' off-putting manner put Zelenskyy on defensive ahead of Russian invasion, new book reveals",FoxNews,2024-10-15,2024,https://www.foxnews.com/politics/harris-off-putting-manner-put-zelenskyy-defensive-ahead-russian-invasion-new-book-reveals,starter
Near-total internet and cellular blackout hits Gaza as Israel ramps up strikes,NBC,2023-10-27,2023,https://www.nbcnews.com/tech/internet/internet-blackout-hits-gaza-israel-ramps-strikes-rcna122531,starter
Pro-China influence campaign pushed talking points across more than 50 websites,NBC,2023-08-29,2023,https://www.nbcnews.com/tech/tech-news/-china-influence-campaign-pushed-talking-points-50-websites-rcna102247,starter
CNN's Dana Bash argues DNC appeals to men who are not so 'testosterone-laden',FoxNews,2024-08-22,2024,https://www.foxnews.com/media/cnns-dana-bash-argues-dnc-appeals-men-who-not-so-testosterone-laden.print,starter
Rafah residents evacuate on Israeli military orders ahead of ground assault,NBC,2024-05-06,2024,https://www.nbcnews.com/news/world/israel-hamas-war-gaza-rafah-ground-assault-evacuation-order-leaflets-rcna150811,starter
"Hamas hostage video of Hersh Goldberg-Polin should be a 'wake-up call,' parents say",NBC,2024-09-06,2024,https://www.nbcnews.com/news/world/hamas-hostage-video-hersh-goldberg-polin-wake-up-call-parents-rcna169888,starter
Ex-Trump officials say they asked the Biden DOJ for protection from Iranian threats but never got an answer,NBC,2024-07-17,2024,https://www.nbcnews.com/investigations/ex-trump-officials-asked-biden-doj-protection-iran-threats-no-answer-rcna162301,starter
Bangladesh security forces fire bullets and sound grenades as protests over government jobs escalate,NBC,2024-07-19,2024,https://www.nbcnews.com/news/world/bangladesh-suspends-internet-28-killed-deadly-protests-government-jobs-rcna162665,starter
Supreme Court sides with fishermen in landmark case deciding fate of the administrative state,FoxNews,2024-06-28,2024,https://www.foxnews.com/politics/supreme-court-sides-fishermen-landmark-case-deciding-fate-administrative-state,starter
Biden and king of Jordan discuss hostage release efforts at White House meeting,NBC,2024-02-12,2024,https://www.nbcnews.com/politics/white-house/biden-king-jordan-meet-hostage-release-talks-israel-hamas-war-rcna138379,starter
Supreme Court signals interest in hearing a major climate change case that could be a 'nightmare' for liberals,FoxNews,2024-06-15,2024,https://www.foxnews.com/politics/supreme-court-signals-interest-taking-major-climate-change-while-liberal-activists-panic,starter
100-year-old WWII veteran throws first pitch at Long Island Ducks ballpark,FoxNews,2022-07-18,2022,https://www.foxnews.com/lifestyle/100-wwii-veteran-first-pitch-long-island-ducks-ballpark,starter
Floridians prepare for the worst as Hurricane Milton quickly approaches,FoxNews,2024-10-08,2024,https://www.foxnews.com/us/floridians-prepare-worst-hurricane-milton-quickly-approaches,starter
VP Harris ripped by victim of illegal immigrant released under her program over resurfaced speech,FoxNews,2024-10-10,2024,https://www.foxnews.com/politics/vp-harris-ripped-by-victim-of-illegal-immigrant-released-under-her-program-over-resurfaced-speech.print,starter
Severe drought has returned to the Amazon. And it's happening earlier than expected.,NBC,2024-08-03,2024,https://www.nbcnews.com/news/world/severe-drought-returned-amazon-s-happening-earlier-expected-rcna165014,starter
Bluesky buzz: Why the social media platform is being called the next Twitter,NBC,2023-04-28,2023,https://www.nbcnews.com/tech/tech-news/bluesky-social-twitter-rival-jack-dorsey-what-to-know-rcna81972,starter
Stiff person syndrome patients share what it’s like to live with the rare disease,FoxNews,2024-07-09,2024,https://www.foxnews.com/health/stiff-person-syndrome-patients-share-like-live-disease,starter
CNN calls out Harris for using Trump's border wall in campaign ad after condemning it for years,FoxNews,2024-09-05,2024,https://www.foxnews.com/media/cnn-calls-out-harris-using-trumps-border-wall-campaign-ad-after-condemning-years,starter
"'Living through a war': In Cuba, a race to vaccinate as Covid surges",NBC,2021-08-10,2021,https://www.nbcnews.com/news/latino/living-war-cuba-race-vaccinate-covid-surges-rcna1635,starter
South Korean intelligence says North has sent troops to aid Russia’s war in Ukraine,FoxNews,2024-10-18,2024,https://www.foxnews.com/world/south-korean-intelligence-says-north-sent-troops-aid-russias-war-ukraine,starter
"1 year after Atlanta-area spa shootings, Asian American community is still healing",NBC,2022-03-16,2022,https://www.nbcnews.com/news/asian-america/1-year-atlanta-area-spa-shootings-asian-american-community-still-heali-rcna20095,starter
Dolly Parton and her sister share their 'Sweet Potato Casserole' recipe: 'Perfect for the fall',FoxNews,2024-09-17,2024,https://www.foxnews.com/food-drink/dolly-parton-sister-share-sweet-potato-casserole-recipe-perfect-fall,starter
DOJ charges two brothers in Jan. 6 assault on a New York Times photographer,NBC,2024-09-12,2024,https://www.nbcnews.com/politics/justice-department/doj-charges-two-brothers-jan-6-assault-new-york-photographer-rcna170825,starter
U.N. finds 'clear and convincing' information that hostages have been raped in Gaza,NBC,2024-03-05,2024,https://www.nbcnews.com/investigations/un-finds-clear-convincing-information-hostages-raped-gaza-rcna141789,starter
Pro-Palestinian protests inflame tensions in Washington over the Israel-Hamas war,NBC,2024-07-25,2024,https://www.nbcnews.com/politics/politics-news/-palestinian-protests-inflame-tensions-washington-israel-hamas-war-rcna163661,starter
'Elvis' takes No. 1 after tie with 'Top Gun: Maverick',FoxNews,2022-06-27,2022,https://www.foxnews.com/entertainment/elvis-top-gun-maverick-tie-no-1-box-office-spot,starter
Alabama Senate and House pass bills to protect IVF after court ruling,NBC,2024-02-29,2024,https://www.nbcnews.com/politics/alabama-senate-house-pass-bills-protect-ivf-rcna141184,starter
Opioid overdose antidote Narcan will be widely available over the counter next week,NBC,2023-08-30,2023,https://www.nbcnews.com/health/health-news/opioid-overdose-antidote-narcan-will-widely-available-counter-week-rcna101611,starter
WaPo columnist called out for 'sycophantic' defense of Kamala Harris: 'Refusing to see reality',FoxNews,2022-12-14,2022,https://www.foxnews.com/media/wapo-columnist-called-sycophantic-defense-kamala-harris-refusing-see-reality,starter
Floods claim two more casualties as torrential rain batters central Europe,NBC,2024-09-15,2024,https://www.nbcnews.com/news/world/floods-casualties-torrential-rain-central-europe-rcna171187,starter
NBC's Kristen Welker reveals 'panicked' Democrats texted her during debate worried by 'likable' Vance,FoxNews,2024-10-02,2024,https://www.foxnews.com/media/nbcs-kristen-welker-reveals-panicked-democrats-texted-during-debate-worried-likable-vance.print,starter
"Back-to-school by the numbers: Key stats about students, teachers and the school year",FoxNews,2023-08-19,2023,https://www.foxnews.com/lifestyle/back-to-school-numbers-key-stats-students-teachers-school-year,starter
Maher calls out CNN ‘gushing’ over Kamala Harris to network anchor: Your hosts ‘come across' as Democrats,FoxNews,2024-08-24,2024,https://www.foxnews.com/media/maher-calls-out-cnn-gushing-over-kamala-harris-network-anchor-your-hosts-come-across-democrats,starter
Republican John Duarte wins House race in California's 13th Congressional District,FoxNews,2022-12-03,2022,https://www.foxnews.com/politics/republican-john-duarte-wins-house-race-in-californias-13th-congressional-district,starter
Nelly Korda suffers unbelievable meltdown at US Women's Open with early septuple-bogey,FoxNews,2024-05-30,2024,https://www.foxnews.com/sports/nelly-korda-suffers-unbelievable-meltdown-us-womens-open-early-septuple-bogey,starter
Election 2024 updates: Harris and Walz kick off bus tour in Georgia; Vance hits Pennsylvania and Wisconsin,NBC,2024-08-28,2024,https://www.nbcnews.com/politics/2024-election/live-blog/trump-harris-presidential-election-live-updates-rcna168470,starter
Arizona abortion-rights advocates pour $15 million into ballot measure ad blitz,NBC,2024-10-01,2024,https://www.nbcnews.com/politics/2024-election/arizona-abortion-rights-advocates-pour-15-million-ballot-measure-ad-bl-rcna172930,starter
Free ice cream scoop promised to kids if they recite the Pledge of Allegiance by heart: 'A no-brainer',FoxNews,2024-07-12,2024,https://www.foxnews.com/food-drink/free-ice-cream-scoop-promised-kids-recite-pledge-allegiance-heart-no-brainer,starter
Local residents explode at Biden officials over plan to release grizzly bears near their communities,FoxNews,2023-11-08,2023,https://www.foxnews.com/politics/local-residents-explode-biden-officials-plan-release-grizzly-bears-near-communities,starter
"Rachel Morin murder: Maryland police tie crime scene DNA to Los Angeles assault, home invasion",FoxNews,2023-08-17,2023,https://www.foxnews.com/us/rachel-morin-murder-maryland-police-discuss-potential-suspect-womans-mysterious-death.print,starter
A marathon in every state: Navy vet and former NYPD cop runs across US to help deserving nonprofit,FoxNews,2024-06-12,2024,https://www.foxnews.com/lifestyle/marathon-every-state-navy-vet-former-nypd-cop-runs-us-help-nonprofit,starter
The Best Ankle Weights and Wrist Weights in 2026 | NBC Select,NBC,2026-01-09,2026,https://www.nbcnews.com/select/shopping/best-wrist-ankle-weights-ncna1267241,starter
9/11 survivors with potentially fatal illnesses left out of controversial plea deal talks: attorneys,FoxNews,2024-09-12,2024,https://www.foxnews.com/politics/9-11-survivors-suffering-from-health-complications-completely-left-out-controversial-plea-deal,starter
Flag Day is a patriotic spectacle in these all-American communities,FoxNews,2022-06-14,2022,https://www.foxnews.com/lifestyle/flag-day-spectacle-american-communities,starter
Kamala Harris and the southern border crisis: A timeline,FoxNews,2024-07-26,2024,https://www.foxnews.com/politics/kamala-harris-border-crisis-timeline.print,starter
Best OTC Teeth Whitening Products of 2026 for a Brighter Smile,NBC,2026-04-07,2026,https://www.nbcnews.com/select/shopping/best-home-teeth-whitening-products-ncna1253852,starter
"Videos taken inside Apalachee High School show gun, ordered evacuations",FoxNews,2024-09-05,2024,https://www.foxnews.com/us/videos-taken-inside-apalachee-high-school-show-gun-ordered-evacuations,starter
Trends are good in the swing county GOP chair calls ‘Little Pennsylvania’: It’ll ‘be a repeat of ‘16’,FoxNews,2024-10-14,2024,https://www.foxnews.com/politics/trends-good-swing-county-gop-chair-calls-little-pennsylvania-itll-be-repeat-16.print,starter
Is it worth saving money to let a car insurance company track your every move?,FoxNews,2024-08-04,2024,https://www.foxnews.com/tech/worth-saving-money-let-car-insurance-company-track-your-every-move.print,starter
"Dubai floods: Record rain hits UAE, 18 dead in Oman",NBC,2024-04-16,2024,https://www.nbcnews.com/news/weather/heavy-rain-rare-flooding-dubai-middle-east-rcna148056,starter
Jin from K-pop group BTS finishes military service in South Korea,NBC,2024-06-12,2024,https://www.nbcnews.com/news/world/jin-k-pop-group-bts-finishes-military-service-south-korea-rcna156693,starter
Benjamin Netanyahu says he will meet with Gov. Ron DeSantis,NBC,2023-04-23,2023,https://www.nbcnews.com/politics/2024-election/benjamin-netanyahu-meet-gov-ron-desantis-rcna80898,starter
Minnesota Timberwolves star Karl-Anthony Towns' mother dies due to complications from COVID-19,NBC,2020-04-15,2020,https://www.nbcnews.com/news/nbcblk/minnesota-timberwolves-star-karl-anthony-towns-mother-dies-due-complications-n1183691,starter
"France is sending a new Statue of Liberty to the US for July 4, but this time it's mini",FoxNews,2021-06-09,2021,https://www.foxnews.com/travel/france-2nd-mini-statue-liberty-nyc-july-washington-dc.print,starter
Rachel Morin murder eerily similar to high-profile cases of female joggers killed by strangers,FoxNews,2023-08-11,2023,https://www.foxnews.com/us/rachel-morin-murder-eerily-similar-high-profile-cases-female-joggers-killed-strangers,starter
"Netanyahu approves Rafah ground invasion, despite Biden opposition",FoxNews,2024-03-15,2024,https://www.foxnews.com/world/netanyahu-approves-rafah-ground-invasion-despite-biden-opposition,starter
5 California taxes Kamala Harris could use to crush the middle class,FoxNews,2024-08-26,2024,https://www.foxnews.com/opinion/5-california-taxes-kamala-harris-could-use-crush-middle-class,starter
Bernie Sanders silent on Cuban pro-freedom uprisings after praising Fidel Castro's communist policies,FoxNews,2021-07-11,2021,https://www.foxnews.com/politics/bernie-sanders-silent-cuban-pro-democracy-uprisings-praising-fidel-castros-communist-policies,starter
Bose launches QuietComfort II earbuds with better fit and noise cancellation,NBC,2022-09-07,2022,https://www.nbcnews.com/select/shopping/bose-quietcomfort-ii-headphones-launch-ncna1298716,starter
Why Atlanta spa shooter's Asian 'acquaintances' can't tell us much about his racial biases,NBC,2021-07-29,2021,https://www.nbcnews.com/news/asian-america/why-atlanta-spa-shooter-s-asian-acquaintances-can-t-tell-n1275348,starter
Hostage families share disturbing video of Israeli soldiers being abducted by Hamas on Oct. 7,NBC,2024-05-22,2024,https://www.nbcnews.com/news/world/hostage-families-share-disturbing-video-israeli-soldiers-abducted-hama-rcna153558,starter
All the reasons why Trump's tax-free tips plan is brilliant,FoxNews,2024-07-10,2024,https://www.foxnews.com/opinion/trumps-brilliant-tax-free-tips-plan.print,starter
Netanyahu signs coalition deal with Israeli far-right,NBC,2022-11-25,2022,https://www.nbcnews.com/news/world/israel-netanyahu-likud-far-right-colaition-ben-gvir-jewish-power-rcna58724,starter
'Scrambled pancakes' cause viral stir on social media: 'This is a crime',FoxNews,2024-06-30,2024,https://www.foxnews.com/food-drink/scrambled-pancakes-cause-viral-stir-social-media-this-crime,starter
Four Mark Robinson staffers step down from embattled campaign,NBC,2024-09-22,2024,https://www.nbcnews.com/politics/2024-election/four-mark-robinson-staffers-step-embattled-campaign-rcna172172,starter
'We simply can't cope': Fires erupt around London as U.K. records hottest day ever,NBC,2022-07-19,2022,https://www.nbcnews.com/news/europe/britain-hottest-day-on-record-hot-sunlight-heat-soaring-temperatures-rcna38840,starter
Gwyneth Paltrow reflects on Chris Martin split: ‘I never wanted to get divorced’,FoxNews,2021-03-23,2021,https://www.foxnews.com/entertainment/gwyneth-paltrow-reflects-chris-martin-divorce,starter
Taylor Swift's Eras Tour leaves US after months of making history and causing chaos,FoxNews,2023-08-09,2023,https://www.foxnews.com/entertainment/taylor-swift-eras-tour-leaves-us-months-making-history-causing-chaos.print,starter
"New Alzheimer’s research reveals ‘quiet’ phase of the disease, before symptoms appear",FoxNews,2024-10-18,2024,https://www.foxnews.com/health/new-alzheimers-research-reveals-quiet-phase-disease-before-symptoms-appear,starter
"CVS replaces CEO as profits, share price suffer",NBC,2024-10-18,2024,https://www.nbcnews.com/business/business-news/cvs-replaces-ceo-profits-share-price-suffer-rcna176072,starter
"Trump rages at Bolton, says former adviser would have caused 'World War Six'",NBC,2020-01-29,2020,https://www.nbcnews.com/politics/trump-impeachment-inquiry/trump-rages-bolton-says-former-adviser-would-have-caused-world-n1125351,starter
CMA nominee Jelly Roll says troubled past empowered him to succeed: 'I was a horrible human for decades',FoxNews,2023-11-08,2023,https://www.foxnews.com/entertainment/cma-nominee-jelly-roll-troubled-past-empowered-him-succeed,starter
Biden admin is rushing to industrialize US oceans to stop climate change: 'Environmental wrecking ball',FoxNews,2023-04-22,2023,https://www.foxnews.com/politics/biden-admin-rushing-industrialize-us-oceans-stop-climate-change-environmental-wrecking-ball,starter
"NYC migrants consume drugs, alcohol in public as 'crime wave' plagues tourist hot spot",FoxNews,2024-02-16,2024,https://www.foxnews.com/us/nyc-migrants-consume-drugs-alcohol-public-crime-wave-plagues-tourist-hot-spot.print,starter
Epstein victim drops her lawsuit against lawyer Alan Dershowitz,NBC,2022-11-08,2022,https://www.nbcnews.com/news/epstein-victim-drops-lawsuit-lawyer-alan-dershowitz-rcna56250,starter
Ron DeSantis' political star is tarnished after key Florida primary night losses,NBC,2024-08-21,2024,https://www.nbcnews.com/politics/2024-election/desantis-florida-primary-night-losses-rcna167550,starter
Big Tech companies reveal trust and safety cuts in disclosures to Senate Judiciary Committee,NBC,2024-03-29,2024,https://www.nbcnews.com/tech/tech-news/big-tech-companies-reveal-trust-safety-cuts-disclosures-senate-judicia-rcna145435,starter
Supreme Court agrees to hear Jan. 6 case that could affect Trump prosecution,NBC,2023-12-13,2023,https://www.nbcnews.com/politics/supreme-court/supreme-court-agrees-hear-jan-6-cases-affect-trump-prosecution-rcna128202,starter
FLASHBACK: Harris declined to intervene on behalf of native tribe push to protect sacred site from wind farm,FoxNews,2024-10-18,2024,https://www.foxnews.com/politics/flashback-harris-declined-to-intervene-on-behalf-of-native-tribe-push-to-protect-sacred-site-from-wind-farm.print,starter
Top New York Republican scorches state Dems' effort to ban gas stoves: 'An attack on working people',FoxNews,2023-03-28,2023,https://www.foxnews.com/politics/top-new-york-republican-scorches-state-dems-effort-ban-gas-stoves-attack-working-people,starter
"The Best Coffee Makers of 2026, According to Experts | NBC Select",NBC,2026-02-03,2026,https://www.nbcnews.com/select/shopping/best-coffee-makers-brewers-grinders-ncna1172991,starter
How Ron DeSantis’ super PAC is taking financial pressure off his campaign,NBC,2023-10-20,2023,https://www.nbcnews.com/politics/2024-election/ron-desantis-super-pac-taking-financial-pressure-campaign-rcna120160,starter
Kamala Harris accused of plagiarizing in 2009 book about being 'smart on crime',FoxNews,2024-10-14,2024,https://www.foxnews.com/politics/kamala-harris-accused-plagiarizing-2009-book-about-being-smart-crime,starter
Inside Shin Bet’s interrogation of 50 Hamas fighters,NBC,2023-11-19,2023,https://www.nbcnews.com/news/world/shin-bet-interrogation-hamas-rcna125748,starter
"North Carolina sheriff hunting 'Christmas Day Killer' knows him personally, warns he has 'nothing to lose'",FoxNews,2024-08-14,2024,https://www.foxnews.com/us/north-carolina-sheriff-hunting-christmas-day-killer-knows-him-personally-warns-he-has-nothing-lose,starter
"Nashville Christian school shooter fired 152 shots in massacre plot months in making, police say",FoxNews,2023-04-03,2023,https://www.foxnews.com/us/nashville-christian-school-shooter-fired-152-shots-massacre-plot-months-making-police-say,starter
Earthquakes and the economy leave Turkey's Erdoğan facing his toughest election in years,NBC,2023-05-13,2023,https://www.nbcnews.com/news/world/turkey-election-erdogan-earthquakes-economy-syria-refugees-rcna84282,starter
The 15 Best Shampoos for Damaged Hair in 2026 | NBC Select,NBC,2023-12-08,2023,https://www.nbcnews.com/select/shopping/best-shampoo-for-damaged-hair-rcna128625,starter
Do these potential Biden replacements have what it takes to beat Trump?,FoxNews,2024-07-02,2024,https://www.foxnews.com/politics/do-potential-biden-replacements-have-what-takes-beat-trump,starter
How a N.Y. ballot measure became a battleground in the culture wars,NBC,2024-10-10,2024,https://www.nbcnews.com/nbc-out/out-politics-and-policy/ny-ballot-measure-abortion-transgender-culture-wars-rcna174845,starter
McCarthy says Trump showing 'real leadership' to the world after assassination attempt,FoxNews,2024-07-17,2024,https://www.foxnews.com/politics/mccarthy-says-trump-showing-real-leadership-world-after-assassination-attempt,starter
Arizona abortion rights group secures signatures for 2024 ballot referendum,FoxNews,2024-04-03,2024,https://www.foxnews.com/politics/arizona-abortion-rights-group-secures-signatures-2024-ballot-referendum.print,starter
"Like Celine Dion, Pennsylvania man is fighting Stiff Person Syndrome 'with everything I have’",FoxNews,2022-12-12,2022,https://www.foxnews.com/lifestyle/celine-dion-pennsylvania-man-fighting-stiff-person-syndrome-everything-have,starter
Obama speech to secure border without 'tearing' kids from parents omits somber DHS report on missing migrants,FoxNews,2024-08-21,2024,https://www.foxnews.com/politics/obama-speech-secure-border-without-tearing-kids-from-parents-omits-somber-dhs-report-missing-migrants,starter
"Senate Republicans knife bipartisan border security bill, declaring it dead",NBC,2024-02-06,2024,https://www.nbcnews.com/politics/congress/senate-republicans-knife-bipartisan-border-security-bill-declaring-dea-rcna137572,starter
Lake rips Biden-Harris 'double whammy' policies affecting Arizonans : 'Driven us over the cliff',FoxNews,2024-10-07,2024,https://www.foxnews.com/politics/lake-rips-biden-harris-double-whammy-policies-affecting-arizonans-driven-us-over-the-cliff,starter
"Dems with data are 'extremely bullish' on Trump winning, Harris may lose six swing states: analyst",FoxNews,2024-10-09,2024,https://www.foxnews.com/media/dems-data-extremely-bullish-trump-winning-harris-may-lose-six-swing-states-analyst.print,starter
"Hamas admits 'painful, distressing' losses after Israeli video shows terrorist Sinwar moments before his death",FoxNews,2024-10-18,2024,https://www.foxnews.com/world/hamas-admits-painful-distressing-losses-after-israeli-video-shows-terrorist-sinwar-moments-before-his-death,starter
JD Vance speaks at RNC on Day 3; Donald Trump's granddaughter Kai gives speech,FoxNews,2026-01-14,2026,https://www.foxnews.com/live-news/republican-national-convention-2024-rnc-donald-trump-jd-vance,starter
The best ice cream makers to use at home,NBC,2023-07-27,2023,https://www.nbcnews.com/select/shopping/best-ice-cream-makers-ncna1306882,starter
Israel's far right clashes with hostage families over hostage deal,NBC,2023-11-23,2023,https://www.nbcnews.com/news/world/israel-far-right-hostage-families-cease-fire-negotiation-rcna126486,starter
"U.S., U.N. and Israeli officials meet to discuss restarting food aid distribution in Gaza",NBC,2024-06-27,2024,https://www.nbcnews.com/investigations/us-un-israeli-officials-discuss-restarting-gaza-food-aid-distribution-rcna159225,starter
"Puppies rescued from Hurricane Helene to be rehomed with military veterans, first responders",FoxNews,2024-10-14,2024,https://www.foxnews.com/health/puppies-rescued-hurricane-helene-rehomed-military-veterans-first-responders,starter
"'Euphoria's' Sydney Sweeney faces heat for mom's party featuring MAGA-like hats, 'Blue Lives Matter' shirt",FoxNews,2022-08-28,2022,https://www.foxnews.com/entertainment/euphorias-sydney-sweeney-faces-heat-moms-party-featuring-maga-like-hats-blue-lives-matter-shirt,starter
Jan. 6 defendant admits he had a gun when he stormed the Capitol,NBC,2023-04-17,2023,https://www.nbcnews.com/politics/justice-department/gun-toting-jan-6-defendant-says-instinct-took-charged-police-line-wood-rcna79755,starter
IP ratings: Meaning and how they affect a product’s durability,NBC,2023-08-14,2023,https://www.nbcnews.com/select/shopping/what-are-ip-ratings-rcna99835,starter
Jan. 6 hearings live updates: Watch live as the committee's focus turns to Trumpâs pressure on Pence,NBC,2022-06-16,2022,https://www.nbcnews.com/politics/congress/live-blog/january-6-hearings-day-three-live-updates-rcna32981/rcrd2840?canonicalCard=true,starter
Man arrested at Morgan Wallen concert for allegedly making 'terrorist threat' against Kansas City Chiefs stars,FoxNews,2024-08-04,2024,https://www.foxnews.com/entertainment/man-arrested-morgan-wallen-concert-making-terrorist-threat-against-kansas-city-chiefs-stars,starter
"Georgia officers interviewed Apalachee High School shooting suspect in 2023, could not substantiate threat",FoxNews,2024-09-05,2024,https://www.foxnews.com/us/fbi-says-local-law-enforcement-investigated-ga-shooter-2023-found-no-probable-cause,starter
Special counsel charges Trump with conspiracy to defraud the U.S.,NBC,2023-08-01,2023,https://www.nbcnews.com/politics/donald-trump/trump-indicted-jan-6-grand-jury-2020-election-rcna95199,starter
Biden's EPA has coordinated with left-wing eco groups tied to liberal dark money network,FoxNews,2022-11-07,2022,https://www.foxnews.com/politics/bidens-epa-coordinated-left-wing-eco-groups-tied-liberal-dark-money-network,starter
Trump says there will be a 'bloodbath' if he loses the election,NBC,2024-03-17,2024,https://www.nbcnews.com/politics/donald-trump/trump-bloodbath-loses-election-2024-rcna143746,starter
"Biden administration rigged internal analysis, softening blow of power plant regulations: report",FoxNews,2023-06-29,2023,https://www.foxnews.com/politics/biden-admin-rigged-internal-analysis-softening-blow-power-plant-regulations-report,starter
"Ear infections in young children could lead to delayed speech for them, study finds",FoxNews,2024-01-15,2024,https://www.foxnews.com/health/ear-infections-young-children-could-lead-delayed-speech-study-finds,starter
N.Y. funeral home owner arrested after Jan. 6 sleuths ID'd him,NBC,2023-06-07,2023,https://www.nbcnews.com/politics/justice-department/ny-funeral-home-owner-arrested-jan-6-sleuths-ided-rcna88111,starter
"Skipping the Super Bowl sit-down twice, Biden continues months-long streak of avoiding serious news interviews",FoxNews,2024-02-08,2024,https://www.foxnews.com/media/skipping-super-bowl-sit-down-twice-biden-continues-months-long-streak-avoiding-serious-news-interviews,starter
Emergency landing prompts United Airlines pilot to order dinner for 150 passengers,FoxNews,2024-09-27,2024,https://www.foxnews.com/travel/emergency-landing-prompts-united-airlines-pilot-order-dinner-150-passengers,starter
Social media users are collectively blocking celebrities and influencers who have been silent on Gaza,NBC,2024-05-12,2024,https://www.nbcnews.com/pop-culture/viral/social-media-users-are-blocking-celebrities-silent-on-gaza-rcna151880,starter
The Best Lumbar Support Pillows for Low Back Pain | NBC Select,NBC,2026-04-23,2026,https://www.nbcnews.com/select/shopping/best-lumbar-support-pillows-rcna142358,starter
Biden admin convenes legal experts on protecting women's reproductive health after Supreme Court ruling,FoxNews,2022-08-01,2022,https://www.foxnews.com/politics/biden-admin-convenes-legal-experts-protecting-womens-reproductive-health-supreme-court-ruling.print,starter
The politics of tariffs are complicated. A Democrat just introduced a bill to make Trump's proposals law.,NBC,2024-09-27,2024,https://www.nbcnews.com/politics/2024-election/politics-tariffs-are-complicated-democrat-just-introduced-bill-make-tr-rcna172336,starter
The best pickleball gear for beginners,NBC,2023-07-18,2023,https://www.nbcnews.com/select/shopping/best-pickleball-gear-beginners-rcna94931,starter
I'm the cake artist who won at the Supreme Court. Here's why I'm still in court,FoxNews,2024-06-19,2024,https://www.foxnews.com/opinion/im-cake-artist-who-won-supreme-court-heres-why-im-still-court.print,starter
The 2022 elections see the abortion script flipped in favor of Democrats,NBC,2022-09-28,2022,https://www.nbcnews.com/think/opinion/2022-elections-see-abortion-script-flipped-favor-democrats-rcna49807,starter
'Gutfeld!' draws largest audience in program history with Trump appearance,FoxNews,2024-09-19,2024,https://www.foxnews.com/media/gutfeld-draws-largest-audience-program-history-trump-appearance.print,starter
'Yellowstone' star Lainey Wilson testifies AI using her voice was 'gut punch': 'It is a personal violation',FoxNews,2024-02-02,2024,https://www.foxnews.com/entertainment/yellowstone-star-lainey-wilson-testifies-ai-using-voice-gut-punch,starter
12 Best Grocery Delivery Services in 2026,NBC,2022-08-16,2022,https://www.nbcnews.com/select/shopping/best-grocery-delivery-services-ncna1297967,starter
Harris releases medical report saying she's fit for office; Trump has yet to provide his,NBC,2024-10-12,2024,https://www.nbcnews.com/politics/2024-election/harris-releases-medical-report-saying-fit-office-trump-yet-provide-spe-rcna175129,starter
Harris ramps up outreach to Black male voters as polls suggest Trump making gains,FoxNews,2024-10-15,2024,https://www.foxnews.com/politics/harris-ramps-up-outreach-black-male-voters-polls-suggest-trump-making-gains,starter
Trump compares North Carolina Lt. Gov. Mark Robinson to 'Martin Luther King on steroids' — despite a long history of offensive remarks,NBC,2024-03-03,2024,https://www.nbcnews.com/politics/2024-election/trump-compares-north-carolina-lt-gov-mark-robinson-martin-luther-king-rcna141523,starter
"Law protecting Alabama IVF may do more harm than good, critics say",NBC,2024-03-09,2024,https://www.nbcnews.com/news/law-protecting-alabama-ivf-may-harm-good-critics-say-rcna142288,starter
"Olympic boxer deemed to have male chromosomes wins fight in 46 seconds, opponent left in tears after hard hits",FoxNews,2024-08-01,2024,https://www.foxnews.com/sports/olympic-boxer-deemed-have-male-chromosomes-wins-fight-46-seconds-opponent-left-tears-after-hard-hits,starter
"Florida human trafficking sting nabs 157 people, including 25 illegal immigrants",FoxNews,2024-10-17,2024,https://www.foxnews.com/us/florida-human-trafficking-sting-nabs-157-people-including-25-illegal-immigrants,starter
Fourth of July history: Why Americans mark the occasion with fireworks,FoxNews,2024-07-03,2024,https://www.foxnews.com/lifestyle/fourth-of-july-celebrate-fireworks-why,starter
Texas appeals court blocks state from investigating parents providing children with transgender treatment,FoxNews,2024-03-30,2024,https://www.foxnews.com/politics/texas-appeals-court-blocks-state-investigating-parents-providing-children-transgender-treatment,starter
Northwestern University president 'grew a spine' after hit with House committee investigation: watchdog group,FoxNews,2024-05-14,2024,https://www.foxnews.com/us/northwestern-university-president-grew-spine-hit-house-committee-investigation-watchdog-group,starter
Democrats to dub Trump a 'chicken' to pressure him to debate Harris,NBC,2024-09-23,2024,https://www.nbcnews.com/politics/2024-election/trump-chicken-campaign-debate-harris-rcna172168,starter
Israel-Hamas war cease-fire talks: U.S. sees 'breakthrough',NBC,2024-07-04,2024,https://www.nbcnews.com/news/world/israel-gaza-hamas-war-cease-fire-talks-us-breakthrough-rcna160368,starter
"Popstar Olivia Rodrigo visits White House, promotes COVID-19 youth vaccination at press briefing",FoxNews,2021-07-14,2021,https://www.foxnews.com/media/popstar-olivia-rodrigo-visits-white-house-promotes-covid-19-youth-vaccination-at-press-briefing.print,starter
New drug for stiff person syndrome granted designation to speed up development: ‘Thrilled for the community’,FoxNews,2024-07-15,2024,https://www.foxnews.com/health/new-drug-stiff-person-syndrome-granted-designation-speed-development-thrilled-community,starter
Sen. Fetterman hits back at AOC's suggestion he's a bully after House clash: 'That's absurd',FoxNews,2024-05-19,2024,https://www.foxnews.com/media/sen-fetterman-hits-back-aoc-suggestion-bully-after-house-clash-absurd,starter
Pyongyang media dismisses speculation of Hamas using North Korean weapons,FoxNews,2023-10-13,2023,https://www.foxnews.com/world/pyongyang-media-dismisses-speculation-hamas-using-north-korean-weapons,starter
Trump to plead not guilty to revised federal election indictment,NBC,2024-09-03,2024,https://www.nbcnews.com/politics/donald-trump/trump-plead-not-guilty-revised-federal-election-indictment-rcna169437,starter
Trump trial stemming from Jack Smith's probe delayed past Election Day,FoxNews,2024-09-05,2024,https://www.foxnews.com/politics/trump-trial-stemming-from-jack-smiths-probe-delayed-past-election-day.print,starter
Biden district Republican says this critical issue will define 2024 elections,FoxNews,2024-05-15,2024,https://www.foxnews.com/politics/biden-district-republican-says-this-issue-will-define-2024-elections.print,starter
"Rare US coin from 130 years ago worth millions, expert confirms only 9 could be out there",FoxNews,2024-09-05,2024,https://www.foxnews.com/lifestyle/rare-us-coin-130-years-ago-worth-millions-expert-confirms-9-could-out-there,starter
Secret Service told locals they would ‘take care of’ building used by Thomas Crooks to shoot Trump,FoxNews,2024-09-18,2024,https://www.foxnews.com/politics/secret-service-told-locals-would-take-care-of-building-crooks-shot-trump-from,starter
"'Pay for slay': Palestinian Authority may have to compensate families of Hamas terrorists, report says",FoxNews,2023-10-19,2023,https://www.foxnews.com/world/pay-for-slay-palestinian-authority-may-compensate-families-hamas-terrorists-report-says,starter
JD Vance clashes with ABC News host over migrant gang presence in Colorado: 'Do you hear yourself?',FoxNews,2024-10-13,2024,https://www.foxnews.com/media/jd-vance-clashes-abc-news-host-over-migrant-gang-presence-colorado-do-you-hear-yourself.print,starter
D.C. chiropractor who stormed Capitol arrested on Jan. 6 charges,NBC,2022-06-09,2022,https://www.nbcnews.com/politics/justice-department/dc-chiropractor-stormed-capitol-arrested-jan-6-charges-rcna32679,starter
Donald Trump takes clear stance on transgender athlete participation in women's sports in RNC speech,FoxNews,2024-07-19,2024,https://www.foxnews.com/sports/donald-trump-takes-clear-stance-transgender-athlete-participation-womens-sports-rnc-speech,starter
"5 over-the-top DNC media moments, from coining the term 'Kamala Harris Democrats' to comparing Obama and Jesus",FoxNews,2024-08-24,2024,https://www.foxnews.com/media/5-over-top-dnc-media-moments-coining-term-kamala-harris-democrats-comparing-obama-jesus,starter
Harris team and White House discussed plans for her to distance herself from Biden,NBC,2024-10-17,2024,https://www.nbcnews.com/politics/2024-election/harris-team-white-house-discussed-plans-distance-biden-rcna175948,starter
Trump previews closing arguments in 'sham trial': 'Very dangerous day for America',FoxNews,2024-05-28,2024,https://www.foxnews.com/politics/trump-previews-closing-arguments-sham-trial-very-dangerous-day-america,starter
Trump fan who assaulted officers with a hockey stick on Jan. 6 is sentenced to prison,NBC,2024-02-28,2024,https://www.nbcnews.com/politics/justice-department/trump-fan-assaulted-officers-hockey-stick-jan-6-sentenced-prison-rcna140969,starter
Xi warned Biden during summit that Beijing will reunify Taiwan with China,NBC,2023-12-20,2023,https://www.nbcnews.com/news/china/xi-warned-biden-summit-beijing-will-reunify-taiwan-china-rcna130087,starter
Jets offensive coordinator Nathaniel Hackett stripped of play calling duties as shake-up continues,FoxNews,2024-10-10,2024,https://www.foxnews.com/sports/jets-offensive-coordinator-nathaniel-hackett-stripped-play-calling-duties-shake-up-continues,starter
Health care fraudster Philip Esformes is latest Trump clemency recipient to be arrested,NBC,2024-10-16,2024,https://www.nbcnews.com/politics/politics-news/health-care-fraudster-philip-esformes-latest-trump-clemency-recipient-rcna175681,starter
Herschel Walker says Obama 'forgot our fight for right to vote' after scolding Black voters against Harris,FoxNews,2024-10-12,2024,https://www.foxnews.com/sports/herschel-walker-says-obama-forgot-our-fight-right-vote-after-scolding-black-voters-against-harris,starter
Trump official says CNN can't handle criticism after host shut down her interview: 'Censored me',FoxNews,2024-06-25,2024,https://www.foxnews.com/media/trump-campaign-official-bashes-cnn-cutting-mid-interview-censored-me,starter
"Russia launches one of deadliest strikes against Ukraine, killing 41: Zelenskyy",FoxNews,2024-09-03,2024,https://www.foxnews.com/world/russia-launches-one-deadliest-strikes-against-ukraine-killing-41-zelenskyy,starter
Sarah McBride’s run to become the first openly trans member Congress is decades in the making,NBC,2024-09-28,2024,https://www.nbcnews.com/nbc-out/out-politics-and-policy/sarah-mcbride-congress-election-race-trans-lgbtq-rcna164773,starter
"Ashley Tisdale, Vanessa Hudgens dance to 'High School Musical' song during self-quarantine",FoxNews,2020-03-17,2020,https://www.foxnews.com/entertainment/ashley-tisdale-vanessa-hudgens-dance-high-school-musical,starter
AI sector frustrated by Congress' slow pace keeping up with the advanced tech,FoxNews,2024-10-14,2024,https://www.foxnews.com/politics/ai-sector-frustrated-congress-slow-pace-keeping-up-advanced-tech.print,starter
"11 Best Vacuums for Pet Hair To Keep Your Home Fur Free, Tested",NBC,2026-02-11,2026,https://www.nbcnews.com/select/shopping/best-vacuums-pet-hair-ncna1304554,starter
"Kamala Harris courts disillusioned Arab Americans over Jewish groups, records show",FoxNews,2024-10-07,2024,https://www.foxnews.com/politics/kamala-harris-courts-disillusioned-arab-americans-over-jewish-groups.print,starter
"Vivek Ramaswamy calls Rep. Ayanna Pressley, author Ibram Kendi part of 'modern KKK'",NBC,2023-08-25,2023,https://www.nbcnews.com/politics/2024-election/vivek-ramaswamy-calls-rep-ayanna-pressley-author-ibram-kendi-part-mode-rcna101873,starter
"Before there was Veterans Day, there was Armistice Day",FoxNews,2022-11-11,2022,https://www.foxnews.com/lifestyle/veterans-day-numbers-8-facts-federal-holiday,starter
Sydney Sweeney rips internet trolls for tagging family in screenshotted nude scenes: ‘Disgusting’,FoxNews,2022-11-12,2022,https://www.foxnews.com/entertainment/sydney-sweeney-internet-trolls-family-nude-scenes-disgusting,starter
DOJ closes Pence classified documents investigation with no charges,NBC,2023-06-02,2023,https://www.nbcnews.com/politics/doj-closes-pence-classified-documents-investigation-no-charges-rcna87396,starter
White House calls communism a 'failed ideology' after historic Cuba protests,FoxNews,2021-07-15,2021,https://www.foxnews.com/politics/white-house-communism-failed-ideology-historic-cuba-protests,starter
"Club Q, site of deadly Colorado mass shooting, set to reopen in the fall",NBC,2023-02-14,2023,https://www.nbcnews.com/nbc-out/out-news/club-q-site-deadly-mass-shooting-set-reopen-fall-rcna70578,starter
Oklahoma parent sues after her daughter is allegedly 'severely beaten' by transgender student in bathroom,FoxNews,2023-06-01,2023,https://www.foxnews.com/media/oklahoma-parent-sues-daughter-allegedly-severely-beaten-transgender-student-bathroom,starter
Nashville school shooter Audrey Hale: Who is 28-year-old transgender former student who opened fire at school,FoxNews,2023-03-27,2023,https://www.foxnews.com/us/nashville-shooter-audrey-hale-transgender-woman-opened-fire-covenant-school.print,starter
Wisconsin parents challenge Title IX changes during school board meeting: 'Boys are boys and girls are girls',FoxNews,2024-08-27,2024,https://www.foxnews.com/media/wisconsin-parents-challenge-title-ix-changes-during-school-board-meeting-boys-boys-girls-girls,starter
"How to Clean a Mattress in 7 Easy Steps, According to Experts",NBC,2024-02-14,2024,https://www.nbcnews.com/select/shopping/how-to-clean-mattress-rcna138853,starter
Liam Payne’s One Direction bandmate shares ‘heartbreaking’ final moments together in Argentina,FoxNews,2024-10-18,2024,https://www.foxnews.com/entertainment/liam-paynes-one-direction-bandmate-shares-heartbreaking-final-moments-together-argentina,starter
Kamala Harris should have been 'pushed harder' on Biden's mental fitness during interview: WaPo columnists,FoxNews,2024-09-01,2024,https://www.foxnews.com/media/kamala-harris-should-have-been-pushed-harder-bidens-mental-fitness-during-interview-wapo-columnists,starter
Benedict Arnold reexamined: How one of America's heroes became its most infamous traitor,FoxNews,2022-07-20,2022,https://www.foxnews.com/media/benedict-arnold-reexamined-americas-heroes-infamous-traitor,starter
Here's what top Trump VP picks say about the 2020 election results — and whether they'll accept the 2024 outcome,NBC,2024-05-22,2024,https://www.nbcnews.com/politics/2024-election/top-trump-vp-picks-2020-election-results-2024-outcome-rcna150872,starter
'The View' host attacks Brittany Mahomes for indicating support for Trump: 'She's in an interracial marriage',FoxNews,2024-09-18,2024,https://www.foxnews.com/media/the-view-host-attacks-brittany-mahomes-indicating-support-trump-shes-interracial-marriage,starter
Trump says 'nothing' was done wrong on Jan. 6 after Republican voter confronts him,NBC,2024-10-16,2024,https://www.nbcnews.com/politics/2024-election/trump-says-nothing-was-done-wrong-jan-6-republican-voter-confronts-rcna175755,starter
Schumer-backed border bill fails a second time with even less Dem support,FoxNews,2024-05-23,2024,https://www.foxnews.com/politics/schumer-backed-border-bill-fails-second-time-even-less-dem-support,starter
"Chuck Schumer calls for new elections in Israel, criticizing Netanyahu's leadership",NBC,2024-03-14,2024,https://www.nbcnews.com/politics/congress/chuck-schumer-calls-new-elections-israel-criticizing-netanyahus-leader-rcna143397,starter
Trump VP contenders torch 'guaranteed' guilty verdict: 'Complete travesty',FoxNews,2024-05-30,2024,https://www.foxnews.com/politics/trump-vp-contenders-torch-guilty-verdict,starter
Nashville hot chicken conquers America: Tennessee tradition has exploded in popularity,FoxNews,2022-09-27,2022,https://www.foxnews.com/lifestyle/nashville-hot-chicken-conquers-america-tennessee-tradition-popularity,starter
"Faced with the unique challenges of filling a potential Trump Cabinet, quiet transition work is underway",NBC,2024-09-23,2024,https://www.nbcnews.com/politics/2024-election/faced-unique-challenges-filling-potential-trump-cabinet-quiet-transiti-rcna171455,starter
McConnell: Schumer afraid a Title 42 amendment to COVID spending would've passed with Democratic votes,FoxNews,2022-04-07,2022,https://www.foxnews.com/media/mcconnell-title-42-schumer-special-report-illegal-immigrants,starter
Coffee vs. matcha tea: What does your morning drink choice say about you?,FoxNews,2024-05-01,2024,https://www.foxnews.com/food-drink/coffee-vs-matcha-does-morning-drink-choice-say,starter
Flashback: Kamala Harris compared ICE to KKK in Senate hearing,FoxNews,2020-08-11,2020,https://www.foxnews.com/politics/kamala-harris-ice-kkk-senate-hearing,starter
U.S. indicts three Iranians in Trump campaign hack,NBC,2024-09-27,2024,https://www.nbcnews.com/investigations/us-garland-indicts-three-iranians-trump-campaign-hack-rcna173001,starter
"Trump received at least $7.8 million in payments from foreign governments as president, House Democrats say",NBC,2024-01-04,2024,https://www.nbcnews.com/politics/congress/trump-received-78-million-payments-foreign-governments-president-repor-rcna132276,starter
Israel again orders residents to evacuate areas of Gaza City it once said were cleared of Hamas,NBC,2024-07-11,2024,https://www.nbcnews.com/news/world/israel-hamas-war-gaza-city-evacuations-idf-rcna161299,starter
'Our people are dying': Rachel Morin's mom sounds alarm about illegal immigration after daughter's murder,FoxNews,2024-09-18,2024,https://www.foxnews.com/politics/rachel-morins-mom-sounds-alarm-illegal-immigration-daughters-murder,starter
"'I'm not a progressive': Fetterman breaks with the left, showing a maverick side",NBC,2023-12-15,2023,https://www.nbcnews.com/politics/congress/-not-progressive-fetterman-breaks-left-israel-immigration-rcna129747,starter
"On this day in history, November 5, 1913, iconic actress Vivien Leigh is born in India",FoxNews,2023-11-05,2023,https://www.foxnews.com/lifestyle/this-day-history-november-5-1913-iconic-actress-vivien-leigh-born-india,starter
"Anne Frank's Nazi arrest in Amsterdam may have stemmed from Jewish businessman's tip, book claims",FoxNews,2022-01-17,2022,https://www.foxnews.com/world/cold-case-team-may-know-betrayed-anne-frank,starter
"'Propaganda': Hispanic Republicans blast media attacks on their race, ideology",FoxNews,2024-10-18,2024,https://www.foxnews.com/media/propaganda-hispanic-republicans-blast-media-attacks-race-ideology.print,starter
"Heads up, farmers: Biden is coming for your water",FoxNews,2023-01-06,2023,https://www.foxnews.com/opinion/heads-up-farmers-biden-is-coming-your-water,starter
NASCAR icon Richard Childress describes 'great' reception for JD Vance appearance at North Carolina race,FoxNews,2024-10-15,2024,https://www.foxnews.com/media/nascar-icon-richard-childress-describes-great-reception-jd-vance-appearance-north-carolina-race.print,starter
Ryan Routh pleads not guilty to charges he sought to assassinate Trump at golf course,NBC,2024-09-30,2024,https://www.nbcnews.com/news/us-news/ryan-routh-pleads-not-guilty-charges-sought-assassinate-trump-golf-cou-rcna173254,starter
"Zuckerberg, expressing regrets, admits bowing to Biden administration pressure to remove content",FoxNews,2024-08-28,2024,https://www.foxnews.com/politics/zuckerberg-expressing-regrets-admits-bowing-biden-administration-pressure-remove-content,starter
Israel prepares ground attack as Gaza battles humanitarian crisis,NBC,2023-10-14,2023,https://www.nbcnews.com/news/world/live-blog/israel-hamas-war-live-updates-gaza-hit-shelling-israel-defends-evacuat-rcna120419/rcrd21310?canonicalCard=true,starter
"RNC votes to censure Cheney, Kinzinger for investigating Capitol riot",NBC,2022-02-04,2022,https://www.nbcnews.com/politics/rnc-votes-censure-cheney-kinzinger-investigating-capitol-riot-rcna14943,starter
‘Lieutenant Dan’ survives Hurricane Milton in sailboat in Tampa,NBC,2024-10-10,2024,https://www.nbcnews.com/tech/internet/lieutenant-dan-hurricane-milton-florida-tampa-boat-tiktok-video-rcna174860,starter
New Covid fraud prosecutor steps up effort to convict people who stole billions in relief benefits,NBC,2022-03-10,2022,https://www.nbcnews.com/politics/justice-department/new-covid-fraud-prosecutor-steps-effort-convict-people-stole-billions-rcna19536,starter
"'Out of money': Whistleblowers allege lack of Secret Service funds, delayed payments, top senator reveals",FoxNews,2024-10-10,2024,https://www.foxnews.com/politics/out-money-whistleblowers-allege-lack-secret-service-funds-delayed-payments-top-senator-reveals,starter
CBS reporter finds only 3 Harris supporters in 3 Nevada restaurants: 'People are really excited about Trump',FoxNews,2024-09-18,2024,https://www.foxnews.com/media/cbs-reporter-finds-only-3-harris-supporter-3-nevada-restaurants-people-really-excited-about-trump#&_intcmp=fnhpriver_13,starter
Kamala Harris dispatches heavy hitters to boost key states in the final stretch,NBC,2024-10-10,2024,https://www.nbcnews.com/politics/2024-election/kamala-harris-dispatches-heavy-hitters-boost-key-states-final-stretch-rcna174673,starter
Meteorologists face pushback despite very accurate storm forecasts,NBC,2024-10-16,2024,https://www.nbcnews.com/science/science-news/meteorologists-accurate-storm-forecasts-skepticism-pushback-rcna175403,starter
"On this day in history, Sept. 8, 1565, St. Augustine — oldest city in North America — is settled by Spain",FoxNews,2022-09-08,2022,https://www.foxnews.com/lifestyle/this-day-history-sept-8-1565-st-augustine-oldest-city-north-america-settled-spain,starter
Politico says Harris is running on a 'dream economy' but voters aren't noticing,FoxNews,2024-10-11,2024,https://www.foxnews.com/media/politico-says-harris-running-dream-economy-voters-arent-noticing,starter
'Biggest fraud in a generation': The looting of the Covid relief program known as PPP,NBC,2022-03-28,2022,https://www.nbcnews.com/politics/justice-department/biggest-fraud-generation-looting-covid-relief-program-known-ppp-n1279664,starter
Police see rise in domestic violence calls amid coronavirus lockdown,NBC,2020-04-05,2020,https://www.nbcnews.com/news/us-news/police-see-rise-domestic-violence-calls-amid-coronavirus-lockdown-n1176151,starter
"Harris claims Trump abortion platform makes ‘no exception,’ moments after Trump says the opposite",FoxNews,2024-09-10,2024,https://foxnews.com/politics/harris-claims-trump-abortion-platform-makes-no-exception-moments-after-trump-says-opposite-absolute-lie,starter
"Bullet found near bodies of 2 Indiana teens in Delphi killings linked to suspect’s gun, officials say",NBC,2022-11-29,2022,https://www.nbcnews.com/news/us-news/bullet-found-bodies-2-indiana-teens-delphi-killings-linked-suspects-gu-rcna59235,starter
"After acquitting Trump, McConnell slams him for a 'disgraceful dereliction of duty'",NBC,2021-02-13,2021,https://www.nbcnews.com/politics/donald-trump/after-acquitting-trump-mcconnell-slams-him-disgraceful-dereliction-duty-n1257900,starter
"Iranian President Ebrahim Raisi, known for brutal crackdowns against political opposition, dies at 63",NBC,2024-05-20,2024,https://www.nbcnews.com/news/world/iranian-president-ebrahim-raisi-dead-63-helicopter-cras-rcna152967,starter
Alabama governor signs bill to protect IVF treatments into law,NBC,2024-03-06,2024,https://www.nbcnews.com/politics/alabama-lawmakers-ivf-protection-bill-vote-rcna141710,starter
"Tim Walz said he went to China 'dozens' of times, now his campaign says its 'closer to 15'",FoxNews,2024-10-01,2024,https://www.foxnews.com/politics/tim-walz-said-he-went-china-dozens-times-now-his-campaign-says-its-closer-15.print,starter
Health officials call for flu shots ahead of potentially severe season,FoxNews,2022-10-06,2022,https://www.foxnews.com/health/health-officials-flu-shots-potentially-severe-season,starter
Illinois governor's race shapes up as test of post-Roe abortion politics,NBC,2022-06-28,2022,https://www.nbcnews.com/politics/2022-election/illinois-new-york-primaries-test-post-roe-abortion-politics-rcna35570,starter
Trump claims any Jew who votes Democrat 'hates their religion' after Schumer speech on Senate floor,FoxNews,2024-03-19,2024,https://www.foxnews.com/us/trump-claims-any-jew-votes-democrat-hates-religion-schumer-speech-senate-floor,starter
Biden-Harris border crisis: Mother of Jocelyn Nungaray gives emotional testimony during migrant crime hearing,FoxNews,2024-09-10,2024,https://www.foxnews.com/politics/biden-harris-border-crisis-victims-illegal-immigrant-crime-testify-house-hearing.print,starter
"Tom Cotton turns tables on CNN's Dana Bash on guns, brings up Harris' past remarks on school shootings",FoxNews,2024-09-08,2024,https://www.foxnews.com/media/tom-cotton-turns-tables-cnns-dana-bash-guns-brings-up-harris-past-remarks-school-shootings,starter
Trump accuses DOJ of 'mishandling and downplaying' second assassination plot,NBC,2024-09-23,2024,https://www.nbcnews.com/politics/donald-trump/trump-accuses-doj-mishandling-downplaying-second-assassination-plot-rcna172315,starter
Abortion rights advocates see a flurry of post-Roe victories in midterms,NBC,2022-11-09,2022,https://www.nbcnews.com/politics/2022-election/abortion-rights-advocates-see-flurry-post-roe-victories-midterms-rcna56443,starter
Georgia Senate race heads to runoff as razor-thin contests make control of Congress too early to call,NBC,2022-11-09,2022,https://www.nbcnews.com/politics/2022-election/live-blog/midterm-elections-live-updates-rcna56065,starter
'Thrilled to endorse': Conservative super PAC unleashes 7-figure push for early voting in key Senate race,FoxNews,2024-06-05,2024,https://www.foxnews.com/politics/conservative-super-pac-unleashes-7-figure-push-early-voting-key-senate-race,starter
Would-be Trump assassin Ryan Routh camped under cover of darkness for 12 hours: court docs,FoxNews,2024-09-16,2024,https://www.foxnews.com/us/would-be-trump-assassin-ryan-routh-camped-under-cover-darkness-12-hours-court-docs,starter
"Nevada Senate hopefuls tackle trans athletes, immigration and UFOs in only debate",FoxNews,2024-10-18,2024,https://www.foxnews.com/politics/nevada-senate-candidates-spar-biological-males-womens-sports-immigration-ufos-debate.print,starter
'Top Thrill 2' roller coaster at Cedar Point will not reopen this season,FoxNews,2024-08-24,2024,https://www.foxnews.com/travel/top-thrill-2-roller-coaster-cedar-point-not-reopen-season,starter
"As North Carolina begins voting, hurricane devastation complicates casting ballots",NBC,2024-10-17,2024,https://www.nbcnews.com/politics/2024-election/north-carolina-begins-voting-hurricane-devastation-complicates-casting-rcna175805,starter
Georgia Dems chair reveals message to undecided GOP voters as Harris works to build broad base,FoxNews,2024-10-09,2024,https://www.foxnews.com/politics/georgia-dems-chair-reveals-message-undecided-gop-voters-harris-works-build-broad-base,starter
"Barack Obama produces first fiction movie for Netflix, gave extensive notes to director for cyberattack plot",FoxNews,2023-12-11,2023,https://www.foxnews.com/media/obama-produces-first-fiction-movie-netflix-gave-extensive-notes-director-cyberattack-plot,starter
Ohio Democrats see abortion restrictions as an opening against DeWine,NBC,2022-07-07,2022,https://www.nbcnews.com/politics/2022-election/ohio-democrats-see-abortion-restrictions-opening-dewine-rcna36629,starter
Portable chargers and power banks worth considering in 2022,NBC,2022-03-10,2022,https://www.nbcnews.com/select/shopping/best-portable-chargers-ncna1291495#anchor-Howmuchcanyouchargewithaportablecharger,starter
"'Rent is too damn high': Rosen panned for Biden-aligned votes, high housing costs",FoxNews,2024-08-16,2024,https://www.foxnews.com/politics/rent-too-damn-high-rosen-panned-biden-aligned-votes-high-housing-costs,starter
"Proud Boy who smashed Capitol window, Dominic Pezzola, sentenced to prison",NBC,2023-09-01,2023,https://www.nbcnews.com/politics/justice-department/proud-boy-sentenced-rcna102857,starter
Beijing Half Marathon organizers investigate Chinese runner's controversial win,NBC,2024-04-15,2024,https://www.nbcnews.com/news/world/beijing-half-marathon-organizers-investigate-chinese-runners-controver-rcna147782,starter
Maher rips rapper's profanity-laced tirade against USA: ‘Sure it was a big hit with the Queers for Gaza crowd',FoxNews,2024-09-28,2024,https://www.foxnews.com/media/maher-rips-rappers-profanity-laced-tired-against-usa-sure-big-hit-queers-gaza-crowd,starter
What NBC Select editors bought on Black Friday & Cyber Monday,NBC,2023-11-28,2023,https://www.nbcnews.com/select/shopping/what-we-bought-black-friday-cyber-monday-rcna126998,starter
"Russia-Ukraine war: Deadly fight in Donbas 'one of the most brutal battles... for Europe,' Zelenskyy says",FoxNews,2022-06-14,2022,https://www.foxnews.com/world/russia-ukraine-war-donbas-fight-zelenskyy,starter
"Fetterman lauds Israel for leaving Iran ‘exposed and humiliated’ after strikes on Hamas, Hezbollah",FoxNews,2024-10-06,2024,https://www.foxnews.com/politics/fetterman-lauds-israel-leaving-iran-exposed-humiliated-after-strikes-hamas-hezbollah.print,starter
"7 Best Mattresses for Back Pain in 2026, According to Experts",NBC,2024-06-17,2024,https://www.nbcnews.com/select/shopping/best-mattresses-back-pain-rcna157541,starter
RFK Jr. remains thorn in Biden's side as 2024 polls show Kennedy holding onto sizable chunk of Dem voters,FoxNews,2023-05-27,2023,https://www.foxnews.com/politics/rfk-jr-remains-thorn-bidens-side-2024-polls-show-kennedy-holding-sizable-chunk-dem-voters,starter
Donald Trump found guilty in historic New York hush money case,NBC,2024-05-30,2024,https://www.nbcnews.com/politics/donald-trump/donald-trump-verdict-hush-money-trial-rcna152492,starter
Cuba says the U.S. embargo is 'genocidal.' What does it really do?,NBC,2021-08-22,2021,https://www.nbcnews.com/news/latino/cuba-says-us-embargo-genocidal-really-rcna1733,starter
Actor says timing of documentary on former president's assassination attempt 'might seem interesting',FoxNews,2024-10-18,2024,https://www.foxnews.com/media/actor-says-timing-documentary-former-presidents-assassination-attempt-might-seem-interesting.print,starter
"Russian disinformation peddlers are targeting Harris-Walz campaign with fake videos, Microsoft says",NBC,2024-09-17,2024,https://www.nbcnews.com/tech/security/russian-disinformation-peddlers-are-targeting-harris-walz-campaign-fak-rcna171476,starter
"Mike Rowe, well-known storyteller, announces 'Something to Stand For,' new film celebrating America",FoxNews,2024-06-10,2024,https://www.foxnews.com/lifestyle/mike-rowe-announces-something-stand-film-celebrating-america,starter
Israel says it killed a top Hezbollah official in 'targeted' Beirut strike,NBC,2024-09-20,2024,https://www.nbcnews.com/news/world/israel-strikes-lebanon-hezbollah-revenge-device-blasts-nasrallah-rcna171946,starter
Delphi murders trial: What to know about Richard Allen and the teens he killed,NBC,2024-10-18,2024,https://www.nbcnews.com/news/us-news/delphi-murders-trial-richard-allen-what-know-rcna175789,starter
Jan. 6 rioter with 'I heart TRUMP' hat and a Confederate flag gets prison for assaults on officers,NBC,2024-04-22,2024,https://www.nbcnews.com/politics/justice-department/jan-6-rioter-heart-trump-hat-confederate-flag-gets-prison-assaults-off-rcna148840,starter
NJ police eye absent parents after young mobs upend family-friendly vacation hot spots,FoxNews,2024-05-29,2024,https://www.foxnews.com/us/nj-police-eye-absent-parents-young-mobs-upend-family-friendly-vacation-hot-spots.print,starter
Jelly Roll plans to seek forgiveness from victims of armed robbery: 'No logic to what I did',FoxNews,2024-10-18,2024,https://www.foxnews.com/entertainment/jelly-roll-plans-ask-forgiveness-from-victims-armed-robbery-no-logic-what-i-did.print,starter
"On this day in history, February 23, 1945, US Marines raise American flag on Iwo Jima, seen in stunning photo",FoxNews,2024-02-23,2024,https://www.foxnews.com/lifestyle/this-day-history-feb-23-1945-us-marines-raise-american-flag-over-iwo-jima,starter
"Working class will come home to Harris, rallygoers in postindustrial Pennsylvanians say",FoxNews,2024-09-22,2024,https://www.foxnews.com/politics/working-class-come-home-harris-rallygoers-postindustrial-pennsylvania-say.print,starter
"Kamala Harris grants first interview to CNN after weeks of avoiding press, to be joined by Tim Walz",FoxNews,2024-08-27,2024,https://www.foxnews.com/media/kamala-harris-grants-first-interview-cnn-after-weeks-avoiding-press-joined-tim-walz,starter
Pennsylvanians offer mixed answers on where Harris stands on key issues: 'Better than the alternative',FoxNews,2024-09-08,2024,https://www.foxnews.com/politics/pennsylvanians-offer-mixed-answers-where-harris-stands-key-issues-better-than-alternative.print,starter
Meet the American who invented Band-Aids: cotton buyer and devoted husband Earle Dickson,FoxNews,2023-01-13,2023,https://www.foxnews.com/lifestyle/meet-american-who-invented-band-aids-cotton-buyer-devoted-husband-earle-dickson,starter
Nevada governor signs new abortion protections into law,NBC,2023-05-31,2023,https://www.nbcnews.com/politics/politics-news/nevada-gop-governor-signs-new-abortion-protections-law-rcna87022,starter
Sunny Hostin horrified by poll that found millions of Americans support violence to stop Trump: 'Despicable',FoxNews,2024-09-16,2024,https://www.foxnews.com/media/sunny-hostin-horrified-poll-found-millions-americans-support-violence-stop-trump-despicable,starter
"Hurricane Helene rips apart N.C. farm that feeds 1,500 people in a food desert each week",NBC,2024-10-11,2024,https://www.nbcnews.com/news/nbcblk/hurricane-helene-rips-apart-nc-farm-feeds-1500-people-food-desert-week-rcna174371,starter
North Korea’s Kim enjoys a Russian luxury limousine gifted by Putin as the two nations expand ties,NBC,2024-03-16,2024,https://www.nbcnews.com/news/world/north-koreas-kim-enjoys-russian-luxury-limousine-gifted-putin-two-nati-rcna143710,starter
Anti-Israel protesters arrested after locking themselves inside fence at NASCAR's Chicago Street Race,FoxNews,2024-07-07,2024,https://www.foxnews.com/sports/anti-israel-protesters-arrested-after-locking-themselves-inside-fence-at-nascars-chicago-street-race,starter
Bob Woodson: Black History Month – here's how we celebrate resilience and the promise of 1776,FoxNews,2021-02-18,2021,https://www.foxnews.com/opinion/black-history-month-1776-unites-resilience-bob-woodson,starter
"How would a President Whitmer handle immigration, border crisis?",FoxNews,2024-07-04,2024,https://www.foxnews.com/politics/how-would-president-whitmer-handle-immigration-border-crisis,starter
5 top-rated hair straightening brushes to consider,NBC,2021-09-15,2021,https://www.nbcnews.com/select/shopping/best-hair-straightener-brushes-ncna1279216,starter
Climate change is throwing the water cycle into chaos across the U.S.,NBC,2024-02-25,2024,https://www.nbcnews.com/science/science-news/climate-change-throwing-water-cycle-chaos-us-rcna137892,starter
Bragg's office faces bar complaint alleging discrimination in 'diversity' hiring practices,FoxNews,2024-06-26,2024,https://www.foxnews.com/politics/braggs-office-faces-bar-complaint-over-alleged-discriminatory-diversity-hiring-practices,starter
MSNBC host compares guns to slavery: ‘Lincoln was criticized for moving too slowly’ to ‘end slavery’,FoxNews,2022-06-13,2022,https://www.foxnews.com/media/msnbc-host-guns-slavery-lincoln-slavery,starter
Trump-Musk interview: 5 biggest takeaways from the 2024 presidential election to the US border crisis,FoxNews,2024-08-13,2024,https://www.foxnews.com/politics/trump-musk-interview-5-biggest-takeaways-from-2024-presidential-election-us-border-crisis,starter
Zyn-maker increases production capacity with new $600 million facility in Colorado,NBC,2024-07-16,2024,https://www.nbcnews.com/business/business-news/zyn-maker-increases-production-capacity-new-600-million-facility-color-rcna162072,starter
"As a female athlete, I do not consent to playing alongside men in collegiate sports",FoxNews,2024-09-30,2024,https://www.foxnews.com/opinion/female-athlete-do-not-consent-playing-alongside-men-collegiate-sports,starter
John Kerry goes to China to restart U.S.-China climate talks,NBC,2023-07-19,2023,https://www.nbcnews.com/news/world/us-china-climate-change-kerry-rcna94800,starter
"Hurricane Helene wreaks havoc across Asheville, NC; National Guard deployed, 119 rescued",FoxNews,2024-09-29,2024,https://www.foxnews.com/us/hurricane-helene-wreaks-havoc-across-asheville-nc-national-guard-deployed-119-rescued,starter
'Biggest medical fraud of our time': Riley Gaines dives into the heart of gender-affirming care epidemic,FoxNews,2024-09-12,2024,https://www.foxnews.com/media/medical-fraud-riley-gaines-heart-gender-affirming-care-epidemic,starter
Kamala Harris faces her 'toughest' battleground in Pennsylvania,NBC,2024-09-06,2024,https://www.nbcnews.com/politics/2024-election/kamala-harris-toughest-battleground-pennsylvania-trump-rcna168288,starter
New videos show assault on Capitol Police Officer Brian Sicknick,NBC,2021-04-29,2021,https://www.nbcnews.com/news/us-news/new-videos-show-alleged-assault-capitol-police-officer-brian-sicknick-n1265876,starter
"Health care is ‘overwhelmingly complex’ for older adults, experts say: ‘Ever-increasing hurdle’",FoxNews,2024-03-28,2024,https://www.foxnews.com/health/health-care-overwhelmingly-complex-older-adults-experts-increasing-hurdle,starter
Election 2024: Trump is noncommittal on the prospect of a second presidential debate with Harris,NBC,2024-09-11,2024,https://www.nbcnews.com/politics/2024-election/live-blog/trump-harris-presidential-election-live-updates-rcna169724,starter
Debate challenge: The pressure’s on Kamala as she and Trump trade flip-flop charges,FoxNews,2024-09-10,2024,https://www.foxnews.com/politics/debate-challenge-pressures-kamala-she-trump-trade-flip-flop-charges,starter
"Nearly 200 GOP lawmakers blast Biden's EPA for targeting farmers, ranchers: 'Egregious federal overreach'",FoxNews,2023-01-26,2023,https://www.foxnews.com/politics/nearly-200-gop-lawmakers-blast-bidens-epa-targeting-farmers-ranchers-egregious-federal-overreach,starter
Taylor Swift draws ire of conservatives after Chiefs win AFC championship,NBC,2024-01-29,2024,https://www.nbcnews.com/pop-culture/taylor-swift-draws-ire-conservatives-chiefs-win-afc-championship-rcna136185,starter
Travelers will need 'permission' and a fee to visit United Kingdom as part of new digitized system,FoxNews,2024-09-16,2024,https://www.foxnews.com/travel/travelers-need-permission-fee-visit-united-kingdom-part-new-digitized-system,starter
BTS K-Pop stars to do military service in South Korea,NBC,2022-10-17,2022,https://www.nbcnews.com/news/world/bts-k-pop-stars-military-service-south-korea-rcna52497,starter
"On this day in history in 1775, US postal system established under Ben Franklin",FoxNews,2022-07-26,2022,https://www.foxnews.com/lifestyle/day-history-1775-us-postal-system-established-ben-franklin,starter
"Inside Egypt's 3,000-year-old 'lost golden city'",NBC,2021-04-10,2021,https://www.nbcnews.com/news/world/inside-egypt-s-3-000-year-old-lost-golden-city-n1263585,starter
ICC prosecutor applies for arrest warrants for Netanyahu and Hamas leader Sinwar,NBC,2024-05-20,2024,https://www.nbcnews.com/news/world/netanyahu-arrest-warrant-israel-hamas-war-icc-rcna149743,starter
"On this day in history, April 1, 1945, US forces invade Okinawa, last major battle of World War II",FoxNews,2024-04-01,2024,https://www.foxnews.com/lifestyle/this-day-history-april-1-1945-us-forces-invade-okinawa-last-major-battle-wwii,starter
"Texas woman robbed, pistol-whipped in ritzy Dallas area by illegal Venezuelan migrants with gang ties: report",FoxNews,2024-10-08,2024,https://www.foxnews.com/us/texas-woman-robbed-gunpoint-ritzy-neighborhood-4-venezuelan-illegal-immigrants-gang-ties.print,starter
Capitol security officials blame poor intelligence — and one another — for the Jan. 6 riot,NBC,2021-02-23,2021,https://www.nbcnews.com/politics/congress/key-capitol-security-officials-be-grilled-about-what-went-wrong-n1258530,starter
Blue state Republican touts his anti-Trump credentials in bid to flip senate seat red,FoxNews,2024-09-03,2024,https://www.foxnews.com/politics/https-www-foxnews-com-politics-republican-aiming-flip-key-senate-seat-blue-bastion-spotlights-anti-trump-credentials,starter
"In the ruins of Gaza, children are starving to death and there's no cease-fire in sight",NBC,2024-03-07,2024,https://www.nbcnews.com/news/world/israel-hamas-war-children-starving-famine-warning-death-destruction-rcna141813,starter
Focus group reacts to Trump claim that migrants are 'eating the dogs' in Ohio town,FoxNews,2024-09-11,2024,https://www.foxnews.com/politics/focus-group-reacts-trump-claim-migrants-eating-dogs-ohio-town,starter
Fireworks expected in final Pennsylvania Senate debate in race that may decide chamber's majority,FoxNews,2024-10-15,2024,https://www.foxnews.com/politics/fireworks-expected-final-pennsylvania-senate-debate-race-may-decide-chambers-majority,starter
"App crash during Lent leads Hallow CEO to hear God say, ‘Give up and let me handle it’",FoxNews,2023-06-07,2023,https://www.foxnews.com/lifestyle/app-crash-lent-leads-hallow-ceo-hear-god-saying-give-up-let-me-handle,starter
Gaza Strip struggles to cope as coronavirus outbreak takes its toll,NBC,2020-09-13,2020,https://www.nbcnews.com/news/world/gaza-strip-struggles-cope-coronavirus-outbreak-takes-its-toll-n1239972,starter
Religious violence reaches India’s capital as a Hindu mob swarms a church,NBC,2023-09-06,2023,https://www.nbcnews.com/news/world/india-g20-christian-church-attack-rcna103571,starter
Oath Keepers founder sentenced to 18 years in Jan. 6 seditious conspiracy case,NBC,2023-05-25,2023,https://www.nbcnews.com/politics/justice-department/oath-keepers-founder-sentenced-18-years-jan-6-seditious-conspiracy-cas-rcna85852,starter
"Ryan Routh, armed man arrested at Trump golf course, posted prolifically about Trump, politics",FoxNews,2024-09-15,2024,https://www.foxnews.com/politics/ryan-routh-armed-man-arrested-trump-golf-course-posted-prolifically-about-trump-politics,starter
Inside the right’s effort to build a voter fraud hunting tool,NBC,2023-08-17,2023,https://www.nbcnews.com/politics/2024-election/conservatives-voter-fraud-hunting-tool-eagleai-cleta-mitchell-rcna97327,starter
8 Best Indoor Garden Systems of 2026 | NBC Select,NBC,2021-05-14,2021,https://www.nbcnews.com/select/shopping/best-indoor-garden-kits-ncna1267376,starter
"Video, flight radar show Prigozhin plane crash: What we know",NBC,2023-08-24,2023,https://www.nbcnews.com/news/world/prigozhin-plane-crash-what-we-know-video-flight-radar-rcna101557,starter
Defiant Brittany Mahomes doesn't 'give a f--- about what people have to say' about her,FoxNews,2024-08-29,2024,https://www.foxnews.com/sports/defiant-brittany-mahomes-doesnt-give-f-about-what-people-have-say-about-her,starter
"Trump says he is 'honored,' 'invigorated' after winning Iowa caucuses: 'We want to Make America Great Again'",FoxNews,2024-01-15,2024,https://www.foxnews.com/politics/trump-says-he-is-honored-invigorated-after-winning-iowa-caucuses-make-america-great-again.print,starter
15 best last-minute Father's Day gifts for dad,NBC,2022-06-10,2022,https://www.nbcnews.com/select/shopping/last-minute-fathers-day-gifts-ncna1296209,starter
Everything We Bought and Loved in March 2026,NBC,2025-03-31,2025,https://www.nbcnews.com/select/shopping/editors-favorite-products-march-rcna145578,starter
Rick Scott leads effort to up Secret Service protections after 2nd assassination attempt on Trump,FoxNews,2024-09-19,2024,https://www.foxnews.com/politics/rick-scott-leads-effort-up-secret-service-protections-after-2nd-assassination-attempt-trump.print,starter
"Biden is in charge of country on second straight vacation, White House insists",FoxNews,2024-08-27,2024,https://www.foxnews.com/politics/biden-charge-country-second-straight-vacation-white-house-insists,starter
Trump mocks Biden's beach naps: 'somebody convinced him he looks great in a bathing suit',FoxNews,2024-10-11,2024,https://www.foxnews.com/media/trump-mocks-bidens-beach-naps-somebody-convinced-him-he-looks-great-bathing-suit.print,starter
"Dolly Parton removes herself from Rock & Roll Hall of Fame nomination, says she hasn't 'earned that right'",FoxNews,2022-03-14,2022,https://www.foxnews.com/entertainment/dolly-parton-removes-herself-rock-roll-hall-of-fame-nomination,starter
Republican convention gets underway two days after Trump survived an assassination attempt,FoxNews,2024-07-15,2024,https://www.foxnews.com/politics/republican-convention-gets-underway-two-days-after-trump-survived-assassination-attempt,starter
Highlights and analysis: Trump commits to 'orderly transition' after mob storms Capitol,NBC,2021-01-06,2021,https://www.nbcnews.com/politics/congress/blog/electoral-college-certification-updates-n1252864/ncrd1253052#blogHeader,starter
"Nearly two-thirds of Americans believe illegal immigration is real crisis, not a media narrative: poll",FoxNews,2024-04-25,2024,https://www.foxnews.com/media/nearly-two-thirds-americans-believe-illegal-immigration-real-crisis-not-media-narrative-poll,starter
"Next presidential administration has to 'get serious' about immigration, say voters in key battleground state",FoxNews,2024-10-08,2024,https://www.foxnews.com/media/next-presidential-administration-get-serious-about-immigration-say-voters-key-battleground-state,starter
Ron DeSantis says U.S. shouldn't take in refugees from Gaza,NBC,2023-10-15,2023,https://www.nbcnews.com/politics/2024-election/ron-desantis-says-us-shouldnt-take-refugees-gaza-rcna120457,starter
Glenn Youngkin united Virginia Republicans around a 15-week abortion ban. Some have pushed to go further.,NBC,2023-10-16,2023,https://www.nbcnews.com/politics/elections/glenn-youngkin-united-virginia-republicans-15-week-abortion-ban-pushed-rcna119199,starter
War in Israel tests Biden's foreign policy case for 2024,NBC,2023-10-07,2023,https://www.nbcnews.com/politics/white-house/war-israel-tests-bidens-foreign-policy-case-2024-rcna119349,starter
Helene 'like a bomb went off': Florida Rep Kat Cammack details severe hurricane damage,FoxNews,2024-10-18,2024,https://www.foxnews.com/us/helene-like-bomb-went-off-florida-rep-kat-cammack-details-severe-hurricane-damage,starter
7+ Best Under Bed Storage Containers | NBC Select,NBC,2025-08-08,2025,https://www.nbcnews.com/select/shopping/best-under-bed-storage-ncna1263210,starter
Josh Shapiro denies antisemitism played role in Harris' VP pick,FoxNews,2024-08-19,2024,https://www.foxnews.com/politics/josh-shapiro-denies-antisemitism-played-role-harris-vp-pick,starter
Here are 20 major media stories CNN's Brian Stelter ignored on his so-called media show in 2021,FoxNews,2021-12-27,2021,https://www.foxnews.com/media/cnn-brian-stelter-reliable-sources-2021.print,starter
The unnoticed election that could determine the future,FoxNews,2024-10-16,2024,https://www.foxnews.com/opinion/unnoticed-election-could-determine-future,starter
Swiss billionaire-backed environmental groups spent big targeting millions of Biden voters,FoxNews,2023-04-06,2023,https://www.foxnews.com/politics/swiss-billionaire-backed-environmental-groups-spent-big-targeting-millions-biden-voters,starter
'Woke' California prosecutor 'ironically in charge of ethics' charged with felonies,FoxNews,2024-04-30,2024,https://www.foxnews.com/us/woke-california-prosecutor-ironically-charge-ethics-charged-felonies,starter
"Israel-Hamas truce greeted with relief, skepticism — and celebration in Gaza",NBC,2021-05-21,2021,https://www.nbcnews.com/news/world/israel-hamas-truce-greeted-relief-skepticism-celebration-gaza-n1268109,starter
Exclusive: Zelenskyy says Ukraine plans to hold seized Russian territory indefinitely,NBC,2024-09-03,2024,https://www.nbcnews.com/news/world/zelenskyy-ukraine-russia-territory-seized-putin-kursk-rcna169280,starter
Cyber Monday 2022: What to buy and what to skip,NBC,2022-11-18,2022,https://www.nbcnews.com/select/shopping/cyber-monday-what-buy-2022-ncna1300894,starter
Giuliani and Powell appear to be among alleged Trump co-conspirators,NBC,2023-08-02,2023,https://www.nbcnews.com/politics/justice-department/giuliani-powell-appear-alleged-trump-co-conspirators-rcna97641,starter
21+ Best Gifts for New Parents in 2026 | NBC Select,NBC,2025-07-22,2025,https://www.nbcnews.com/select/shopping/best-gifts-new-parents-ncna1300748,starter
"North Korean special forces in Russia readying for combat in Ukraine war, South Korea says",NBC,2024-10-18,2024,https://www.nbcnews.com/news/world/north-korean-troops-russia-readying-combat-ukraine-war-rcna176070,starter
James Madison's perspective on slavery is a far more 'nuanced' historical subject than many understand: Turley,FoxNews,2022-07-18,2022,https://www.foxnews.com/media/james-madison-perspective-slavery-nuanced-turley,starter
The best dog and cat food: Select Pet Awards 2023,NBC,2023-06-27,2023,https://www.nbcnews.com/select/shopping/best-food-pet-awards-ncna1305988,starter
"In Harvard study of Jan. 6 rioters, top motivation is clear: Trump",NBC,2022-07-20,2022,https://www.nbcnews.com/politics/politics-news/harvard-study-jan-6-rioters-top-motivation-clear-trump-rcna38794,starter
Vivek Ramaswamy: 'Wounded' Trump's movement needs a new leader,NBC,2024-01-03,2024,https://www.nbcnews.com/politics/2024-election/vivek-ramaswamy-wounded-trumps-movement-needs-new-leader-rcna131921,starter
Here’s why any Israeli attempt to rescue the 150 hostages in Gaza will be ‘brutal’ and painful,NBC,2023-10-13,2023,https://www.nbcnews.com/news/world/israeli-rescue-hamas-hostages-gaza-brutal-painful-rcna120061,starter
High school students have a strong shot at success with career technical education: 'A win-win',FoxNews,2022-09-07,2022,https://www.foxnews.com/lifestyle/high-school-students-strong-shot-success-career-technical-education-win-win,starter
"Delphi murders: Man charged with killing 2 girls is 'his own worst enemy,' expert says",FoxNews,2024-05-02,2024,https://www.foxnews.com/us/delphi-murders-cvs-employee-accused-killing-2-girls-own-worst-enemy-expert-says,starter
Iowa Gov. Kim Reynolds signs a 6-week abortion ban at conservative summit,NBC,2023-07-14,2023,https://www.nbcnews.com/politics/2024-election/iowa-gov-kim-reynolds-signs-6-week-abortion-ban-conservative-summit-rcna93901,starter
Who was Yahya Sinwar? The Israeli prisoner turned terrorist Hamas leader killed by IDF troops,FoxNews,2024-10-17,2024,https://www.foxnews.com/politics/who-yahya-sinwar-israeli-prisoner-militant-hamas-leader.print,starter
Progressive content creators gear up for Kamala Harris,NBC,2024-07-22,2024,https://www.nbcnews.com/tech/tech-news/progressive-content-creators-kamala-harris-reaction-rcna162967,starter
'Psych' star Dulé Hill on Hollywood diversity and the legacy of 'The West Wing',NBC,2020-07-06,2020,https://www.nbcnews.com/pop-culture/celebrity/psych-star-dul-hill-hollywood-diversity-legacy-west-wing-n1232192,starter
Election 2024 updates: More Democrats want Biden to drop out; Trump speaks with Zelenskyy,NBC,2024-07-19,2024,https://www.nbcnews.com/politics/2024-election/live-blog/rnc-trump-biden-republican-convention-live-updates-rcna161247,starter
NBA player Karl-Anthony Towns on losing 8 relatives from Covid-19,NBC,2021-10-20,2021,https://www.nbcnews.com/news/nbcblk/nba-player-karl-anthony-towns-losing-8-relatives-covid-19-rcna3398,starter
Media figures shocked at Biden's 'bad' debate performance: 'Total and complete disaster',FoxNews,2024-06-27,2024,https://www.foxnews.com/media/media-figures-shocked-bidens-bad-debate-performance-total-complete-disaster,starter
Vanessa Hudgens continues #ThirstyThursday tradition with sultry snaps,FoxNews,2020-02-07,2020,https://www.foxnews.com/entertainment/vanessa-hudgens-thirsty-thursday-pics-second-week,starter
"Kamala Harris campaign frustrated by recent Biden media appearances, says CNN reporter",FoxNews,2024-10-07,2024,https://www.foxnews.com/media/members-kamala-harris-campaign-frustrated-recent-biden-media-appearances-cnn-reporter.print,starter
Ex-cop who stormed the Capitol on Jan. 6 sentenced to record-tying 7 years in prison,NBC,2022-08-11,2022,https://www.nbcnews.com/politics/justice-department/virginia-cop-thomas-robertson-jan-6-sentenced-7-years-prison-rcna42559,starter
"How much water you really need to drink, according to experts",NBC,2024-02-26,2024,https://www.nbcnews.com/select/shopping/how-much-water-to-drink-rcna140219,starter
NRA praises court order striking down ‘draconian’ blue state's handgun law,FoxNews,2023-11-23,2023,https://www.foxnews.com/us/nra-praises-court-order-striking-down-draconian-blue-states-handgun-law,starter
NBA great Magic Johnson slammed for calling Obama’s DNC speeches the best in ‘history of our country’,FoxNews,2024-08-21,2024,https://foxnews.com/sports/nba-great-magic-johnson-slammed-calling-obamas-dnc-speeches-best-history-our-country,starter
MyPillow lawyers say CEO Mike Lindell owes them millions of dollars,NBC,2023-10-05,2023,https://www.nbcnews.com/politics/politics-news/mypillow-lawyers-say-ceo-mike-lindell-owes-millions-dollars-rcna119058,starter
Luke Bryan’s son surprised Katy Perry with a very odd question for his dad,FoxNews,2022-12-01,2022,https://www.foxnews.com/entertainment/luke-bryans-son-surprised-katy-perry-odd-question-his-dad,starter
"Emmy Awards 2024 highlights: 'The Bear', 'Baby Reindeer', 'ShÅgun' led in wins; red carpet, winners, speeches and more",NBC,2024-09-15,2024,https://www.nbcnews.com/pop-culture/tv/live-blog/emmys-2024-live-updates-rcna167469,starter
Arizona Senate Primary Election 2024 Live Results,NBC,2024-07-30,2024,https://www.nbcnews.com/politics/2024-primary-elections/arizona-senate-results,starter
"Johnson grills DHS on migrant releases, as GOP pressure builds on border crisis",FoxNews,2022-02-02,2022,https://www.foxnews.com/politics/johnson-dhs-migrant-releases-gop-border-crisis,starter
Biden admin unveils latest crackdown on oil and gas industry at UN climate conference,FoxNews,2023-12-02,2023,https://www.foxnews.com/politics/biden-admin-unveils-latest-crackdown-oil-gas-industry-un-climate-conference,starter
Arizona's Kari Lake tears into Kamala Harris on the border: 'The only Walz she supports is her VP pick',FoxNews,2024-08-09,2024,https://www.foxnews.com/politics/arizonas-kari-lake-tears-kamala-harris-border-only-walz-she-supports-her-vp-pick,starter
"Putin pledges truce if Ukraine exits Russian-occupied areas and drops NATO bid, nonstarters for Kyiv",NBC,2024-06-14,2024,https://www.nbcnews.com/news/world/putin-pledges-truce-ukraine-exits-occupied-areas-drops-nato-bid-rcna157146,starter
Healthy living habits include eating dinner earlier — it may also help keep weight down,FoxNews,2022-10-17,2022,https://www.foxnews.com/health/healthy-living-habits-eating-dinner-earlier-may-help-weight.print,starter
Judge orders more Jack Smith Trump investigation docs to be made public ahead of election,FoxNews,2024-10-18,2024,https://www.foxnews.com/politics/judge-orders-more-jack-smith-trump-investigation-docs-made-public-ahead-election,starter
"From a car tire to a Rolex and more, the most bizarre items left in hotel rooms",FoxNews,2024-09-10,2024,https://www.foxnews.com/travel/car-tire-rolex-more-most-bizarre-items-left-hotel-rooms,starter
Florida Supreme Court hears arguments over an abortion rights ballot measure,NBC,2024-02-07,2024,https://www.nbcnews.com/politics/2024-election/florida-supreme-court-arguments-abortion-ballot-measure-rcna137554,starter
Kremlin claims Trump sent Covid test machines to Putin,NBC,2024-10-09,2024,https://www.nbcnews.com/news/world/donald-trump-vladimir-putin-covid-testing-devices-phone-calls-kremlin-rcna174632,starter
U.S. intel says it has âhigh confidenceâ Israel didnât cause Gaza hospital blast,NBC,2023-10-24,2023,https://www.nbcnews.com/news/world/live-blog/israel-hamas-war-live-updates-rcna121849,starter
Trump pushes baseless claim at debate about immigrants 'eating the pets',NBC,2024-09-11,2024,https://www.nbcnews.com/politics/2024-election/trump-pushes-baseless-claim-immigrants-eating-pets-rcna170537,starter
Trump and Mike Johnson zero in on noncitizen voting. It’s already illegal and very rare.,NBC,2024-04-12,2024,https://www.nbcnews.com/politics/elections/trump-johnson-noncitizen-voting-illegal-rare-rcna147567,starter
'American Graffiti' cast 50 years later: How film launched Harrison Ford from struggling carpenter to Han Solo,FoxNews,2023-08-01,2023,https://www.foxnews.com/entertainment/american-graffiti-cast-50-years-film-launched-harrison-ford-struggling-carpenter-han-solo,starter
Elizabeth Warren warns Dems to stand firm on tax hikes as fight looms over Trump-era cuts,FoxNews,2024-06-17,2024,https://www.foxnews.com/politics/elizabeth-warren-warns-dems-stand-firm-tax-hikes-fight-looms-over-trump-era-cuts,starter
Public officials urge halt to the spread of rampant disinformation around Hurricane Helene,NBC,2024-10-07,2024,https://www.nbcnews.com/tech/tech-news/hurricane-helene-disinformation-social-media-public-officials-response-rcna174305,starter
Elite university journalism professor exposed for monthslong campaign justifying Hamas,FoxNews,2024-05-22,2024,https://www.foxnews.com/politics/elite-university-journalism-professor-exposed-for-monthslong-campaign-justifying-hamas,starter
10 most patriotic US states for July 4: See if your home state made the list,FoxNews,2024-06-18,2024,https://www.foxnews.com/travel/10-most-patriotic-us-states-july-4-see-home-state-made-list,starter
Brian Stelter: A retrospective of CNN's ousted media reporter,FoxNews,2022-08-19,2022,https://www.foxnews.com/media/brian-stelter-retrospective-cnns-ousted-media-reporter.print,starter
How often should you bathe your dog?,NBC,2024-04-16,2024,https://www.nbcnews.com/select/shopping/how-often-to-bathe-your-dog-rcna148001,starter
"FOX Corporation launches donation drive for American Red Cross Hurricanes Helene, Milton relief efforts",FoxNews,2024-09-27,2024,https://www.foxnews.com/media/fox-corporation-launches-donation-drive-american-red-cross-hurricane-helene-relief-efforts,starter
Josh Shapiro says antisemitism played no role in VP discussions and slams Trump's comments,NBC,2024-08-19,2024,https://www.nbcnews.com/politics/2024-election/josh-shapiro-says-antisemitism-played-no-role-vp-discussions-slams-tru-rcna167167,starter
"House GOP leaders call Schumer's Israel comments 'inappropriate,’ demand apology in impromptu press conference",FoxNews,2024-03-14,2024,https://www.foxnews.com/politics/house-gop-leaders-call-schumers-israel-comments-inappropriate-demand-apology-impromptu-press-conference,starter
Eagles' Nick Sirianni has heated spat with fans after close win vs Browns,FoxNews,2024-10-13,2024,https://www.foxnews.com/sports/eagles-nick-sirianni-has-heated-spat-fans-after-close-win-vs-browns,starter
Bernie Sanders says Harris dropping far-left policies 'in order to win the election',FoxNews,2024-09-08,2024,https://www.foxnews.com/media/bernie-sanders-says-harris-abandoning-far-left-policies-in-order-win-election,starter
Rapper 50 Cent says ‘maybe Trump is the answer’ after seeing NYC give prepaid credit cards to migrants,FoxNews,2024-02-03,2024,https://www.foxnews.com/media/rapper-50-cent-says-maybe-trump-answer-seeing-nyc-give-pre-paid-credit-cards-migrants,starter
"Ravens fan seen in viral fight video identified, warrant issued for arrest, police say",FoxNews,2024-10-17,2024,https://www.foxnews.com/sports/ravens-fan-seen-viral-fight-video-identified-has-warrant-issued-arrest-police-say.print,starter
Harris seeks to recapture Obama-era energy as he rallies for her in Pennsylvania,NBC,2024-10-10,2024,https://www.nbcnews.com/politics/2024-election/harris-seeks-recapture-obama-era-energy-rallies-pennsylvania-rcna174339,starter
Nate Silver reveals the one battleground state that could spell trouble for Kamala Harris,FoxNews,2024-08-29,2024,https://www.foxnews.com/media/nate-silver-reveals-one-battleground-state-could-spell-trouble-kamala-harris,starter
NRA digs in for legal fight against woke prosecutor over alleged 'roadmap' of abuse,FoxNews,2023-03-15,2023,https://www.foxnews.com/politics/nra-legal-fight-against-woke-prosecutor-alleged-roadmap-abuse,starter
Title IX's 50th anniversary: Debate over transgender athletes rages,FoxNews,2022-06-23,2022,https://www.foxnews.com/sports/title-ix-anniversary-debate-transgender-athletes,starter
Large police presence in Cuban capital day after thousands protest,NBC,2021-07-12,2021,https://www.nbcnews.com/news/latino/cuban-president-defiant-blames-embargo-after-massive-protests-n1273716,starter
Trump calls transgender inclusion in women's sports policies 'so far out',FoxNews,2024-10-15,2024,https://www.foxnews.com/sports/trump-calls-transgender-inclusion-womens-sports-policies-so-far-out,starter
"Poll: Democrats catch up on election enthusiasm, but two key groups lag behind",NBC,2024-10-18,2024,https://www.nbcnews.com/politics/2024-election/poll-democrats-catch-election-enthusiasm-two-key-groups-lag-rcna176039,starter
Trump outlines his biggest challenge in debating Harris: 'You don't know what to expect',NBC,2024-09-10,2024,https://www.nbcnews.com/politics/donald-trump/donald-trump-biggest-challenge-debating-kamala-harris-rcna170388,starter
Ryan Routh in custody after Trump golf club incident,NBC,2024-09-16,2024,https://www.nbcnews.com/news/us-news/ryan-routh-custody-trump-golf-club-incident-rcna171225,starter
'Latinos for Trump' rebrands and is set to launch as 'Latino Americans for Trump',NBC,2024-06-06,2024,https://www.nbcnews.com/news/latino/latinos-trump-rebrands-launch-latino-americans-trump-rcna155708,starter
The 5 best pet cameras,NBC,2023-07-18,2023,https://www.nbcnews.com/select/shopping/5-best-pet-cameras-2023-rcna94672,starter
SJSU women's volleyball player praises Nevada team for raising concerns about playing vs trans opponent,FoxNews,2024-10-15,2024,https://www.foxnews.com/sports/sjsu-womens-volleyball-player-praises-nevada-team-raising-concerns-about-playing-vs-trans-opponent,starter
Transgender model Valentina Sampaio makes Sports Illustrated Swimsuit history,NBC,2020-07-10,2020,https://www.nbcnews.com/feature/nbc-out/transgender-model-valentina-sampaio-makes-sports-illustrated-swimsuit-history-n1233478,starter
How stage 4 kidney cancer diagnosis didn't stop this young woman from getting a great new job,NBC,2022-06-04,2022,https://www.nbcnews.com/health/health-news/stage-4-kidney-cancer-diagnosis-didnt-stop-young-woman-getting-great-n-rcna31523,starter
"Utah mom shot missing National Guard husband in his sleep, suggested lover ‘take it to the grave’: police",FoxNews,2024-10-17,2024,https://www.foxnews.com/us/utah-mom-shot-missing-national-guard-husband-sleep-suggested-lover-take-grave-police.print,starter
Search for missing Texas mom Suzanne Simpson leads to San Antonio landfill,FoxNews,2024-10-15,2024,https://www.foxnews.com/us/search-missing-texas-mom-suzanne-simpson-leads-san-antonio-landfill,starter
‘American Idol’ judge Luke Bryan shares which stars have been ‘in the talks’ to replace Katy Perry on hit show,FoxNews,2024-07-02,2024,https://www.foxnews.com/entertainment/american-idol-judge-luke-bryan-shares-which-stars-have-been-in-talks-replace-katy-perry-hit-show,starter
Federal judge blocks Biden admin move to give legal status to illegal immigrant spouses of US citizens,FoxNews,2024-08-26,2024,https://www.foxnews.com/politics/federal-judge-blocks-biden-admin-move-give-legal-status-illegal-immigrant-spouses-us-citizens.print,starter
"Local police responsible for roof where Trump shooter hid at Butler rally had never spoken to Secret Service, report says",NBC,2024-09-20,2024,https://www.nbcnews.com/investigations/police-roof-trump-shooter-butler-rally-never-spoke-secret-service-rcna172007,starter
New poll shows Trump holds lead with ‘remarkably resilient’ support,FoxNews,2024-09-08,2024,https://www.foxnews.com/politics/new-poll-shows-trump-holds-lead-remarkably-resilient-support-poll,starter
Palestinian gunman kills 2 as officials meet to discuss surge in violence,NBC,2023-02-26,2023,https://www.nbcnews.com/news/world/palestinian-gunman-kills-2-officials-meet-discuss-surge-violence-rcna72369,starter
America's 'unique' Thanksgiving stuffing preferences state-by-state,FoxNews,2022-11-17,2022,https://www.foxnews.com/lifestyle/americas-unique-thanksgiving-stuffing-preferences-state-by-state,starter
#EmptyShelvesJoe trending on Twitter amid Biden’s supply chain crisis,FoxNews,2021-10-15,2021,https://www.foxnews.com/us/emptyshelvesjoe-trending-on-twitter-amid-bidens-supply-chain-crisis,starter
Kamala Harris’ support with Arab and Muslim communities in Michigan is ‘tenuous’: Democratic strategist,FoxNews,2024-10-05,2024,https://www.foxnews.com/media/kamala-harris-support-arab-muslim-communities-michigan-tenuous-democratic-strategist,starter
Trump supporter charged with firing gun during Jan. 6 attack ordered detained,NBC,2024-03-13,2024,https://www.nbcnews.com/politics/justice-department/trump-supporter-charged-firing-gun-jan-6-attack-ordered-detained-rcna143217,starter
It's hard to flee from your domestic abuser during a coronavirus lockdown,NBC,2020-05-17,2020,https://www.nbcnews.com/health/health-care/it-s-hard-flee-your-domestic-abuser-during-coronavirus-lockdown-n1205641,starter
Microplastics found in fresh snow on Antarctica,NBC,2022-06-09,2022,https://www.nbcnews.com/science/environment/microplastics-found-fresh-snow-antarctica-rcna32862,starter
"Disney+ removes access to classics like 'Dumbo,' 'Peter Pan' for kids under 7 over 'racist' stereotypes",FoxNews,2021-03-10,2021,https://www.foxnews.com/entertainment/disney-plus-removes-access-to-classics-like-dumbo-peter-pan-for-kids-under-7-over-racist-stereotypes.print,starter
Trump assassination attempt: Why Florida prosecutor says ‘insanity’ defense won’t stick for suspect,FoxNews,2024-09-18,2024,https://www.foxnews.com/us/trump-assassination-attempt-why-florida-prosecutor-says-insanity-defense-wont-stick-suspect,starter
This trendy seed can boost your health big-time in 5 cool ways: Here's how,FoxNews,2024-06-21,2024,https://www.foxnews.com/food-drink/trendy-seed-can-boost-health-big-time-5-cool-ways-heres-how,starter
Dogs and cats roam free as first cageless animal shelter in US opens in Arkansas,FoxNews,2023-03-15,2023,https://www.foxnews.com/lifestyle/dogs-cats-roam-free-first-cageless-animal-shelter-us-opens-arkansas,starter
Harris says it is part of the American tradition for VPs not to criticize the president,NBC,2024-10-18,2024,https://www.nbcnews.com/politics/2024-election/harris-says-part-american-tradition-vps-not-criticize-president-rcna176160,starter
India election: Modi's majority in doubt after surprise results,NBC,2024-06-04,2024,https://www.nbcnews.com/news/world/india-election-results-narendra-modi-rcna154839,starter
CNN data reporter predicts Trump will win ‘historic’ number of Black and Hispanic voters,FoxNews,2024-10-14,2024,https://www.foxnews.com/media/cnn-data-reporter-predicts-trump-win-historic-number-black-hispanic-voters,starter
"Ask a doctor: ‘Why are my ears ringing, and should I see a physician?’",FoxNews,2024-02-07,2024,https://www.foxnews.com/health/ask-doc-why-ears-ringing-should-see-doctor,starter
"Trump has some immunity in D.C. election interference case, Supreme Court rules: Highlights",NBC,2024-07-01,2024,https://www.nbcnews.com/politics/supreme-court/live-blog/trump-immunity-supreme-court-ruling-live-updates-rcna159539,starter
105-year-old woman graduates from Stanford University 83 years after leaving campus: 'Amazing',FoxNews,2024-07-06,2024,https://www.foxnews.com/lifestyle/105-year-old-woman-graduates-stanford-university-83-years-leaving-campus-amazing,starter
Mom praises viral parenting tactic as she allows her kids to play by themselves: 'Whole new world',FoxNews,2024-02-24,2024,https://www.foxnews.com/lifestyle/mom-praises-viral-parenting-tactic-allows-kids-play-themselves-whole-new-world,starter
Curl Pattern Chart: How to Find Your Curl Type,NBC,2023-12-11,2023,https://www.nbcnews.com/select/shopping/curl-hair-type-explained-rcna129053,starter
"Ozempic and other GLP-1 drugs could reduce arthritis symptoms in some, experts claim",FoxNews,2024-07-11,2024,https://www.foxnews.com/health/ozempic-other-glp-1-drugs-could-reduce-arthritis-symptoms-some-experts-claim,starter
Dem lawmakers' voting records with Biden-Harris in spotlight ahead of tight races,FoxNews,2024-08-22,2024,https://www.foxnews.com/politics/dem-lawmakers-voting-records-biden-harris-spotlight-ahead-tight-races,starter
5 key details in controversial Senate border deal,FoxNews,2024-02-05,2024,https://www.foxnews.com/politics/heres-whats-in-senate-border-immigration-deal,starter
Top-rated sleep products on Amazon to give you the best sleep of your life,NBC,2023-05-22,2023,https://www.nbcnews.com/select/shopping/best-amazon-sleep-products-ncna1305247,starter
"On this day in history, July 26, 1990, President George H.W. Bush signs Americans with Disabilities Act",FoxNews,2024-07-26,2024,https://www.foxnews.com/lifestyle/this-day-history-july-26-1990-president-george-h-w-bush-signs-americans-disabilities-act,starter
Ron DeSantis' presidential campaign launch melts down in Twitter glitches,NBC,2023-05-24,2023,https://www.nbcnews.com/politics/2024-election/ron-desantis-presidential-campaign-twitter-problems-rcna86123,starter
"Why Jimi Hendrix’s death at 27 is still shrouded in mystery, book reveals: ‘It was an avoidable accident’",FoxNews,2020-11-21,2020,https://www.foxnews.com/entertainment/jimi-hendrix-27-club-philip-norman-book,starter
Tech bestsellers: The most purchased products we covered in 2023,NBC,2023-12-27,2023,https://www.nbcnews.com/select/shopping/bestselling-tech-products-2023-rcna131349,starter
Trump courts rappers as surrogates for his campaign to win more voters of color,NBC,2024-06-20,2024,https://www.nbcnews.com/politics/donald-trump/trump-courts-rappers-surrogates-campaign-win-voters-color-rcna157972,starter
The 25 best Mother's Day kitchen gifts of 2023,NBC,2022-04-26,2022,https://www.nbcnews.com/select/shopping/kitchen-cooking-gifts-mom-ncna1294776,starter
"Travel-obsessed woman 'works' the time-off system, visiting 28 countries on a budget",FoxNews,2024-08-23,2024,https://www.foxnews.com/travel/travel-obsessed-woman-works-time-off-system-visiting-28-countries-budget,starter
"Adin Ross interviews Trump, gifts him a Cybertruck and a Rolex",NBC,2024-08-05,2024,https://www.nbcnews.com/tech/internet/adin-ross-interviews-trump-gifts-cybertruck-rolex-rcna165225,starter
Lawmakers grill Defense Secretary Lloyd Austin over secret hospitalization,NBC,2024-02-29,2024,https://www.nbcnews.com/politics/congress/lawmakers-set-grill-defense-secretary-lloyd-austin-secret-hospitalizat-rcna141095,starter
Every day is Memorial Day at Dover Air Force Base,FoxNews,2022-05-27,2022,https://www.foxnews.com/us/every-day-memorial-day-dover-air-force-base,starter
"Educators warn of antisemitic ‘outbreak’ on college campuses, denounce ‘tone deafness’ of faculty and students",FoxNews,2023-10-20,2023,https://www.foxnews.com/media/educators-warn-antisemitic-outbreak-college-campuses-tone-deafness-faculty-students,starter
"Trump rolls out 2024 trade policy that would 'tax China to build up America,' reward US producers",FoxNews,2023-02-27,2023,https://www.foxnews.com/politics/trump-rolls-out-2024-trade-policy-tax-china-build-up-america-reward-us-producers,starter
Tony Bennett in his own words: 'I feel that I have been truly blessed',FoxNews,2023-07-21,2023,https://www.foxnews.com/lifestyle/tony-bennett-own-words-i-feel-i-have-been-truly-blessed,starter
Newlywed couple reveals details of their unique destination wedding in Mexico: 'Perfect day',FoxNews,2024-07-05,2024,https://www.foxnews.com/travel/newlywed-couple-details-unique-destination-wedding-mexico-perfect-day,starter
Laramie Project stages special reading on Matthew Shepard murder anniversary,NBC,2023-10-11,2023,https://www.nbcnews.com/feature/nbc-out/laramie-project-stages-special-reading-matthew-shepard-murder-annivers-rcna119957,starter
CNN's Harry Enten says JD Vance has 'nothing to lose' in debate with Walz because of low favorability ratings,FoxNews,2024-10-01,2024,https://www.foxnews.com/media/cnns-harry-enten-says-jd-vance-has-nothing-lose-debate-walz-because-low-favorability-ratings,starter
"Biden admin hit with lawsuit for restricting oil, gas production: 'Put American jobs at risk'",FoxNews,2023-08-30,2023,https://www.foxnews.com/politics/biden-admin-hit-lawsuit-restricting-oil-gas-production-put-american-jobs-risk,starter
Michelle Obama's office says the former first lady 'will not be running for president' in 2024,NBC,2024-03-05,2024,https://www.nbcnews.com/politics/2024-election/michelle-obama-former-first-lady-not-running-president-2024-rcna141767,starter
U.S. welcomes a new Palestinian government after making repeated calls for political reform,NBC,2024-03-30,2024,https://www.nbcnews.com/news/world/us-new-palestinian-government-political-reform-rcna145717,starter
"Meet the American who invented the hard hat, a proud symbol of our nation's working class",FoxNews,2024-10-18,2024,https://www.foxnews.com/lifestyle/meet-american-invented-hard-hat-symbol-working-class,starter
"Trump says 'there will be no third debate,' claiming victory against Harris in Tuesday's showdown",FoxNews,2024-09-12,2024,https://www.foxnews.com/media/trump-says-there-no-third-debate-claiming-victory-against-harris-tuesdays-showdown,starter
RFK Jr says ‘corporate media’ has attacked him ‘even more than President Trump’,FoxNews,2023-07-24,2023,https://www.foxnews.com/politics/rfk-jr-corporate-media-attacked-more-president-trump,starter
"Trump to rally in Butler, Pennsylvania, on Oct. 5",NBC,2024-09-23,2024,https://www.nbcnews.com/politics/2024-election/trump-rally-butler-pennsylvania-oct-5-rcna172329,starter
Remains of Kansas Priest Who Died in Korean War Identified,FoxNews,2021-03-05,2021,https://www.foxnews.com/us/remains-of-kansas-priest-who-died-in-korean-war-identified.print,starter
"Map: Track Hurricane Milton’s path, forecast and status",NBC,2024-10-09,2024,https://www.nbcnews.com/weather/hurricanes/hurricane-milton-tracker-map-path-forecast-status-rcna174747,starter
Florida's forgotten theme park from 1938 welcomes tourists despite popular competition,FoxNews,2024-09-11,2024,https://www.foxnews.com/travel/floridas-forgotten-theme-park-1938-welcomes-tourists-despite-popular-competition,starter
Biden officials worry Israel’s response to Iran strikes may trigger wider war,NBC,2024-04-14,2024,https://www.nbcnews.com/news/world/israel-iran-attack-escalation-war-fears-drones-missiles-rcna147739,starter
JD Vance calls out 'deranged' mindset that we need illegal immigrants to build houses,FoxNews,2024-10-14,2024,https://www.foxnews.com/media/jd-vance-calls-out-deranged-mindset-we-need-illegal-immigrants-build-houses,starter
"Trump-Harris race neck and neck nationally in new survey, pollster sees 'warning sign' for Dems",FoxNews,2024-09-10,2024,https://www.foxnews.com/politics/trump-harris-race-neck-neck-nationally-new-survey-pollster-sees-warning-sign-dems,starter
North Korea’s Kim Jong Un arrives in Russia for Putin arms talks,NBC,2023-09-12,2023,https://www.nbcnews.com/news/world/north-korea-kim-jong-un-russia-vladimir-putin-ukraine-rcna104563,starter
Former Colorado apartment resident says Gov. Polis 'wouldn't last five minutes' against armed gangs,FoxNews,2024-08-30,2024,https://www.foxnews.com/us/former-colorado-apartment-resident-says-gov-polis-wouldnt-last-five-minutes-against-armed-gangs,starter
Full Transcript: Read Lester Holt’s interview with Iranian President Ebrahim Raisi,NBC,2023-09-13,2023,https://www.nbcnews.com/news/world/full-transcript-read-lester-holts-interview-iranian-president-ebrahim-rcna104913,starter
"Who was Hassan Nasrallah, the Hezbollah leader killed in Beirut strike",NBC,2024-09-28,2024,https://www.nbcnews.com/news/world/hassan-nasrallah-hezbollah-leader-israel-says-killed-beirut-strike-rcna173053,starter
Ron DeSantis replaces his campaign manager as he reboots his presidential bid,NBC,2023-08-08,2023,https://www.nbcnews.com/politics/2024-election/ron-desantis-replaces-campaign-manager-james-uthmeier-rcna98774,starter
Illinois man charged with murder in the fatal stabbing of a Palestinian American boy pleads not guilty,NBC,2023-10-30,2023,https://www.nbcnews.com/news/illinois-man-charged-murder-fatal-stabbing-palestinian-american-boy-pl-rcna122757,starter
"Double Cleansing: What It Is, How to Do It | NBC Select",NBC,2025-12-08,2025,https://www.nbcnews.com/select/shopping/best-double-cleansing-products-rcna94713,starter
Christian baker sued for refusing gender-transition cake says Supreme Court ruling puts law on his side,FoxNews,2023-07-19,2023,https://www.foxnews.com/politics/christian-baker-sued-refusing-gender-transition-cake-says-supreme-court-ruling-puts-law-his-side,starter
"German police raid homes connected to Hamas, pro-Palestinian groups",FoxNews,2023-11-23,2023,https://www.foxnews.com/world/german-police-raid-homes-connected-hamas-pro-palestinian-groups.print,starter
"Netanyahu may be on course for a dramatic comeback, Israeli exit polls suggest",NBC,2022-11-01,2022,https://www.nbcnews.com/news/world/netanyahu-comeback-israel-election-far-right-jewish-power-rcna54788,starter
Florida police department invites public to homeless veteran's funeral,FoxNews,2020-01-17,2020,https://www.foxnews.com/us/florida-police-department-invites-public-to-homeless-veterans-funeral.print,starter
Catching Zzz's: 5 Amazon buys that could help you sleep better at night,FoxNews,2024-03-22,2024,https://www.foxnews.com/lifestyle/catching-zzzs-5-amazon-buys-help-sleep-better-night.print,starter
Russia’s 2024 election interference has already begun,NBC,2024-02-26,2024,https://www.nbcnews.com/news/investigations/russias-2024-election-interference-already-begun-rcna134204,starter
Democratic National Committee releases party platform ahead of convention,NBC,2024-08-19,2024,https://www.nbcnews.com/politics/2024-election/democratic-national-committee-releases-party-platform-ahead-convention-rcna167098,starter
Harris-Walz hit with blistering ad on China record ahead of presidential debate: 'Time to fight back',FoxNews,2024-09-10,2024,https://www.foxnews.com/politics/harris-walz-hit-blistering-ad-china-record-ahead-presidential-debate-time-fight-back,starter
Trump's name 'incorrectly' used in LA Times' OJ Simpson obituary: 'Freud Lives',FoxNews,2024-04-11,2024,https://www.foxnews.com/media/trumps-name-incorrectly-used-la-times-o-j-simpson-obituary-freud-lives,starter
"Nashville school shooting should be investigated as hate crime, Hawley says",FoxNews,2023-03-28,2023,https://www.foxnews.com/politics/nashville-school-shooting-should-investigated-hate-crime-hawley-says.print,starter
Trump comes out against Florida's abortion rights ballot measure after conservative backlash,NBC,2024-08-30,2024,https://www.nbcnews.com/politics/2024-election/trump-damage-control-abortion-backlash-conservatives-rcna168922,starter
Doubts surface over Puerto Rican governor's motivation to fire housing secretary,NBC,2020-01-21,2020,https://www.nbcnews.com/news/latino/doubts-surface-over-puerto-rican-governor-s-motivation-fire-housing-n1119616,starter
Oath Keepers Stewart Rhodes and Kelly Meggs found guilty of seditious conspiracy in Jan. 6 case,NBC,2022-11-29,2022,https://www.nbcnews.com/politics/justice-department/oath-keepers-verdict-seditious-conspiracy-trial-rcna58415,starter
"As bombs fall silent over Gaza and Israel, 'whole generation' of children face long term trauma",NBC,2021-05-23,2021,https://www.nbcnews.com/news/world/israel-hamas-ceasefire-holds-gaza-s-children-trauma-remains-n1268249,starter
Harris leans on ‘McCain Republicans’ to close the deal in Arizona,NBC,2024-10-18,2024,https://www.nbcnews.com/politics/2024-election/kamala-harris-mccain-republicans-arizona-trump-rcna175917,starter
ICE captures 2 suspected Venezuelan gang members in connection with NYPD assault,FoxNews,2024-02-15,2024,https://www.foxnews.com/us/ice-captures-2-suspected-venezuelan-gang-members-connection-nypd-assault,starter
Muslims navigate restrictions in the second pandemic Ramadan,NBC,2021-04-13,2021,https://www.nbcnews.com/news/asian-america/muslims-navigate-restrictions-second-pandemic-ramadan-rcna671,starter
Harris does interview with raunchy sex and relationship podcast as she continues to avoid many news outlets,FoxNews,2024-10-05,2024,https://www.foxnews.com/media/harris-does-interview-raunchy-sex-relationship-podcast-she-continues-avoid-many-news-outlets,starter
"Biden abandoned by top Democrats as Pritzker, Newsom 'measure the drapes' in absence",FoxNews,2022-07-14,2022,https://www.foxnews.com/media/biden-abandoned-top-democrats-pritzker-newsom-measure-drapes-absence,starter
"Trump greets Netanyahu at Mar-a-Lago, says World War III could happen if Harris wins",FoxNews,2024-07-26,2024,https://www.foxnews.com/politics/trump-greets-netanyahu-mar-a-lago-says-world-war-iii-could-happen-harris-wins,starter
Obamas to hit the campaign trail in first joint appearances with Harris,NBC,2024-10-18,2024,https://www.nbcnews.com/politics/2024-election/obamas-hit-campaign-trail-first-joint-appearances-harris-rcna176034,starter
"Israeli military abandoned kibbutz for hours during Hamas' attack Oct. 7, IDF inquiry finds",NBC,2024-07-12,2024,https://www.nbcnews.com/news/world/israeli-military-kibbutz-internal-inquiry-rcna161497,starter
"Hamas terror leader Yahya Sinwar killed in Gaza, Israel says",FoxNews,2024-10-17,2024,https://www.foxnews.com/world/idf-investigating-whether-hamas-chief-yahya-sinwar-killed-gaza-operations.print,starter
Jan. 6 committee avoids criticizing law enforcement in summary,NBC,2022-12-20,2022,https://www.nbcnews.com/politics/congress/jan-6-committee-avoids-criticizing-law-enforcement-summary-rcna61935,starter
Trans inclusion in women's sports becomes hotter topic in 2023,FoxNews,2023-12-27,2023,https://www.foxnews.com/sports/trans-inclusion-womens-sports-becomes-hotter-topic.print,starter
Rachel Morin's mom calls out Biden-Harris for ignoring them after migrant murder,FoxNews,2024-09-12,2024,https://www.foxnews.com/us/rachel-morin-mom-calls-out-biden-harris-ignoring-them-after-migrant-murder,starter
'Their inaction cost lives': U.S. Capitol Police union rebukes leadership,NBC,2021-01-27,2021,https://www.nbcnews.com/news/us-news/their-inaction-cost-lives-u-s-capitol-police-union-rebukes-n1255882,starter
"A look at Bruce Willis’ upcoming acting role in 'Paradise City,’ his storied Hollywood career",FoxNews,2022-03-30,2022,https://www.foxnews.com/entertainment/bruce-willis-paradise-city-hollywood-career,starter
Kamala Harris getting overwhelmingly positive media coverage since emerging as nominee: Study,FoxNews,2024-08-19,2024,https://www.foxnews.com/media/kamala-harris-getting-overwhelmingly-positive-media-coverage-since-emerging-nominee-study,starter
Hostages in Israel update: Families of loved ones taken by Hamas share their horrific stories,NBC,2023-10-10,2023,https://www.nbcnews.com/news/us-news/hamas-israel-hostages-tell-loved-ones-stories-rcna119509,starter
"Schumer coins 'Trump shutdown,' slamming GOP amid spending fight",FoxNews,2024-09-19,2024,https://www.foxnews.com/politics/schumer-coins-trump-shutdown-slamming-gop-amid-spending-fight.print,starter
"Before anniversary of mass protests, Iran’s leader expresses no regrets",NBC,2023-09-12,2023,https://www.nbcnews.com/news/world/anniversary-mass-protests-irans-leader-expresses-no-regrets-threatens-rcna104621,starter
157+ best Cyber Monday deals still live: Shop before they're gone,NBC,2022-11-28,2022,https://www.nbcnews.com/select/shopping/best-cyber-monday-deals-2022-ncna1301406,starter
Senate online child safety hearing: What to know,NBC,2024-01-30,2024,https://www.nbcnews.com/tech/senate-online-child-safety-hearing-what-to-know-rcna136239,starter
Jon Tester casts doubt on unfavorable poll in Montana Senate race: 'Give me a break',FoxNews,2024-09-13,2024,https://www.foxnews.com/politics/jon-tester-casts-doubt-unfavorable-poll-montana-senate-race-give-me-break.print,starter
American space legend Buzz Aldrin marries 63-year-old girlfriend on his 93rd birthday,FoxNews,2023-01-21,2023,https://www.foxnews.com/us/american-space-legend-buzz-aldrin-marries-63-year-old-girlfriend-93rd-birthday,starter
"Putin says he backs Harris over Trump, adds he's ready for talks with Ukraine",FoxNews,2024-09-05,2024,https://www.foxnews.com/world/putin-says-he-backs-harris-over-trump-adds-hes-ready-talks-ukraine,starter
FOX Nation unveils veteran-themed content to commemorate Memorial Day,FoxNews,2022-05-18,2022,https://www.foxnews.com/media/fox-nation-veteran-memorial-day,starter
Atlanta shooting victim's husband says police detained him for hours,NBC,2021-03-22,2021,https://www.nbcnews.com/news/us-news/atlanta-shooting-victim-s-husband-says-police-detained-him-hours-n1261741,starter
Esper replacement Chris Miller tells US troops: 'It's time to come home',FoxNews,2020-11-14,2020,https://www.foxnews.com/politics/esper-replacement-chris-miller-tells-us-troops-its-time-to-come-home,starter
Georgia high court restores state's 6-week 'heartbeat' abortion law,FoxNews,2024-10-07,2024,https://www.foxnews.com/politics/georgia-high-court-restores-states-six-week-heartbeat-abortion-law,starter
"The 16 Best Hair Dryers of 2026, Tested and Reviewed | NBC Select",NBC,2020-10-16,2020,https://www.nbcnews.com/select/shopping/best-hair-dryers-blow-dryers-ncna1243766,starter
Death of Iran President Raisi prompts grief and relief for some,NBC,2024-05-20,2024,https://www.nbcnews.com/news/world/death-iran-president-raisi-prompts-grief-relief-celebration-rcna153003,starter
Inside the poll numbers: Which key groups have moved — and which ones haven't — since Biden's exit,NBC,2024-09-22,2024,https://www.nbcnews.com/politics/2024-election/poll-numbers-key-groups-moved-biden-harris-trump-rcna172013,starter
Stern U.S. letter prompts Israel to allow first aid into northern Gaza this month. Will it last?,NBC,2024-10-16,2024,https://www.nbcnews.com/news/world/israel-gaza-aid-letter-blinken-austin-warning-netanyahu-government-rcna175657,starter
Israel issues evacuation warning for Lebanese civilians as it launches 'extensive' strikes,NBC,2024-09-23,2024,https://www.nbcnews.com/news/world/israel-lebanon-hezbollah-evacuation-strikes-rcna172180,starter
Student debt canceled for 74k borrowers in White House loan forgiveness,NBC,2024-01-19,2024,https://www.nbcnews.com/politics/white-house/student-debt-canceled-74k-borrowers-white-house-loan-forgiveness-rcna134635,starter
'Bold agenda': 2024 GOP rising star promises to crack down on schools turning kids into their 'guinea pigs',FoxNews,2023-08-28,2023,https://www.foxnews.com/politics/bold-agenda-2024-gop-rising-star-promises-crack-down-schools-kids-guinea-pigs,starter
"Cuban economy minister out over delayed fuel, transport price hikes",FoxNews,2024-02-02,2024,https://www.foxnews.com/world/cuban-economy-minister-out-delayed-fuel-transport-price-hikes,starter
Top Meadows aide Cassidy Hutchinson to testify at Jan. 6 hearing,NBC,2022-06-28,2022,https://www.nbcnews.com/politics/congress/top-meadows-aide-cassidy-hutchinson-testify-jan-6-hearing-rcna35633,starter
"Taylor Swift, Travis Kelce turn heads with Blake Lively, Ryan Reynolds at romantic double date dinner",FoxNews,2024-10-12,2024,https://www.foxnews.com/entertainment/taylor-swift-travis-kelce-turn-heads-blake-lively-ryan-reynolds-romantic-double-date-dinner.print,starter
"The 5 Best Hiking Shoes of 2026, Tested and Reviewed",NBC,2026-03-17,2026,https://www.nbcnews.com/select/shopping/best-hiking-boots-shoes-ncna1269670,starter
Food at college gets high-tech boost with first robotic kitchen in university setting,FoxNews,2024-09-27,2024,https://www.foxnews.com/food-drink/food-college-gets-high-tech-boost-first-robotic-kitchen-university-setting,starter
Apalachee High School shooting: Georgia assistant football coach who taught 'old-school ways' among the dead,FoxNews,2024-09-05,2024,https://www.foxnews.com/us/apalachee-high-school-shooting-georgia-assistant-football-coach-who-taught-old-school-ways-among-dead,starter
Ohio's Senate race is high on Trump's radar after a tough week for Republicans,NBC,2023-08-11,2023,https://www.nbcnews.com/politics/donald-trump/ohios-senate-race-high-trumps-radar-tough-week-republicans-rcna99511,starter
House to take up new funding bill as some Republicans fear a 'galactically stupid' shutdown,NBC,2024-09-23,2024,https://www.nbcnews.com/politics/congress/house-new-funding-bill-government-shutdown-stupid-election-year-rcna172044,starter
"Bruce Arians, Biden make vaccine push during Buccaneers' White House visit",FoxNews,2021-07-20,2021,https://www.foxnews.com/sports/bruce-arians-biden-vaccine-push-buccaneers-white-house-visit,starter
"Illegal immigrants with 'terrorism ties' will continue to exploit border, Homeland Security report warns",FoxNews,2024-10-03,2024,https://www.foxnews.com/us/illegal-immigrants-terrorism-ties-exploit-border-homeland-security-warns,starter
Supreme Court kills Biden student loan debt relief plan,NBC,2023-06-30,2023,https://www.nbcnews.com/politics/supreme-court/supreme-court-rule-bidens-student-loan-forgiveness-plan-friday-rcna76874,starter
Meta unveils features to combat teen 'sextortion',NBC,2024-10-17,2024,https://www.nbcnews.com/tech/meta-unveils-features-combat-teen-sextortion-rcna175929,starter
Top Republican demands Biden admin block Iranian foreign minister's visit to UN: 'an insult' to victims,FoxNews,2024-04-16,2024,https://www.foxnews.com/world/top-republican-demands-biden-admin-block-iranian-foreign-ministers-visit-to-un-an-insult-to-victims,starter
'Christian nationalism' obsession by some on the left aims to marginalize pro-life Christians: Radio host,FoxNews,2023-05-28,2023,https://www.foxnews.com/lifestyle/christian-nationalism-obsession-left-aims-marginalize-pro-life-christians-radio-host,starter
What's an NFT? Behind the boom for digital collectibles,NBC,2021-03-16,2021,https://www.nbcnews.com/tech/tech-news/nft-boom-digital-collectibles-rcna430,starter
Sarah McBride launches historic bid to become first trans member of Congress,NBC,2023-06-26,2023,https://www.nbcnews.com/politics/2024-election/sarah-mcbride-launches-historic-bid-become-first-trans-member-congress-rcna91114,starter
"Ronald Reagan's putter, Pearl Harbor wings to go up for auction on Fox Nation's 'Selling History'",FoxNews,2022-06-06,2022,https://www.foxnews.com/lifestyle/ronald-reagan-putter-pearl-harbor-auction-fox-nation-selling-history.print,starter
"Harris campaign is in 'danger zone' as Americans worry about country's direction, says CNN data guru",FoxNews,2024-10-04,2024,https://www.foxnews.com/media/harris-campaign-danger-zone-americans-worry-countrys-direction,starter
Israeli military analysts flagged Hamas plans to ‘start a war’ before terror attack,NBC,2023-12-02,2023,https://www.nbcnews.com/news/investigations/israeli-military-analysts-flagged-hamas-plans-start-war-terror-attack-rcna127686,starter
"The 13 Best Vacuums of 2026, According to Experts | NBC Select",NBC,2020-09-04,2020,https://www.nbcnews.com/select/shopping/best-vacuum-cleaners-expert-shopping-ncna1239303,starter
"Jan. 6 conspiracy theorists claim antifa members carried out attacks, but FBI arrests suggest otherwise",NBC,2023-12-22,2023,https://www.nbcnews.com/politics/justice-department/antifa-january-6-capitol-riot-conspiracy-theory-social-media-rcna125369,starter
"King Charles, Queen Camilla reportedly pulled from royal outing due to security scare",FoxNews,2024-07-15,2024,https://www.foxnews.com/entertainment/king-charles-queen-camilla-reportedly-pulled-from-royal-outing-due-security-scare,starter
"Chef Andrew Zimmern hunts, cooks wild animals, creates recipes 'for anybody' watching his show",FoxNews,2024-10-15,2024,https://www.foxnews.com/food-drink/chef-andrew-zimmern-hunts-cooks-wild-animals-creates-recipes-anybody-watching-show.print,starter
Charlamagne tha God says young Black man predicted Trump's podcast appearance will get him elected,FoxNews,2024-10-15,2024,https://www.foxnews.com/media/charlamagne-tha-god-says-young-black-man-predicted-trumps-podcast-appearance-get-him-elected.print,starter
"'Psychologically broken,' 8-year-old Sama loses her hair",NBC,2024-09-07,2024,https://www.nbcnews.com/news/world/psychological-impact-gaza-war-8-year-old-loses-hair-rcna168939,starter
Keith Olbermann calls on CNN to 'fire this a--hole' Van Jones for criticizing Biden,FoxNews,2024-07-18,2024,https://www.foxnews.com/media/keith-olbermann-calls-cnn-fire-a-hole-van-jones-criticizing-biden,starter
"Voter frustration with crime, liberal DAs mounting in California while Harris mum on controversial Prop 47",FoxNews,2024-10-18,2024,https://www.foxnews.com/politics/voter-frustration-crime-liberal-das-mounting-california-while-harris-mum-controversial-prop-47,starter
Kamala Harris confident ahead of potential 2024 Trump rematch: 'We're winning' no matter who GOP nominates,FoxNews,2024-01-16,2024,https://www.foxnews.com/media/kamala-harris-confident-potential-2024-trump-rematch-were-winning-no-matter-who-gop-nominates.print,starter
Comedian Jim Gaffigan takes surprising shots at Harris for skipping 'Catholic Met Gala',FoxNews,2024-10-17,2024,https://www.foxnews.com/politics/comedian-jim-gaffigan-takes-surprising-shot-harris-skipping-catholic-met-gala,starter
Biden admin outlaws Palestinian organization for funding terrorism: 'Sham charity',FoxNews,2024-10-16,2024,https://www.foxnews.com/world/biden-admin-outlaws-palestinian-organization-funding-terrorism-sham-charity,starter
Barack Obama's fiery DNC speech and highest rate of job seekers in a decade: Morning Rundown,NBC,2024-08-21,2024,https://www.nbcnews.com/news/barack-obama-dnc-speech-jennifer-lopez-divorce-morning-rundown-rcna167496,starter
Jan. 6 rioter who Tucker Carlson guest said was a fed is arrested by the FBI,NBC,2023-08-02,2023,https://www.nbcnews.com/politics/justice-department/jan-6-rioter-rally-runner-arrested-tucker-carlson-conspiracy-theory-rcna97777,starter
"Best (comfortable) eco-friendly shoes, according to experts",NBC,2020-04-23,2020,https://www.nbcnews.com/select/shopping/best-eco-friendly-shoes-sustainable-ncna1190646,starter
"Trump blasts Covid relief bill just passed by Congress, demands changes",NBC,2020-12-21,2020,https://www.nbcnews.com/politics/congress/congress-vote-second-covid-19-relief-package-n1251966,starter
Timeline: IDF mistakenly killed 3 Israeli hostages in Gaza,NBC,2023-12-17,2023,https://www.nbcnews.com/news/world/timeline-idf-mistakenly-killed-3-israeli-hostages-gaza-rcna130092,starter
NRA leaders knock back liberal pols 'who want to exaggerate our death': 'We haven't lost a beat',FoxNews,2024-02-20,2024,https://www.foxnews.com/politics/nra-leaders-knock-back-liberal-pols-working-exaggerate-our-death-havent-lost-beat,starter
"9 Best Prepared Meal Delivery Services of 2026, Tested | NBC Select",NBC,2025-08-11,2025,https://www.nbcnews.com/select/shopping/best-prepared-meal-delivery-services-ncna1295380,starter
Harris accepts invitation for second potential debate in October,NBC,2024-09-21,2024,https://www.nbcnews.com/politics/2024-election/harris-accepts-invitation-second-debate-october-rcna172104,starter
Supreme Court rules in favor of Jan. 6 Capitol riot participant who challenged obstruction conviction,FoxNews,2024-06-28,2024,https://www.foxnews.com/politics/supreme-court-rules-favor-jan-6-capitol-riot-participant-challenged-obstruction-conviction.print,starter
Israel announces measures to 'strengthen' settlements following attacks,NBC,2023-01-29,2023,https://www.nbcnews.com/news/world/israel-announces-measures-strengthen-settlements-attacks-rcna68046,starter
Israeli soldiers clear bodies from kibbutz days after Hamas attack,NBC,2023-10-11,2023,https://www.nbcnews.com/news/world/israeli-soldiers-clear-bodies-kibbutz-hamas-attack-rcna119861,starter
Service members and veterans are fighting for the right to fertility treatments,NBC,2024-05-09,2024,https://www.nbcnews.com/health/womens-health/military-service-members-veterans-fight-for-fertility-treatments-ivf-rcna151125,starter
"The 8 Best Keyboards of 2026, Tested and Reviewed By Our Editors",NBC,2024-05-15,2024,https://www.nbcnews.com/select/shopping/best-keyboards-we-tried-rcna98642,starter
Abortion rights won in every election since Roe v. Wade overturned,NBC,2023-08-09,2023,https://www.nbcnews.com/politics/elections/abortion-rights-won-every-election-roe-v-wade-overturned-rcna99031,starter
GOP Senate candidates soften abortion stances ahead of 2024,NBC,2023-12-09,2023,https://www.nbcnews.com/politics/2024-election/gop-senate-candidates-soften-abortion-stances-2024-roe-losing-streak-rcna125185,starter
"Six months after ‘zero Covid,’ U.S. firms in China still face an unpredictable business climate",NBC,2023-06-10,2023,https://www.nbcnews.com/business/business-news/six-months-zero-covid-us-firms-china-still-face-unpredictable-business-rcna87915,starter
DAVID MARCUS: Kamala Harris can no longer hide from her dangerous stance on men playing in girls' sports,FoxNews,2024-10-18,2024,https://www.foxnews.com/opinion/david-marcus-kamala-harris-can-no-longer-hide-from-her-dangerous-stance-men-playing-girls-sports.print,starter
"Trump, Harris trade barbs on crime during first presidential debate: 'Through the roof'",FoxNews,2024-09-10,2024,https://foxnews.com/politics/trump-harris-trade-barbs-crime-during-first-presidential-debate-through-roof,starter
Death of Russian oil exec highlights suspicious ends met by those who crossed the Kremlin,NBC,2022-09-02,2022,https://www.nbcnews.com/news/world/russia-vladimir-putin-kremlin-lukoil-maganov-death-navalny-skripal-rcna46030,starter
"Axelrod says ‘upscale’ NC Harris voters will find way to vote after storm, not sure about rural Trump fans",FoxNews,2024-10-05,2024,https://www.foxnews.com/media/axelrod-says-upscale-nc-harris-voters-find-way-vote-after-storm-not-sure-about-rural-trump-fans,starter
11 highly rated affordable air fryers,NBC,2021-04-16,2021,https://www.nbcnews.com/select/shopping/best-affordable-air-fryer-ncna1264288,starter
"Bear meat for dinner? Follow these steps to prevent parasitic infection, CDC says",FoxNews,2024-05-31,2024,https://www.foxnews.com/food-drink/bear-meat-dinner-follow-steps-prevent-parasitic-infection-cdc-says,starter
24 sustainable and eco-friendly gift ideas for any occasion,NBC,2021-11-22,2021,https://www.nbcnews.com/select/shopping/sustainable-eco-friendly-gift-ideas-ncna1284134,starter
"Capitol riot defendant planned to kill FBI agents who investigated him, unsealed filing alleges",NBC,2022-12-17,2022,https://www.nbcnews.com/politics/politics-news/capitol-riot-defendant-planned-kill-fbi-agents-investigated-unsealed-f-rcna62214,starter
McCarthy's 'final struggles' threaten to haunt Johnson's government shutdown fight,FoxNews,2024-09-04,2024,https://www.foxnews.com/politics/mccarthys-final-struggles-threaten-haunt-johnsons-government-shutdown-fight,starter
"Trump leads Biden among Hispanics, registered voters overall: poll",FoxNews,2024-03-02,2024,https://www.foxnews.com/politics/trump-leads-biden-among-hispanics-registered-voters-overall-poll,starter
Kamala Harris asserts her presidency 'will not be a continuation' of Biden's,FoxNews,2024-10-16,2024,https://www.foxnews.com/media/kamala-harris-asserts-her-presidency-will-not-continuation-bidens,starter
Security and political crises in Israel converge to create a perfect storm,NBC,2023-04-11,2023,https://www.nbcnews.com/news/world/israel-palestinians-syria-lebanon-west-bank-gaza-rcna79077,starter
Shawn Mendes and Camila Cabello break up: We 'will continue to be best friends',FoxNews,2021-11-17,2021,https://www.foxnews.com/entertainment/shawn-mendes-camila-cabello-split-break-up-relationship,starter
"Would-be Trump assassin had explosives in car parked near rally, bomb making materials at home: sources",FoxNews,2024-07-14,2024,https://www.foxnews.com/politics/would-be-trump-assassin-explosives-car-parked-near-rally-bomb-making-materials-home-reports.print,starter
"Trump assassination attempt: Butler, Pennsylvania town manager defends police amid response 'misconception'",FoxNews,2024-07-17,2024,https://www.foxnews.com/us/trump-assassination-attempt-butler-pennsylvania-town-manager-defends-police-amid-response-misconception,starter
"Autumn in New England: 6 states pack big color, major history, in small area",FoxNews,2024-09-07,2024,https://www.foxnews.com/travel/autumn-new-england-six-states-pack-big-color-major-history-small-area,starter
Biden called out on border crisis by Texas Democrat: 'Absolutely the president should be here',FoxNews,2022-12-21,2022,https://www.foxnews.com/media/biden-called-out-border-crisis-texas-democrat-absolutely-president-should-be-here,starter
'Total bulls---': Trump campaign rips 'preposterous' Harris pro-border wall narrative after media report,FoxNews,2024-08-27,2024,https://www.foxnews.com/politics/total-bulls-trump-campaign-rips-preposterous-harris-pro-border-wall-narrative-after-media-report.print,starter
Investigation into second assassination attempt on Donald Trump continues,FoxNews,2026-01-14,2026,https://www.foxnews.com/live-news/trump-second-assassination-attempt-golf-course-ryan-routh,starter
'Feel betrayed': Top conservative group blasts vulnerable Dems on inflation in multimillion-dollar ad blitz,FoxNews,2024-08-07,2024,https://www.foxnews.com/politics/feel-betrayed-top-conservative-group-blasts-vulnerable-dems-inflation-multimillion-dollar-ad-blitz,starter
Zelenskyy says Ukraine needs weapons from allies to continue defense against Russia,NBC,2024-02-25,2024,https://www.nbcnews.com/news/world/zelenskyy-says-ukraine-needs-weapons-allies-continue-defense-russia-rcna140174,starter
Ukraine concerned over Trump's pick of J.D. Vance as VP nominee,NBC,2024-07-18,2024,https://www.nbcnews.com/news/world/jd-vance-donald-trump-vice-president-ukraine-russia-war-putin-rcna162468,starter
Sydney Sweeney is unrecognizable as she channels famous athlete for upcoming role,FoxNews,2024-10-15,2024,https://www.foxnews.com/entertainment/sydney-sweeney-unrecognizable-channels-famous-athlete-upcoming-role,starter
Prince William denounces antisemitism amid soaring rates of abuse at London synagogue,FoxNews,2024-02-29,2024,https://www.foxnews.com/world/prince-william-denounces-antisemitism-amid-soaring-rates-abuse,starter
Walz repeats Georgia abortion death falsehood decried by doctors as 'fearmongering',FoxNews,2024-10-01,2024,https://www.foxnews.com/politics/walz-repeats-georgia-abortion-death-falsehood-decried-doctors-fearmongering,starter
Instagram will use 'nudges' to start suggesting teens log off at night,NBC,2024-01-18,2024,https://www.nbcnews.com/tech/instagram-launches-sleep-notifications-teens-rcna134468,starter
Best Amazon Travel Accessories 2026: Essentials for Your Next Trip,NBC,2025-03-21,2025,https://www.nbcnews.com/select/shopping/best-travel-accessories-amazon-ncna1303874,starter
"Stun guns, 'stinger whips' and a crossbow: What police found on the Capitol protesters",NBC,2021-01-13,2021,https://www.nbcnews.com/news/us-news/stun-guns-stinger-whips-crossbow-what-police-found-capitol-protesters-n1254127,starter
Israel launches airstrikes in Gaza after deadly West Bank raid sparked rocket fire,NBC,2023-02-23,2023,https://www.nbcnews.com/news/world/israel-airstrikes-gaza-rockets-deadly-west-bank-raid-nablus-rcna71917,starter
Dems run on border bill Republicans say 'was never designed to solve the problem',FoxNews,2024-09-12,2024,https://www.foxnews.com/politics/dems-run-border-bill-republicans-say-was-never-designed-solve-problem.print,starter
Judge says Mike Lindell must pay $5 million to man who won his 'Prove Mike Wrong' challenge,NBC,2024-02-22,2024,https://www.nbcnews.com/politics/2020-election/judge-says-mike-lindell-must-pay-5-million-man-won-prove-mike-wrong-ch-rcna139986,starter
GOP rep introduces resolution condemning UN for calling on Americans to stop eating meat,FoxNews,2023-12-09,2023,https://www.foxnews.com/politics/gop-rep-introduces-resolution-condemning-un-calling-americans-stop-eating-meat.print,starter
International law questions abound as Israeli forces raid Gaza hospitals,NBC,2023-11-21,2023,https://www.nbcnews.com/news/world/gaza-hospitals-israel-hamas-international-law-rcna125889,starter
Why Smartish's Wallet Slayer Vol. 1 iPhone case is worth the buy,NBC,2022-03-01,2022,https://www.nbcnews.com/select/shopping/smartish-wallet-slayer-vol-1-iphone-case-ncna1290394,starter
Top US states where you're most likely to strike gold,FoxNews,2024-09-30,2024,https://www.foxnews.com/travel/top-us-states-most-likely-strike-gold.print,starter
"Trump assassination attempt suspect laughs, smiles during first court appearance in Florida",FoxNews,2024-09-16,2024,https://www.foxnews.com/politics/trump-assassination-attempt-suspect-laughs-smiles-during-first-court-appearance-florida,starter
Biden admin eyes more deportation flights to Venezuela as migrant numbers shatter records,FoxNews,2024-01-02,2024,https://www.foxnews.com/politics/biden-admin-eyes-more-deportation-flights-venezuela-migrant-numbers-shatter-records,starter
'Tightest race since 2000': Harris-Trump showdown hits final stretch until Election Day,FoxNews,2024-10-05,2024,https://www.foxnews.com/politics/tightest-race-since-2000-harris-trump-showdown-final-stretch-until-election-day,starter
4 Mark Robinson campaign staffers resign in wake of report on porn website posts,FoxNews,2024-09-23,2024,https://www.foxnews.com/politics/4-mark-robinson-campaign-staffers-resign-wake-report-porn-website-posts.print,starter
Iran installing and starting cascades of advanced centrifuges amid nuclear tensions,NBC,2024-06-14,2024,https://www.nbcnews.com/news/world/iran-installing-starting-cascades-advanced-centrifuges-nuclear-tension-rcna157142,starter
The Best Deals on Valentine’s Day Flowers and Plants to Shop Right Now,NBC,2025-02-04,2025,https://www.nbcnews.com/select/shopping/valentines-day-flowers-arrangements-ncna1302882,starter
Biden admin takes aim at hunters in latest regulation: 'Preventing Americans from hunting',FoxNews,2023-06-22,2023,https://www.foxnews.com/politics/biden-admin-takes-aim-hunters-latest-regulation-preventing-americans-from-hunting,starter
Trump shares AI-generated images of Taylor Swift and her fans supporting him,NBC,2024-08-19,2024,https://www.nbcnews.com/tech/internet/trump-shares-ai-generated-images-taylor-swift-fans-supporting-rcna167126,starter
Trump ramps up personal attacks on Kamala Harris at Scranton rally,NBC,2024-10-09,2024,https://www.nbcnews.com/politics/2024-election/trump-ramps-personal-attacks-kamala-harris-scranton-rally-rcna174292,starter
Hamas says it agreed to a cease-fire proposal; Israel strikes Rafah and says deal âfar fromâ meeting its demands,NBC,2024-05-06,2024,https://www.nbcnews.com/news/world/live-blog/live-updates-israel-urges-civilians-leave-eastern-rafah-cease-fire-hop-rcna150801,starter
Blue Philly working-class voters start leaning toward Trump ahead of election: 'People actually love him',FoxNews,2024-10-07,2024,https://www.foxnews.com/media/blue-philly-working-class-voters-start-leaning-towards-trump-ahead-election-people-actually-love-him,starter
Nancy Pelosi says she 'would never recommend' Biden debate Trump on stage after surprise announcement,FoxNews,2024-05-15,2024,https://www.foxnews.com/media/nancy-pelosi-says-never-recommend-biden-debate-trump-stage-surprise-announcement,starter
Harris was 'open' to packing Supreme Court during 2019 presidential bid,FoxNews,2024-08-29,2024,https://www.foxnews.com/politics/harris-open-packing-supreme-court-during-2019-presidential-bid.print,starter
Trump hints he will appear on Joe Rogan podcast: 'I think I'm doing it',FoxNews,2024-10-13,2024,https://www.foxnews.com/media/trump-hints-he-appear-joe-rogan-podcast-i-think-im-doing-it.print,starter
U.N. peacekeepers in Lebanon pledge not to give in to Israeli demands to 'get out of harm's way',NBC,2024-10-15,2024,https://www.nbcnews.com/news/world/israel-hezbollah-war-lebanon-unfil-peacekeepers-gaza-rcna175434,starter
11 best low-maintenance indoor plants,NBC,2021-08-17,2021,https://www.nbcnews.com/select/shopping/best-low-maintenance-plants-ncna1276969,starter
Olivia Jade breaks silence on parents' involvement in college admissions scandal: 'We messed up',FoxNews,2020-12-08,2020,https://www.foxnews.com/entertainment/olivia-jade-breaks-silence-college-admissions-scandal-red-table-talk,starter
Trump's second impeachment trial is underway and the verdict is already in,NBC,2021-02-10,2021,https://www.nbcnews.com/politics/meet-the-press/trump-s-second-impeachment-trial-underway-verdict-already-n1257254,starter
Video resurfaces of Harris chanting ‘down with deportation’ at 2018 parade with disgraced actor,FoxNews,2024-09-23,2024,https://www.foxnews.com/politics/video-resurfaces-harris-chanting-down-deportation-2018-parade-disgraced-actor,starter
"'SNL' head insists there'll be no Trump or Harris cameos this season, cites 'equal time provisions'",FoxNews,2024-10-07,2024,https://www.foxnews.com/media/snl-head-insists-therell-no-trump-harris-cameos-season-cites-equal-time-provisions,starter
"Supreme Court set to overturn Roe v. Wade, leaked draft opinion shows: report",FoxNews,2022-05-02,2022,https://www.foxnews.com/politics/supreme-court-overturn-roe-draft-leaked-draft-opinion-report,starter
7 face washes for acne-prone skin,NBC,2021-06-07,2021,https://www.nbcnews.com/select/shopping/best-face-washes-acne-ncna1269588,starter
"Dem strategists fret Harris 'sugar high' is over: 'If you're not nervous, you're not paying attention'",FoxNews,2024-10-10,2024,https://www.foxnews.com/politics/dem-strategists-fret-harris-sugar-high-over-if-youre-not-nervous-youre-not-paying-attention,starter
Georgia election board votes to require ballots be hand-counted in November,NBC,2024-09-20,2024,https://www.nbcnews.com/politics/2024-election/georgia-election-board-votes-ballots-hand-counted-rcna172015,starter
America's veterans and heroes get support through bold Mt. Kilimanjaro climb for charity,FoxNews,2024-08-18,2024,https://www.foxnews.com/lifestyle/americas-veterans-heroes-get-support-bold-mt-kilimanjaro-climb-charity.print,starter
Biden admin facing congressional probe over proposed ban on menthol cigarettes,FoxNews,2023-11-16,2023,https://www.foxnews.com/politics/biden-admin-facing-congressional-probe-proposed-ban-menthol-cigarettes.print,starter
Senators unveil bipartisan bill to impose tougher asylum and border laws,NBC,2024-02-04,2024,https://www.nbcnews.com/politics/congress/new-immigration-asylum-reform-bill-released-senate-text-rcna136602,starter
Rockets fired at Haifa,NBC,2024-10-08,2024,https://www.nbcnews.com/news/world/live-blog/israel-hezbollah-live-updates-lebanon-iran-gaza-rcna174430,starter
Supreme Court overturns Roe v. Wade in landmark opinion,FoxNews,2026-01-14,2026,https://www.foxnews.com/live-news/supreme-court-overturns-roe-v-wade-in-landmark-opinion,starter
3rd-strike 'trans' rape suspect prompts rebellion against CA law after attack in women's prison,FoxNews,2024-06-03,2024,https://www.foxnews.com/us/third-strike-trans-rape-suspect-prompts-rebellion-against-ca-law-after-attack-womens-prison,starter
Pennsylvania State Police identify victims shot during attempted assassination of former President Trump,FoxNews,2024-07-14,2024,https://www.foxnews.com/us/pennsylvania-state-police-identify-victims-shot-during-attempted-assassination-former-president-trump,starter
Dozens of children drown during Hindu festival in India,NBC,2024-09-27,2024,https://www.nbcnews.com/news/world/dozens-children-drown-hindu-festival-india-rcna172969,starter
Meta to start blocking some content from reaching teens on Facebook and Instagram,NBC,2024-01-09,2024,https://www.nbcnews.com/tech/social-media/meta-start-blocking-content-reaching-teens-facebook-instagram-rcna133027,starter
Acting Secret Service director briefs lawmakers on Trump assassination attempt ahead of public report,FoxNews,2024-09-12,2024,https://www.foxnews.com/us/acting-secret-service-director-tells-lawmakers-site-trump-assassination-attempt-problematic,starter
What happens to JD Vance's Senate seat if Trump chooses him as veep and wins re-election?,FoxNews,2024-06-30,2024,https://www.foxnews.com/politics/what-happens-jd-vances-senate-seat-trump-chooses-him-veep-wins-re-election,starter
Nashville Christian school shooting timeline: Audrey Hale's 14 minutes of mayhem,FoxNews,2023-03-29,2023,https://www.foxnews.com/us/nashville-christian-school-shooting-timeline-audrey-hales-14-minutes-of-mayhem,starter
"Holding photos of their deceased children, parents lobby Congress to pass online safety legislation",NBC,2024-02-02,2024,https://www.nbcnews.com/politics/congress/holding-photos-deceased-children-parents-lobby-congress-pass-online-sa-rcna136835,starter
Ex-Trump lawyer Sidney Powell pleads guilty in Georgia election interference case,NBC,2023-10-19,2023,https://www.nbcnews.com/politics/donald-trump/sidney-powell-pleads-guilty-georgia-election-interference-case-rcna121210,starter
Biden administration to rejoin U.N. Human Rights Council in another reversal of Trump,NBC,2021-02-08,2021,https://www.nbcnews.com/politics/joe-biden/biden-administration-rejoin-u-n-human-rights-council-another-reversal-n1256997,starter
Harris campaign distances itself from ’60 Minutes’ edit: ‘We do not control CBS's production decisions’,FoxNews,2024-10-09,2024,https://www.foxnews.com/media/harris-campaign-distances-itself-from-60-minutes-edit-we-do-not-control-cbss-production-decisions.print,starter
'America's Got Talent' judge Heidi Klum 'did not expect' 9-year-old's epic Tina Turner performance,FoxNews,2024-07-03,2024,https://www.foxnews.com/entertainment/americas-got-talent-judge-heidi-klum-did-not-expect-9-year-olds-epic-tina-turner-performance,starter
Mike Johnson won't commit to bringing House back before the election for more hurricane relief,NBC,2024-10-06,2024,https://www.nbcnews.com/politics/congress/mike-johnson-wont-commit-bringing-house-back-election-hurricane-relief-rcna174174,starter
"On Gold Star Spouses Day, a time to remember, support military families",FoxNews,2022-04-05,2022,https://www.foxnews.com/lifestyle/gold-star-spouses-support-military-families,starter
Republicans block independent commission to investigate attack on U.S. Capitol,NBC,2021-05-28,2021,https://www.nbcnews.com/politics/congress/was-attack-our-capitol-murkowski-criticizes-gop-colleagues-opposing-jan-n1268906,starter
"Don Lemon dropped by X, claims Elon Musk retaliated over their interview: He's 'mad at me'",FoxNews,2024-03-13,2024,https://www.foxnews.com/media/don-lemon-dropped-by-x-claims-elon-musk-retaliated-over-their-interview,starter
New probe confirms Trump officials blocked Puerto Rico from receiving hurricane aid,NBC,2021-04-22,2021,https://www.nbcnews.com/news/latino/new-probe-confirms-trump-officials-blocked-puerto-rico-receiving-hurri-rcna749,starter
NCAA faces lawsuit over transgender policies: 'Fight for the very essence of women's sports',FoxNews,2024-03-14,2024,https://www.foxnews.com/sports/ncaa-faces-lawsuit-transgender-policies-fight-very-essence-womens-sports.print,starter
Political analyst warns Harris could lose key battleground state: 'Almost certainly not going to win' without,FoxNews,2024-09-04,2024,https://www.foxnews.com/media/political-analyst-warns-harris-could-lose-key-battleground-state-almost-certainly-not-going-win-without,starter
Trump assassination attempt: 3 key takeaways from newly released bodycam,FoxNews,2024-08-09,2024,https://www.foxnews.com/us/trump-assassination-attempt-3-key-takeaways-from-newly-released-bodycam,starter
Texas AG sues doctor accused of providing transgender care to 21 minors,NBC,2024-10-17,2024,https://www.nbcnews.com/nbc-out/out-politics-and-policy/texas-ag-sues-doctor-allegedly-provided-transgender-care-21-minors-rcna175988,starter
Harris' running mate faces renewed scrutiny after his 'weird' socialism comparison resurfaces,FoxNews,2024-08-06,2024,https://www.foxnews.com/politics/harris-running-mate-faces-renewed-scrutiny-weird-socialism-comparison-resurfaces,starter
"FLASHBACK: New Harris campaign senior adviser made several insensitive comments about women, gay people",FoxNews,2024-07-26,2024,https://www.foxnews.com/politics/flashback-harris-campaign-senior-adviser-several-insensitive-comments-women-gay-people,starter
The Amazon Echo Show 15 available for preorder: What to know,NBC,2021-11-18,2021,https://www.nbcnews.com/select/shopping/amazon-echo-show-15-preorder-ncna1284126,starter
Texas borderland car crash leaves three people dead in human smuggling attempt,FoxNews,2022-10-02,2022,https://www.foxnews.com/us/texas-borderland-car-crash-leaves-three-people-dead-human-smuggling-attempt,starter
"Biden's star-studded NYC fundraiser raises more than $25M where photo with him, Clinton, Obama costs $100K",FoxNews,2024-03-28,2024,https://www.foxnews.com/politics/bidens-star-studded-nyc-fundraiser-25m-photo-clinton-obama-100k,starter
"Texas human trafficking crash leaves two migrants dead, a dozen others injured",FoxNews,2022-10-16,2022,https://www.foxnews.com/us/texas-human-trafficking-crash-leaves-two-migrants-dead-dozen-others-injured.print,starter
Freedom Caucus draws first battle lines in election year government shutdown fight,FoxNews,2024-08-12,2024,https://www.foxnews.com/politics/freedom-caucus-draws-battle-lines-government-shutdown-fight,starter
"Bill Maher: Trump is 'right' about the dangerous rhetoric aimed at him, 'but he is a threat to democracy!'",FoxNews,2024-09-21,2024,https://www.foxnews.com/media/bill-maher-trump-right-dangerous-rhetoric-aimed-him-but-he-threat-democracy,starter
"Former Republican US senator endorses Kamala Harris, says election offers 'stark choice'",FoxNews,2024-09-26,2024,https://www.foxnews.com/politics/former-republican-us-senator-endorses-kamala-harris-says-election-stark-choice,starter
How to choose pots for indoor plants this year,NBC,2021-08-06,2021,https://www.nbcnews.com/select/shopping/best-pots-indoor-plants-ncna1276079,starter
Honey Deuce sales at US Open revealed as cocktail explodes in popularity,FoxNews,2024-09-10,2024,https://www.foxnews.com/food-drink/honey-deuce-sales-us-open-revealed-cocktail-explodes-popularity,starter
Judge hits pause on Trump federal election case over immunity appeal,NBC,2023-12-13,2023,https://www.nbcnews.com/politics/donald-trump/judge-hits-pause-trump-federal-election-case-presidential-immunity-app-rcna129603,starter
Bangladesh protesters call on Nobel laureate Muhammad Yunus to lead,NBC,2024-08-06,2024,https://www.nbcnews.com/news/world/bangladesh-protesters-call-nobel-laureate-muhammad-yunus-lead-rcna165310,starter
GOP turns the spotlight on Sen. Bob Casey's family ties in key Pennsylvania race,NBC,2024-07-05,2024,https://www.nbcnews.com/politics/2024-election/gop-bob-casey-family-ties-pennsylvania-senate-race-rcna159748,starter
Airline passengers could be removed from flights for going barefoot: Etiquette expert weighs in,FoxNews,2024-09-15,2024,https://www.foxnews.com/travel/airline-passengers-could-removed-flights-going-barefoot-etiquette-expert-weighs,starter
Rachel Morin murder: Maryland lawmaker confronts Mayorkas over 'failure' involving illegal immigrant suspect,FoxNews,2024-08-20,2024,https://www.foxnews.com/us/rachel-morin-murder-maryland-lawmaker-confronts-mayorkas-over-failure-involving-illegal-immigrant-suspect,starter
How Brazil's suspension of X is hurting 'stan Twitter',NBC,2024-09-10,2024,https://www.nbcnews.com/tech/social-media/brazils-suspension-x-hurting-stan-twitter-rcna169518,starter
Hunt for Hamas leader Yahya Sinwar heats up after video emerges,NBC,2024-02-16,2024,https://www.nbcnews.com/news/world/israel-hamas-war-manhunt-leader-yahya-sinwar-video-tunnels-gaza-rcna139032,starter
Kamala Harris avoids questions about Biden's mental decline: 'Joe Biden is not on the ballot',FoxNews,2024-10-16,2024,https://www.foxnews.com/media/kamala-harris-avoids-questions-about-bidens-mental-decline-joe-biden-not-ballot.print,starter
Biden says Harris handled 'everything from foreign policy to domestic policy' under his administration,FoxNews,2024-09-26,2024,https://www.foxnews.com/media/biden-says-harris-handled-everything-from-foreign-policy-domestic-policy-under-his-administration.print,starter
Man travels the world on a cruise ship for free after quitting his day job: 'Have learned so much',FoxNews,2024-06-19,2024,https://www.foxnews.com/travel/man-travels-world-cruise-ship-free-quitting-day-job-learned-much,starter
Trump verdict fires up the donor class leading to massive May fundraising haul,FoxNews,2024-06-03,2024,https://www.foxnews.com/politics/trump-announces-may-fundraising-following-massive-post-verdict-haul.print,starter
Indian election: Prime Minister Modi's BJP seeks U.S. supporters head of vote,NBC,2024-04-16,2024,https://www.nbcnews.com/news/world/india-election-president-narendra-modi-bjp-us-american-support-rcna139717,starter
Memorials honoring 9/11 victims across the United States where you can pay your respects to the fallen,FoxNews,2023-09-09,2023,https://www.foxnews.com/us/9-11-museums-memorials,starter
"CNN's Christiane Amanpour calls out boss Chris Licht, offers stunning rebuke of Trump town hall",FoxNews,2023-05-18,2023,https://www.foxnews.com/media/cnns-christiane-amanpour-calls-out-boss-chris-licht-offers-stunning-rebuke-trump-town-hall,starter
Israel bans UN secretary-general over anti-Israel actions: 'Doesn't deserve to set foot on Israeli soil',FoxNews,2024-10-02,2024,https://www.foxnews.com/world/israel-bans-un-secretary-general-over-anti-israel-actions-doesnt-deserve-set-foot-israeli-soil,starter
Idaho prosecutors reject student murders suspect's longshot bid to have death penalty taken off table,FoxNews,2024-10-14,2024,https://www.foxnews.com/us/idaho-prosecutors-reject-student-murders-suspects-longshot-bid-have-death-penalty-taken-off-table,starter
Biden announces Israel has offered a three-part plan to end the war in Gaza,NBC,2024-05-31,2024,https://www.nbcnews.com/politics/white-house/biden-gaza-israel-plan-end-war-cease-fire-hostages-rcna154945,starter
"Ahead of Sept. 11, 2023, Washington pastor urges, 'Remember our loved ones' and 'find peace and purpose'",FoxNews,2023-09-09,2023,https://www.foxnews.com/lifestyle/ahead-sept-11-2023-washington-pastor-urges-remember-loved-ones-find-peace-purpose,starter
How to clean a reusable water bottle,NBC,2024-01-29,2024,https://www.nbcnews.com/select/shopping/how-to-clean-water-bottle-rcna136195,starter
Trump ups his ante with September fundraising haul,FoxNews,2024-10-02,2024,https://www.foxnews.com/politics/trump-ups-his-ante-september-fundraising-haul,starter
Elderly Jewish man dies after confrontation with pro-Palestinian protester at California rally,FoxNews,2023-11-06,2023,https://www.foxnews.com/us/jewish-man-dies-apparent-assault-pro-palestinian-california-rally,starter
"New & Notable: Best new products in June from Solawave, JBL, Our Place",NBC,2024-06-07,2024,https://www.nbcnews.com/select/shopping/new-notable-sonos-jbl-fitbit-rcna156060,starter
"Conservative influencer helped steal a table used to assault officers on Jan. 6, FBI says",NBC,2024-03-18,2024,https://www.nbcnews.com/politics/justice-department/conservative-influencer-helped-steal-table-used-assault-officers-jan-6-rcna143908,starter
70+ best Cyber Monday beauty deals of 2022,NBC,2022-11-28,2022,https://www.nbcnews.com/select/shopping/cyber-monday-beauty-wellness-deals-2022-ncna1301377,starter
The significance of why Hamas chose to attack Israel now,NBC,2023-10-08,2023,https://www.nbcnews.com/news/significance-hamas-chose-attack-israel-now-rcna119351,starter
Hurricane Otis: How a tropical storm turned into a 'nightmare scenario' overnight,NBC,2023-10-25,2023,https://www.nbcnews.com/science/environment/hurricane-otis-rapid-intensification-climate-change-rcna122090,starter
Biden moves ahead on tariff hikes for numerous Chinese goods,NBC,2024-05-14,2024,https://www.nbcnews.com/politics/white-house/biden-moves-ahead-tariff-hikes-numerous-chinese-goods-rcna152090,starter
"Overdose deaths from fake pills are rising, especially among younger adults",NBC,2023-08-31,2023,https://www.nbcnews.com/health/health-news/overdose-deaths-fake-pills-are-rising-especially-younger-adults-rcna102543,starter
"WATCH: Body camera footage of migrant accused in murder, rape of Maryland mom Rachel Morin",FoxNews,2024-08-16,2024,https://www.foxnews.com/us/watch-body-camera-footage-migrant-allegedly-responsible-murder-rape-maryland-mom-rachel-morin,starter
"Have your cup and eat it, too: Coffee shop introduces edible cups in an effort to cut down on waste",FoxNews,2023-09-28,2023,https://www.foxnews.com/lifestyle/have-cup-eat-it-too-coffee-shop-introduces-edible-cups-effort-cut-down-waste,starter
Supreme Court allows continued regulation of so-called 'ghost guns',FoxNews,2023-08-08,2023,https://www.foxnews.com/politics/supreme-court-allows-continued-regulation-ghost-guns,starter
Top House committee ramps up pressure to obtain 'important' docs on Harris' role in border crisis,FoxNews,2024-09-17,2024,https://www.foxnews.com/politics/top-house-committee-ramps-up-pressure-obtain-important-docs-harris-role-border-crisis,starter
"Former President Donald Trump recounts assassination attempt, accepts GOP nomination",FoxNews,2026-01-14,2026,https://www.foxnews.com/live-news/rnc-republican-national-convention-2024-july-18-2024,starter
Best smart LED lights,NBC,2023-07-31,2023,https://www.nbcnews.com/select/shopping/philips-wiz-smart-led-color-bulb-ncna1290770,starter
More parents claim Colorado school district forced children into overnight rooms with students of opposite sex,FoxNews,2024-01-15,2024,https://www.foxnews.com/media/more-parents-claim-colorado-school-district-forced-children-overnight-rooms-students-opposite-sex.print,starter
QAnon follower who led the mob that chased Police Officer Eugene Goodman on Jan. 6 sentenced to 5 years in prison,NBC,2022-12-16,2022,https://www.nbcnews.com/politics/justice-department/qanon-believer-chased-officer-capitol-sentenced-rcna61946,starter
"Rare condition caused patient to see ‘demonic’ faces, says study on ‘visual disorder’",FoxNews,2024-03-26,2024,https://www.foxnews.com/health/rare-condition-caused-patient-see-demonic-faces-study-visual-disorder.print,starter
"Jews in Denmark face highest number of antisemitic incidents since WWII, official says",FoxNews,2024-02-22,2024,https://www.foxnews.com/world/jews-denmark-face-highest-number-antisemitic-incidents-wwii-official-says,starter
Balance of power: Trump campaign slams Sen Tester as 'radically out of touch' after abortion ad rollout,FoxNews,2024-08-11,2024,https://www.foxnews.com/politics/balance-power-trump-campaign-slams-sen-tester-radically-out-touch-after-abortion-ad-rollout,starter
"5 egg myths dispelled by an expert, plus tips for every egg lover",FoxNews,2024-10-11,2024,https://www.foxnews.com/food-drink/5-egg-myths-dispelled-expert-tips-egg-lover,starter
"Arrested after a fatal stabbing, a Utah man told police he brought a gun to Capitol riot",NBC,2022-02-19,2022,https://www.nbcnews.com/politics/politics-news/arrested-fatal-stabbing-utah-man-told-police-brought-gun-capitol-riot-rcna16351,starter
"On this day in history, August 25, 1980, the Broadway musical '42nd Street' opens",FoxNews,2023-08-25,2023,https://www.foxnews.com/lifestyle/this-day-history-august-25-1980-broadway-musical-42nd-street-opens,starter
"North Carolina GOP goes on offense, pushing ambitious agenda with new supermajority in state House",FoxNews,2023-04-07,2023,https://www.foxnews.com/politics/north-carolina-gop-goes-offense-pushing-ambitious-agenda-new-supermajority-state-house,starter
"Timeline of 2nd failed assassination attempt on Donald Trump; suspect Ryan Routh developed rage, radicalism",FoxNews,2024-09-17,2024,https://www.foxnews.com/us/timeline-donald-trumps-failed-2nd-assassination-attempt-suspect-ryan-routh-developed-rage-radicalism,starter
FBI arrests Jan. 6 rioter whose photo was featured in a Biden campaign ad,NBC,2024-01-23,2024,https://www.nbcnews.com/politics/justice-department/fbi-arrests-jan-6-rioter-whose-photo-was-featured-biden-campaign-ad-rcna134357,starter
"Trump vows to cut business tax rate to 15%, create government efficiency commission led by Elon Musk",FoxNews,2024-09-05,2024,https://www.foxnews.com/politics/trump-vows-cut-business-tax-rate-15-create-government-efficiency-commission-led-elon-musk,starter
Trump begs Georgia secretary of state to overturn election results in remarkable hourlong phone call,NBC,2021-01-03,2021,https://www.nbcnews.com/politics/donald-trump/trump-begs-georgia-secretary-state-overturn-election-results-remarkable-hourlong-n1252692,starter
Eddie Van Halen's son Wolfgang hits back at David Lee Roth after singer trashes him in wild rant,FoxNews,2024-03-08,2024,https://www.foxnews.com/entertainment/eddie-van-halens-son-wolfgang-hits-back-david-lee-roth-singer-trashes-him-wild-rant,starter
'White Women For Kamala' speaker tells viewers to never correct Black women: 'Put our listening ears on!',FoxNews,2024-07-30,2024,https://www.foxnews.com/media/white-women-kamala-speaker-tells-viewers-never-correct-black-women-put-our-listening-ears-on,starter
Hunting for AI bots? These four words could do the trick,NBC,2024-07-14,2024,https://www.nbcnews.com/tech/internet/hunting-ai-bots-four-words-trick-rcna161318,starter
Bill Maher makes this bold 2024 prediction after Trump-Harris debate,FoxNews,2024-09-14,2024,https://www.foxnews.com/media/bill-maher-makes-bold-2024-prediction-after-trump-harris-debate,starter
Veteran and military nonprofits that help America's heroes are focus of 'once-in-a-lifetime' adventure,FoxNews,2024-06-13,2024,https://www.foxnews.com/lifestyle/veteran-military-nonprofits-help-americas-heroes-focus-once-lifetime-adventure,starter
"Best foods to eat for radiant, ageless skin and what to avoid, according to nutritionists",FoxNews,2023-11-02,2023,https://www.foxnews.com/lifestyle/best-foods-eat-radiant-ageless-skin-what-avoid-according-nutritionists,starter
Biden tells 'The View' he was 'confident' he could have beaten Trump: 'He's a loser',FoxNews,2024-09-25,2024,https://www.foxnews.com/media/biden-tells-the-view-confident-could-have-beaten-trump-loser,starter
'Damning non-answer': Vance refuses to acknowledge Trump lost the 2020 election,NBC,2024-10-02,2024,https://www.nbcnews.com/politics/2024-election/damning-non-answer-vance-refuses-acknowledge-trump-lost-2020-election-rcna173569,starter
Eyes on 2024: Trump’s abortion blame game,NBC,2023-01-03,2023,https://www.nbcnews.com/meet-the-press/meetthepressblog/eyes-2024-trumps-abortion-blame-game-rcna64011,starter
Harris maintains strong lead among Black swing-state voters in a new poll,NBC,2024-10-17,2024,https://www.nbcnews.com/politics/2024-election/harris-maintains-strong-lead-black-swing-state-voters-new-poll-rcna175420,starter
Russian veto brings an end to the U.N. panel that monitors North Korea nuclear sanctions,NBC,2024-03-29,2024,https://www.nbcnews.com/news/world/russian-veto-brings-end-un-panel-monitors-north-korea-nuclear-sanction-rcna145577,starter
Viral 'Fluffy Coke' drink trend takes over TikTok and it only requires 2 ingredients,FoxNews,2024-07-30,2024,https://www.foxnews.com/food-drink/viral-fluffy-coke-drink-trend-takes-tiktok-requires-2-ingredients.print,starter
Ohio Haitian community leader argues ‘America should be an open country for everybody’,FoxNews,2024-09-19,2024,https://www.foxnews.com/politics/ohio-haitian-community-leader-argues-america-should-open-country-everybody.print,starter
Teen testifies about ‘surreal’ experience tipping off FBI about his dad before Jan. 6 riot,NBC,2022-03-04,2022,https://www.nbcnews.com/politics/justice-department/teen-testifies-surreal-experience-tipping-fbi-dad-jan-6-riot-rcna18526,starter
Former West Virginia lawmaker Derrick Evans sentenced to 3 months for storming the Capitol on Jan. 6.,NBC,2022-06-22,2022,https://www.nbcnews.com/politics/justice-department/former-west-virginia-lawmaker-derrick-evans-sentenced-storming-capitol-rcna34329,starter
Diabetes patients now have access to first generic GLP-1 medication: ‘More accessible and affordable’,FoxNews,2024-07-28,2024,https://www.foxnews.com/health/diabetes-patients-access-first-generic-glp-1-medication-accessible-affordable,starter
Bill Maher shocked by MSNBC's softball Kamala Harris interview: I didn't expect them to be 'rubbing her feet',FoxNews,2024-09-30,2024,https://www.foxnews.com/media/bill-maher-shocked-msnbcs-softball-kamala-harris-interview-i-didnt-expect-them-rubbing-her-feet.print,starter
Gun groups slam Biden admin over new ATF rule: 'Weaponizing every tool',FoxNews,2024-04-11,2024,https://www.foxnews.com/politics/gun-groups-slam-biden-admin-new-atf-rule-weaponizing-every-tool,starter
International destinations you can travel to this summer for the ultimate vacation,FoxNews,2024-07-14,2024,https://www.foxnews.com/lifestyle/international-destinations-visit-summer-ultimate-vacation,starter
"Louisiana classifies abortion drugs as controlled, dangerous substances after Gov. Landry greenlights proposal",FoxNews,2024-05-24,2024,https://www.foxnews.com/politics/louisiana-classifies-abortion-drugs-controlled-dangerous-substances-gov-landry-greenlights-proposal,starter
New device explosions reported in Lebanon,NBC,2024-09-18,2024,https://www.nbcnews.com/news/world/pager-new-device-explosions-lebanon-hezbollah-rcna171637,starter
Video captures water tank falling on woman — but she miraculously escapes injury,FoxNews,2024-10-18,2024,https://www.foxnews.com/world/video-captures-water-tank-falling-woman-but-she-miraculously-escapes-injury.print,starter
"19 Best Workout Leggings of 2026, According to Experts",NBC,2024-12-18,2024,https://www.nbcnews.com/select/shopping/best-workout-leggings-according-fitness-professionals-ncna1019826,starter
Deaths of Israeli soldiers in explosion highlight friendly fire accidents in Gaza,NBC,2024-01-25,2024,https://www.nbcnews.com/news/world/israel-hamas-war-friendly-fire-incidents-gaza-soldiers-killed-rcna135089,starter
Playstation or Xbox: Which game console should you gift?,NBC,2020-10-28,2020,https://www.nbcnews.com/select/shopping/new-ps5-xbox-series-x-ncna1245059,starter
"Hamas political leader Ismail Haniyeh killed in Iran, group says",NBC,2024-07-31,2024,https://www.nbcnews.com/news/world/hamas-chief-ismail-haniyeh-killed-israeli-airstrike-iran-hamas-says-rcna164425,starter
D.C. chiropractor who 'scuffled' with officers on Jan. 6 is sentenced to prison,NBC,2023-06-14,2023,https://www.nbcnews.com/politics/justice-department/dc-chiropractor-scuffled-officers-jan-6-sentenced-prison-rcna88931,starter
"Border crisis overwhelming officials, communities as migrant numbers keep surging",FoxNews,2021-10-12,2021,https://www.foxnews.com/politics/border-crisis-overwhelms-officials-communities-migrant-numbers-surging,starter
New poll reveals what Democrats think of Harris as president,FoxNews,2024-07-19,2024,https://foxnews.com/politics/new-poll-reveals-what-democrats-think-harris-president,starter
"Jan. 6 defendant, representing himself, questions son who turned him into the FBI",NBC,2023-06-26,2023,https://www.nbcnews.com/politics/jan-6-defendant-representing-questions-son-turned-fbi-rcna90621,starter
N.Y.C. has worst air quality in the world due to Canadian wildfires,NBC,2023-06-07,2023,https://www.nbcnews.com/news/us-news/live-blog/unhealthy-air-quality-canada-wildfires-live-updates-rcna88092,starter
Court ends special master review of Trump's Mar-a-Lago records,NBC,2022-12-01,2022,https://www.nbcnews.com/politics/donald-trump/major-setback-trump-appeals-court-ends-special-masters-review-seized-m-rcna59714,starter
Biden defiantly charges ahead with election run despite speculation he would drop out this weekend,FoxNews,2024-07-21,2024,https://www.foxnews.com/politics/biden-defiantly-charges-ahead-election-run-despite-speculation-he-would-drop-weekend,starter
NRA and conservative legal group sue Democrat governor over 7-day waiting period to buy guns,FoxNews,2024-05-16,2024,https://www.foxnews.com/politics/nra-conservative-legal-group-sue-democrat-governor-7-day-waiting-period-buy-guns,starter
"Meet the American who created the Kentucky Derby, Meriwether Lewis Clark Jr., born of pioneers",FoxNews,2024-05-03,2024,https://www.foxnews.com/lifestyle/meet-american-created-kentucky-derby-meriwether-lewis-clark-jr-born-pioneers,starter
Harry Styles' full 'X Factor UK' audition video reveals details about the singer's first performance,FoxNews,2022-08-02,2022,https://www.foxnews.com/entertainment/harry-styles-full-x-factor-uk-audition-video-reveals-details-about-singers-first-performance,starter
Pennsylvania family sickened after eating toxic mushrooms expected to recover,FoxNews,2024-10-15,2024,https://www.foxnews.com/food-drink/pennsylvania-family-sickened-after-eating-toxic-mushrooms-expected-recover.print,starter
House Republicans censure Rep. Adam Schiff over Trump-era probes,NBC,2023-06-21,2023,https://www.nbcnews.com/politics/congress/house-republicans-censure-rep-adam-schiff-trump-era-probes-rcna90451,starter
The 8 best smart sprinkler controller systems this year,NBC,2020-06-02,2020,https://www.nbcnews.com/select/shopping/best-smart-lawn-sprinkler-controller-systems-ncna1222056,starter
Biden campaign pulling ads in wake of Trump rally shooting,FoxNews,2024-07-13,2024,https://www.foxnews.com/politics/biden-campaign-pulling-ads-wake-trump-rally-shooting,starter
Kamala Harris slams Trump for claiming to be 'the father of IVF',NBC,2024-10-16,2024,https://www.nbcnews.com/politics/2024-election/kamala-harris-trump-father-ivf-rcna175788,starter
Meet the American who gave the nation our Thanksgiving origin story: Pilgrim Edward Winslow,FoxNews,2022-11-18,2022,https://www.foxnews.com/lifestyle/meet-american-gave-nation-thanksgiving-origin-story.print,starter
IDF targets Beirut suburb in retaliation for attack that killed 12 in the Golan,NBC,2024-07-30,2024,https://www.nbcnews.com/news/world/idf-hits-beirut-retaliation-golan-majdal-shams-lebanon-rcna164322,starter
"Venezuelan gang’s alleged takeover of Aurora, Colorado apartments began in 2023: report",FoxNews,2024-09-05,2024,https://www.foxnews.com/us/venezuelan-gangs-alleged-takeover-aurora-colorado-apartments-began-2023-report.print,starter
DNC paints Harris as ‘law and order’ standard-bearer as past comments on ‘militarization of police’ resurface,FoxNews,2024-08-21,2024,https://www.foxnews.com/politics/dnc-paints-harris-law-order-standard-bearer-past-comments-militarization-police-resurface.print,starter
Roomba robot vacuums: Everything you need to know,NBC,2020-10-08,2020,https://www.nbcnews.com/select/shopping/best-roomba-robot-vacuum-ncna1242643,starter
"Media ramped up effort to tie Trump to Project 2025 following Biden debate disaster, Harris embraces attack",FoxNews,2024-07-29,2024,https://www.foxnews.com/media/media-ramped-effort-tie-trump-project-2025-following-biden-debate-disaster-harris-embraces-attack,starter
Best TV Streaming Services in 2026: How to Choose the Right One for You,NBC,2024-04-08,2024,https://www.nbcnews.com/select/shopping/best-tv-streaming-service-rcna146886,starter
Trump plans to plead not guilty to Jack Smith's revised federal election interference charges,FoxNews,2024-09-03,2024,https://www.foxnews.com/politics/trump-plans-plead-not-guilty-jack-smiths-revised-federal-election-interference-charges,starter
South Korean troops fire warning shots after North Korean soldiers cross border,NBC,2024-06-11,2024,https://www.nbcnews.com/news/world/south-korea-warning-shots-north-korean-soldiers-cross-border-rcna156491,starter
JD Vance on his 'change of heart' for Trump: Politicians shouldn't 'try to hide' from their past stances,FoxNews,2022-08-12,2022,https://www.foxnews.com/media/jd-vance-change-heart-trump-politicians-shouldnt-try-hide-past-stances,starter
Phoenix ends record 31-day streak of above 110-degree weather,NBC,2023-08-01,2023,https://www.nbcnews.com/news/us-news/phoenix-ends-record-31-day-streak-110-degree-weather-rcna97458,starter
"Coup attempt thwarted in Ukraine, Security Service says, as Hungary's Orbán arrives in Kyiv for talks",NBC,2024-07-02,2024,https://www.nbcnews.com/news/world/ukraine-coup-attempt-zelenskyy-hungary-viktor-orban-russia-war-rcna159909,starter
At least 27 killed in Bangladesh clashes; government declares curfew,NBC,2024-08-04,2024,https://www.nbcnews.com/news/world/least-27-killed-bangladesh-clashes-government-declares-curfew-rcna165056,starter
First aid crosses into Gaza from Egypt,NBC,2023-10-21,2023,https://www.nbcnews.com/news/world/live-blog/israel-hamas-war-live-updates-relief-hostage-release-gaza-border-set-o-rcna121527,starter
"Americans need more sleep, less stress, experts say, as Gallup poll reveals troubling findings",FoxNews,2024-04-20,2024,https://www.foxnews.com/health/americans-need-more-sleep-less-stress-experts-say-gallup-poll-reveals-troubling-findings,starter
Democratic Socialists group boasts it helped make Walz Harris' running mate: 'Force that cannot be ignored',FoxNews,2024-08-07,2024,https://www.foxnews.com/politics/democratic-socialists-group-boasts-helped-make-walz-harris-running-mate-force-cannot-ignored.print,starter
New York anti-Israel rally at UN features sign supporting terror group Hezbollah,FoxNews,2024-09-25,2024,https://www.foxnews.com/us/new-york-anti-israel-rally-un-features-sign-supporting-terror-group-hezbollah,starter
Sinwar’s death offers an opening to end the war in Gaza – and a test for Netanyahu,NBC,2024-10-17,2024,https://www.nbcnews.com/investigations/sinwars-death-offers-opening-end-war-gaza-test-netanyahu-rcna175914,starter
Why did Israel blow up Hezbollah pagers and walkie-talkies — and what might happen next?,NBC,2024-09-18,2024,https://www.nbcnews.com/news/world/israel-hezbollah-pagers-explosions-what-now-rcna171602,starter
Ask a doctor: 'Can warming my feet really help me sleep better?',FoxNews,2023-10-11,2023,https://www.foxnews.com/health/ask-doc-can-warming-feet-really-help-sleep-better,starter
Secret Service tightened security around Trump after learning of alleged Iranian assassination plot,NBC,2024-07-16,2024,https://www.nbcnews.com/investigations/iran-assassination-plot-trump-secret-service-tightened-security-rcna162203,starter
"Tren de Aragua gang member, illegal Venezuelan migrant, arrested in Houston",FoxNews,2024-10-08,2024,https://www.foxnews.com/us/tren-de-aragua-gang-member-illegal-venezuelan-migrant-arrested-houston,starter
South Korean president pledges to focus on economy after election shock,NBC,2024-05-09,2024,https://www.nbcnews.com/news/world/south-korean-president-pledges-focus-economy-election-shock-rcna151411,starter
"Newsom's progressive activism, debate skills among vulnerabilities in potential national campaign: expert",FoxNews,2024-07-02,2024,https://www.foxnews.com/politics/newsoms-progressive-activism-debate-skills-among-vulnerabilities-potential-national-campaign-expert,starter
Election 2024: Harris visits the southern border; Trump meets with Ukraine's Zelenskyy,NBC,2024-09-27,2024,https://www.nbcnews.com/politics/2024-election/live-blog/harris-trump-presidential-election-live-updates-rcna172165/rcrd57088?canonicalCard=true,starter
Victoria’s Secret Fashion Show returns after four year hiatus: Here's what to know,NBC,2024-10-15,2024,https://www.nbcnews.com/pop-culture/victorias-secret-fashion-show-what-expect-controversies-hiatus-rcna175325,starter
Transgender backlash prompts pro women's soccer team to apologize for 'too many balls' branding announcement,FoxNews,2024-10-16,2024,https://www.foxnews.com/sports/transgender-backlash-prompts-pro-womens-soccer-team-apologize-too-many-balls-branding-announcement.print,starter
Hamas fires rockets into Israel as tensions in Jerusalem boil over,NBC,2021-05-10,2021,https://www.nbcnews.com/news/world/hundreds-injured-palestinians-israeli-forces-clash-holy-site-jerusalem-n1266812,starter
"Apple AirTag: Price, features, specs and what you need to know",NBC,2021-04-23,2021,https://www.nbcnews.com/select/shopping/apple-airtag-price-features-ncna1264938,starter
"Kids may like video gaming, but health experts fret about the 'fuel' they may be using to 'win'",FoxNews,2022-10-19,2022,https://www.foxnews.com/lifestyle/kids-video-gaming-health-experts-fret-fuel-using-win,starter
He shot at 'everyone he saw': Atlanta spa workers recount horrors of shooting,NBC,2021-04-02,2021,https://www.nbcnews.com/news/asian-america/he-shot-everyone-he-saw-atlanta-spa-workers-recount-horrors-n1262928,starter
"5 takeaways from the Vance-Walz vice presidential debate: Economy, health care and defending past comments",NBC,2024-10-02,2024,https://www.nbcnews.com/politics/2024-election/5-takeaways-walz-vance-presidential-debate-economy-health-care-defendi-rcna172591,starter
Kamala Harris points to California experience and criticizes Trump when asked how she would differ from Biden on border policy,NBC,2024-10-11,2024,https://www.nbcnews.com/politics/2024-election/kamala-harris-points-california-experience-criticizes-trump-asked-diff-rcna174893,starter
"Whoopi Goldberg says 'The View,' Barbara Walters saved her career after 2004 George Bush controversy",FoxNews,2020-09-06,2020,https://www.foxnews.com/entertainment/whoopi-goldberg-view-barbara-walters-saved-career-after-2004-george-bush-controversy,starter
Axios hit with community note after claiming Harris was never 'border czar',FoxNews,2024-07-24,2024,https://www.foxnews.com/media/media-rushes-declare-kamala-harris-border-czar-immigration-crisis-haunts-campaign,starter
"Nikki Haley ends presidential campaign with 'no regrets,' ceding GOP nomination to Trump",NBC,2024-03-06,2024,https://www.nbcnews.com/politics/2024-election/nikki-haley-ends-presidential-campaign-trump-gop-primary-rcna134811,starter
Videos of Hamas brutality toward Israelis eerily reminiscent of ISIS tactics,FoxNews,2023-10-08,2023,https://www.foxnews.com/world/videos-hamas-brutality-toward-israelis-eerily-reminiscent-isis-tactics.print,starter
'AGT' judge Simon Cowell has rare public outing with son and fiancée after revealing 10-year-old 'saved' him,FoxNews,2024-09-04,2024,https://www.foxnews.com/entertainment/agt-judge-simon-cowell-has-rare-public-outing-son-fiancee-after-revealing-10-year-old-saved-him.print,starter
"Trump arrives at Alabama-Georgia game to chants of 'USA,' 'Four more years'",FoxNews,2024-09-28,2024,https://www.foxnews.com/sports/trump-arrives-alabama-georgia-game-chants-usa-four-more-years,starter
"Intense phase of Israel's war with Hamas about to end, Netanyahu says",NBC,2024-06-24,2024,https://www.nbcnews.com/news/world/intense-phase-israel-war-hamas-end-netanyahu-cease-fire-hezbollah-rcna158531,starter
24 hostages and 39 Palestinians released in Israel-Hamas truce,NBC,2023-11-24,2023,https://www.nbcnews.com/news/world/live-blog/israel-hamas-war-live-updates-rcna126500,starter
"Local election officials in Georgia must certify results, state judge rules",NBC,2024-10-15,2024,https://www.nbcnews.com/politics/2024-election/local-election-officials-georgia-must-certify-results-judge-rules-rcna175467,starter
Georgia Republicans readying post-election legal strategy,FoxNews,2024-10-18,2024,https://www.foxnews.com/politics/litigation-minefield-georgia-republicans-readying-post-election-legal-strategy.print,starter
Campaign crisis: Dems who have called for Biden to drop out or raised concerns about his health,FoxNews,2024-07-04,2024,"https://www.foxnews.com/politics/campaign-crisis-dems-who-have-called-biden-drop-out-raised-concerns-about-his-health#&_intcmp=fnhpbt5_2,hp1bt",starter
Utah State is fourth school to forfeit women's volleyball match amid San Jose State trans player controversy,FoxNews,2024-10-03,2024,https://www.foxnews.com/sports/utah-state-becomes-4th-school-forfeit-womens-volleyball-match-amid-san-jose-state-trans-player-controversy,starter
"Ohio residents in small town erupt over havoc caused by massive influx of 20,000 of Haitians",FoxNews,2024-09-09,2024,https://www.foxnews.com/media/ohio-residents-small-town-erupt-over-havoc-caused-massive-influx-20000-haitians,starter
Putin and Xi meet at Central Asian summit aimed at countering U.S.,NBC,2024-07-04,2024,https://www.nbcnews.com/news/world/putin-xi-meet-shanghai-cooperation-organization-rcna160297,starter
Bill Maher hypes Taylor Swift's endorsement of Kamala Harris: She has 'saved democracy',FoxNews,2024-09-14,2024,https://www.foxnews.com/media/bill-maher-hypes-taylor-swifts-endorsement-kamala-harris-she-has-saved-democracy,starter
First and potentially only presidential debate between Harris and Trump being held in crucial battleground,FoxNews,2024-09-10,2024,https://www.foxnews.com/politics/first-potentially-only-presidential-debate-between-harris-trump-being-held-crucial-battleground,starter
"Pro-lifers blast Trump 'betrayal' with shifting abortion stance, answer on Florida Amendment 4",FoxNews,2024-08-30,2024,https://www.foxnews.com/politics/pro-lifers-blast-trump-betrayal-shifting-abortion-stance-answer-florida-amendment-4.print,starter
Trump supporter who called Capitol cops 'weasels' on Jan. 6 sentenced to prison,NBC,2022-08-12,2022,https://www.nbcnews.com/politics/justice-department/trump-supporter-called-capitol-cops-weasels-jan-6-sentenced-prison-rcna42865,starter
How Maui’s unchecked grasses became ‘a ticking bomb’ for wildfires,NBC,2023-08-17,2023,https://www.nbcnews.com/science/science-news/maui-wildfires-grass-overgrown-nonnative-flammable-hawaii-rcna99963,starter
"Iowa meteorologist quitting TV, cites PTSD from death threat over climate change coverage",NBC,2023-06-23,2023,https://www.nbcnews.com/news/us-news/iowa-meteorologist-quitting-tv-cites-ptsd-death-threat-climate-change-rcna90791,starter
"Harris holds big advantage among early voters, Trump with Election Day voters: poll",FoxNews,2024-10-15,2024,https://www.foxnews.com/politics/harris-holds-big-advantage-among-early-voters-trump-election-day-voters-poll,starter
Georgia shatters turnout record for first day of early voting,NBC,2020-10-13,2020,https://www.nbcnews.com/politics/2020-election/georgia-shatters-turnout-record-first-day-early-voting-n1243212,starter
Biden administration hits Russia with sanctions over efforts to manipulate U.S. opinion ahead of the election,NBC,2024-09-04,2024,https://www.nbcnews.com/politics/2024-election/biden-administration-hit-russia-sanctions-trying-manipulate-us-opinion-rcna169541,starter
Border residents speak out against Kamala Harris' record on security: 'Everything is literally open',FoxNews,2024-08-26,2024,https://www.foxnews.com/media/border-residents-speak-out-kamala-harris-record-border-security,starter
Iran's Ayatollah Ali Khamenei in hiding with extra security following Hezbollah leader's death: report,FoxNews,2024-09-29,2024,https://www.foxnews.com/world/irans-ayatollah-ali-khamenei-hiding-extra-security-following-hezbollah-leaders-death-report.print,starter
US Supreme Court upholds controversial anti-camping laws used against homeless people in Oregon city,FoxNews,2024-06-28,2024,https://www.foxnews.com/us/us-supreme-court-upholds-controversial-anti-camping-laws-used-against-homeless-people-oregon-city,starter
"'60 Minutes' says Trump axed interview after demanding apology for 2020 sit-down, complained about fact-checks",FoxNews,2024-10-08,2024,https://www.foxnews.com/media/60-minutes-trump-axed-interview-demanding-apology-2020-sit-down-complained-fact-checks,starter
Election 2024: Harris speaks in Phoenix after Obama's Pittsburgh rally; Biden slams Trump,NBC,2024-10-10,2024,https://www.nbcnews.com/politics/2024-election/live-blog/trump-harris-election-live-updates-rcna174214,starter
Who is Noa Argamani? Woman kidnapped by Hamas terrorists at trance music festival in Israel,FoxNews,2023-10-09,2023,https://www.foxnews.com/world/who-is-noa-argamani-woman-kidnapped-hamas-terrorists-trance-music-festival-israel,starter
Senior Hamas leader killed in Beirut was a key figure who patched up ties with Iran,NBC,2024-01-03,2024,https://www.nbcnews.com/news/world/senior-hamas-leader-killed-beirut-was-key-figure-patched-ties-iran-rcna131993,starter
"Colorado community threatens to fine, seize buses that drop off illegal immigrants: 'No more freeloading'",FoxNews,2024-04-04,2024,https://www.foxnews.com/media/colorado-community-threatens-fine-seize-buses-drop-off-illegal-immigrants-freeloading,starter
Illegal immigrant indicted for Rachel Morin's murder in 'crucial step': family's lawyer,FoxNews,2024-07-02,2024,https://www.foxnews.com/us/illegal-immigrant-indicted-rachel-morin-murder-crucial-step-family-lawyer,starter
"I was a victim of pre-Title IX discrimination, and I'm fighting to protect girls' sports",FoxNews,2022-10-18,2022,https://www.foxnews.com/opinion/victim-pre-title-ix-discrimination-fighting-protect-girls-sports,starter
Biden to give first major foreign policy address on 'restoring America's place in the world',NBC,2021-01-29,2021,https://www.nbcnews.com/politics/white-house/biden-give-first-major-foreign-policy-address-restoring-america-s-n1256225,starter
Faith leader says parents 'should not trust the world to teach their kids about God',FoxNews,2024-09-03,2024,https://www.foxnews.com/lifestyle/faith-leader-says-parents-should-not-trust-world-teach-kids-about-god,starter
Top 5 friendliest moments from Kamala Harris' media blitz: 'The next president of the United States',FoxNews,2024-10-12,2024,https://www.foxnews.com/media/top-5-friendliest-moments-kamala-harris-media-blitz-next-president-united-states.print,starter
"Vance, Walz spar on immigration during VP debate: Been to the border 'more than our border czar'",FoxNews,2024-10-01,2024,https://www.foxnews.com/politics/vance-walz-spar-on-immigration-during-vp-debate-been-to-the-border-more-than-our-border-czar.print,starter
Wisconsin House Primary Election 2024 Live Results,NBC,2024-08-13,2024,https://www.nbcnews.com/politics/2024-primary-elections/wisconsin-house-results,starter
"How Stairwell B became the site of a miracle amidst the tragedy of Sept. 11, 2001",FoxNews,2023-09-10,2023,https://www.foxnews.com/us/stairwell-b-story-14-survivors-north-tower-9-11,starter
"Jake E Lee, former guitarist for Ozzy Osbourne, shot multiple times in Las Vegas",FoxNews,2024-10-15,2024,https://www.foxnews.com/entertainment/jake-e-lee-former-guitarist-ozzy-osbourne-shot-multiple-times-las-vegas,starter
'Easy money': How international scam artists pulled off an epic theft of Covid benefits,NBC,2021-08-15,2021,https://www.nbcnews.com/news/us-news/easy-money-how-international-scam-artists-pulled-epic-theft-covid-n1276789,starter
Tim Walz attempts to court firefighters during speech at Boston convention: 'We'll have your back',FoxNews,2024-08-28,2024,https://www.foxnews.com/politics/tim-walz-courts-firefighters-at-intl-association-of-fire-fighters-convention-well-have-your-back,starter
Early voting means 'election season' has already begun,FoxNews,2024-08-07,2024,https://www.foxnews.com/politics/days-until-voting-starts-election-season-kicks-off-sooner,starter
"Analysis: As war rages, some in Lebanon see opportunity in a weakened Hezbollah",NBC,2024-10-04,2024,https://www.nbcnews.com/news/world/israel-hezbollah-war-nasrallah-airstrikes-hamas-gaza-assassinations-rcna173851,starter
MSNBC's Stephanie Ruhle calls out Harris for dodging how she'd raise taxes: 'She doesn't answer the question',FoxNews,2024-09-25,2024,https://www.foxnews.com/media/msnbcs-stephanie-ruhle-calls-out-harris-dodging-how-shed-raise-taxes-she-doesnt-answer-question,starter
FBI raids 2 homes owned by NYC Mayor Eric Adams' Asian Affairs director,NBC,2024-03-01,2024,https://www.nbcnews.com/news/us-news/fbi-raids-winnie-greco-eric-adams-rcna141457,starter
Trump assassination attempt: Suspect's possible 'personal vendetta' among investigators' 4 key questions,FoxNews,2024-09-17,2024,https://www.foxnews.com/us/trump-assassination-attempt-suspects-possible-personal-vendetta-among-investigators-4-key-questions,starter
"On this day in history, February 17, 1801, Jefferson is elected president as party politics divide new nation",FoxNews,2024-02-17,2024,https://www.foxnews.com/lifestyle/this-day-history-feb-17-1801-jefferson-elected-president-party-politics-nation,starter
"IDF says key Hamas operative killed in Gaza, following crippling strike on Hezbollah",FoxNews,2024-09-21,2024,https://www.foxnews.com/world/idf-says-hamas-operative-other-terrorists-killed-carries-out-intelligence-based-strikes-gaza,starter
"'That is a fraud': Gov. DeSantis calls out Lia Thomas, biological men competing in women's sports",FoxNews,2023-04-14,2023,https://www.foxnews.com/politics/fraud-gov-desantis-calls-lia-thomas-biological-men-competing-womens-sports,starter
VP nominee Tim Walz sits for rare interview to discuss gutter maintenance with TikToker,FoxNews,2024-08-27,2024,https://www.foxnews.com/media/vp-nominee-tim-walz-sits-rare-interview-discuss-gutter-maintenance-tiktoker,starter
'Republican' 'View' host leads 'four more years' chant for Biden after State of the Union,FoxNews,2024-03-08,2024,https://www.foxnews.com/media/republican-view-host-leads-four-more-years-chant-biden-state-union,starter
The Best Kitchen Gadgets Available on Amazon | NBC Select,NBC,2023-02-22,2023,https://www.nbcnews.com/select/shopping/bestselling-amazon-kitchen-gadgets-ncna1303057,starter
The 5 Best Portable Washing Machines in 2026,NBC,2021-04-07,2021,https://www.nbcnews.com/select/shopping/best-portable-washing-machines-ncna1263346,starter
US taxpayer-funded UN agency's long history of enabling Hamas exposed,FoxNews,2024-01-31,2024,https://www.foxnews.com/world/us-taxpayer-funded-un-agencys-long-history-enabling-hamas-exposed,starter
Walmart Holiday Deals 2024: Dates and Everything to Know | NBC Select,NBC,2024-09-23,2024,https://www.nbcnews.com/select/shopping/walmart-holiday-deals-what-know-2024-rcna172203,starter
Kamala Harris declares ‘border is secure’ as thousands of illegals flood into US every day,FoxNews,2022-09-12,2022,https://www.foxnews.com/politics/kamala-harris-declares-border-secure-thousands-illegals-flood-us-every-day,starter
"As deadly heat waves spread, access to air conditioning becomes a lifesaving question",NBC,2021-08-20,2021,https://www.nbcnews.com/news/us-news/deadly-heat-waves-spread-access-air-conditioning-becomes-lifesaving-question-n1277213,starter
Sen. Lindsey Graham's phone being investigated for potential hack,NBC,2024-05-03,2024,https://www.nbcnews.com/politics/congress/sen-lindsey-grahams-phone-investigated-potential-hack-rcna150507,starter
Do Under Desk Ellipticals Work? | NBC Select,NBC,2026-02-23,2026,https://www.nbcnews.com/select/shopping/best-under-desk-ellipticals-ncna1247910,starter
Best Pruning Shears of 2026: Expert-Recommended Options,NBC,2026-04-06,2026,https://www.nbcnews.com/select/shopping/best-pruners-gardening-shears-ncna1294550,starter
Secretary of State Blinken says he spoke with Paul Whelan this week,NBC,2024-02-13,2024,https://www.nbcnews.com/politics/politics-news/secretary-state-blinken-says-spoke-paul-whelan-week-rcna138703,starter
"Stories of torture, torment revealed by Israeli children kidnapped by Hamas terrorists",FoxNews,2023-11-29,2023,https://www.foxnews.com/world/stories-torture-torment-revealed-israeli-children-kidnapped-hamas-terrorists,starter
Democrats block GOP bid to take control of Virginia state government,NBC,2023-11-08,2023,https://www.nbcnews.com/politics/elections/democrats-block-gop-bid-take-control-virginia-state-government-rcna122104,starter
"Poll: Newly popular Kamala Harris builds momentum, challenging Donald Trump for the mantle of change",NBC,2024-09-22,2024,https://www.nbcnews.com/politics/2024-election/poll-newly-popular-harris-challenging-trump-change-rcna171308,starter
"'Shark Tank' star Mark Cuban to leave show after ‘one more year,’ he says",NBC,2023-11-28,2023,https://www.nbcnews.com/news/us-news/mark-cuban-leaving-shark-tank-abc-rcna126969,starter
Time magazine owner takes Kamala Harris to task for denying interview requests: 'We believe in transparency',FoxNews,2024-10-14,2024,https://www.foxnews.com/media/time-magazine-owner-takes-kamala-harris-task-denying-interview-requests-we-believe-transparency,starter
Washington Post has corrected over a dozen articles related to Steele dossier coverage,FoxNews,2021-11-18,2021,https://www.foxnews.com/media/washington-post-corrections-steele-dossier,starter
Minnesota falls to No. 12 Michigan to go under .500 with Gov Tim Walz in attendance,FoxNews,2024-09-28,2024,https://www.foxnews.com/sports/minnesota-falls-no-12-michigan-go-under-500-gov-tim-walz-attendance,starter
Elon Musk leaps into action as a Trump surrogate — but it's unclear how he'll land: From the Politics Desk,NBC,2024-10-08,2024,https://www.nbcnews.com/politics/elon-musk-leaps-action-trump-surrogate-unclear-land-politics-desk-rcna174589,starter
"Morgan Wallen donates to Hurricane Helene relief, says family is 'safe' amid devastating floods",FoxNews,2024-09-30,2024,https://www.foxnews.com/entertainment/morgan-wallen-donates-hurricane-helene-relief-says-family-safe-amid-devastating-floods,starter
"Jon Stewart calls out Bernie Sanders, Bill Clinton and Democrats for hypocrisy at DNC",FoxNews,2024-08-24,2024,https://www.foxnews.com/media/jon-stewart-calls-out-bernie-sanders-bill-clinton-democrats-hypocrisy-dnc.print,starter
"The Vikings are Super Bowl contenders thanks to Sam Darnold, a QB nobody else wanted",NBC,2024-10-17,2024,https://www.nbcnews.com/sports/nfl/vikings-sam-darnold-jared-goff-rcna175790,starter
Making sense of the new polls seven weeks from Election Day,NBC,2024-09-19,2024,https://www.nbcnews.com/politics/2024-election/making-sense-new-polls-seven-weeks-election-day-rcna171894,starter
Netanyahu rival Benny Gantz says he'll quit Israel's war Cabinet on June 8 unless new Gaza plan devised,NBC,2024-05-18,2024,https://www.nbcnews.com/news/world/netanyahu-rival-benny-gantz-says-ll-quit-israels-war-cabinet-june-8-un-rcna152916,starter
DOJ claims it can't release Biden-Hur interview due to threat of AI deepfakes,FoxNews,2024-06-02,2024,https://www.foxnews.com/politics/doj-claims-cant-release-biden-hur-interview-due-threat-ai-deepfakes,starter
Trump turns political event into surreal listening party,NBC,2024-10-15,2024,https://www.nbcnews.com/politics/2024-election/trump-turns-political-event-surreal-listening-party-rcna175442,starter
"Scott Presler, a conservative activist who has spread conspiracy theories, won't be getting an RNC job",NBC,2024-03-19,2024,https://www.nbcnews.com/politics/2024-election/scott-presler-conspiracy-theories-lara-trump-rnc-job-rcna144144,starter
27 Thoughtful Valentine’s Day Gifts She’ll Actually Love,NBC,2026-01-29,2026,https://www.nbcnews.com/select/shopping/valentines-day-gifts-her-ncna1288265,starter
"Trump and Harris in toss-up races in key swing states Pennsylvania, Georgia, Nevada: poll",FoxNews,2024-09-04,2024,https://www.foxnews.com/politics/trump-harris-toss-up-races-key-swing-states-pennsylvania-georgia-nevada-poll.print,starter
2 Trump White House officials expected to testify at prime-time Jan. 6 hearing Thursday,NBC,2022-07-19,2022,https://www.nbcnews.com/politics/congress/two-trump-white-house-officials-expected-testify-prime-time-jan-6-hear-rcna38832,starter
Nobel laureate Muhammad Yunus is sworn in as interim leader of Bangladesh,NBC,2024-08-09,2024,https://www.nbcnews.com/news/world/nobel-laureate-muhammad-yunus-sworn-in-head-bangladesh-government-rcna165909,starter
Netanyahu opponent and war Cabinet member's party tries to force early Israel election,NBC,2024-05-30,2024,https://www.nbcnews.com/news/world/israel-hamas-war-benny-gantz-benjamin-netanyahu-early-election-rcna154654,starter
Woman arrested for allegedly threatening federal judge in Trump election case,NBC,2023-08-17,2023,https://www.nbcnews.com/politics/justice-department/woman-arrested-allegedly-threatening-federal-judge-trump-election-case-rcna100320,starter
"Jan. 6 committee staffers told preliminary plan for final report would focus largely on Trump, not on law enforcement failures, sources say",NBC,2022-11-12,2022,https://www.nbcnews.com/politics/justice-department/jan-6-committee-staffers-told-preliminary-plan-final-report-focus-larg-rcna56802,starter
Arizona certifies abortion-rights initiative for the November ballot,NBC,2024-08-13,2024,https://www.nbcnews.com/politics/2024-election/arizona-certifies-abortion-rights-initiative-november-ballot-rcna166321,starter
"Anti-Asian hate crimes increased 339 percent nationwide last year, report says",NBC,2022-01-31,2022,https://www.nbcnews.com/news/asian-america/anti-asian-hate-crimes-increased-339-percent-nationwide-last-year-repo-rcna14282,starter
Georgia GOP chair shares 2-pronged election strategy as Trump works to win back Peach State,FoxNews,2024-10-07,2024,https://www.foxnews.com/politics/georgia-gop-chair-shares-2-pronged-election-strategy-trump-works-win-back-peach-state.print,starter
Putin to visit North Korea starting Tuesday for talks with Kim Jong Un,NBC,2024-06-17,2024,https://www.nbcnews.com/news/world/putin-visit-north-korea-kim-jong-un-rcna157463,starter
"Howard Stern hits back at critics calling him 'woke,' says he takes it as a compliment",FoxNews,2023-09-20,2023,https://www.foxnews.com/media/howard-stern-hits-back-critics-calling-him-woke-i-think-thats-compliment,starter
Harris campaign refuses to sign off on muted mic debate rules: Still 'in discussions' with ABC,FoxNews,2024-08-29,2024,https://www.foxnews.com/media/harris-campaign-refuses-sign-off-muted-mic-debate-rules-still-in-discussions-abc,starter
"Florida woman has traveled to 55 countries, says cruise ship vacations are the way to go",FoxNews,2024-07-30,2024,https://www.foxnews.com/travel/florida-woman-traveled-55-countries-cruise-ship-vacations-way-go,starter
Trump spoke at a fundraiser for Jan. 6 defendants,NBC,2023-06-23,2023,https://www.nbcnews.com/politics/donald-trump/trump-spoke-fundraiser-jan-6-defendants-rcna90806,starter
Far-left hatred of Jews today echoes the socialism and antisemitism of Hitler in the 1930s,FoxNews,2023-11-22,2023,https://www.foxnews.com/lifestyle/far-left-hatred-jews-today-echoes-socialism-antisemitism-hitler-1930s,starter
"'This isn’t about land': American in Israel defiant against ‘barbaric’ Hamas, declares she’s ‘never leaving’",FoxNews,2023-10-12,2023,https://www.foxnews.com/world/land-american-israel-defiant-barbaric-hamas-declares-never-leaving,starter
"Meet the American who taught the Tuskegee Airmen to fly, pioneer pilot Charles 'Chief' Anderson",FoxNews,2024-02-09,2024,https://www.foxnews.com/lifestyle/meet-american-taught-tuskegee-airmen-fly-pioneer-pilot-charles-chief-anderson,starter
Buttigieg faces grilling on Harris’ immigration record: ‘Let’s get real’,FoxNews,2024-07-28,2024,https://www.foxnews.com/politics/buttigieg-faces-grilling-harris-immigration-record-lets-get-real,starter
Unzipping the truth: Fox Nation series reveals how Dr. Michael Baden's forensics turned cases on their heads,FoxNews,2024-10-01,2024,https://www.foxnews.com/media/unzipping-truth-fox-nation-reveals-michael-baden-forensics-cases-heads,starter
Kamala Harris offers vague 'Day 1' Oval Office plan in CNN interview: 'A number of things',FoxNews,2024-08-29,2024,https://www.foxnews.com/politics/kamala-harris-offers-vague-day-1-oval-office-plan-cnn-interview-a-number-things,starter
2024 DNC opens with land acknowledgment of 'forcibly removed' tribal nation,FoxNews,2024-08-19,2024,https://www.foxnews.com/media/dnc-opens-land-acknowledgment-forcibly-removed-tribal-nation,starter
"Harris leads Trump by almost 40 points among Asian American voters, a new poll shows",NBC,2024-09-24,2024,https://www.nbcnews.com/news/asian-america/harris-trump-poll-asian-american-voters-rcna172255,starter
X restores Taylor Swift search function after sexually explicit deepfakes went viral,NBC,2024-01-30,2024,https://www.nbcnews.com/news/us-news/x-restores-taylor-swift-search-function-sexually-explicit-deepfakes-we-rcna136329,starter
"Israel struck by long-range missile from Yemen, 40 projectiles from Lebanon in early morning attacks",FoxNews,2024-09-15,2024,https://www.foxnews.com/world/israel-struck-long-range-missile-from-yemen-40-projectiles-from-lebanon-early-morning-attacks,starter
Vance says Trump would veto a national abortion ban,NBC,2024-08-24,2024,https://www.nbcnews.com/politics/2024-election/jd-vance-says-trump-veto-national-abortion-ban-rcna168084,starter
Nitro Circus' own Travis Pastrana discusses growth of motocross sports: 'Awesome to see',FoxNews,2024-10-18,2024,https://www.foxnews.com/sports/nitro-circus-own-travis-pastrana-discusses-growth-motocross-sports-awesome-see.print,starter
Trump campaign scrambles over abortion ban report as Democrats seize the moment,NBC,2024-02-16,2024,https://www.nbcnews.com/politics/2024-election/trump-campaign-scrambles-abortion-ban-report-democrats-16-weeks-rcna139223,starter
"Trump's many, many positions on abortion: A timeline",NBC,2024-04-08,2024,https://www.nbcnews.com/politics/donald-trump/trumps-many-abortion-positions-timeline-rcna146601,starter
October Prime Day 2024: Save Big on the Grace & Stella Eye Masks,NBC,2024-10-08,2024,https://www.nbcnews.com/select/shopping/grace-and-stella-eye-masks-rcna158309,starter
'Best homemade' Thanksgiving turkey gravy: Try the recipe,FoxNews,2024-11-27,2024,https://www.foxnews.com/lifestyle/best-homemade-thanksgiving-turkey-gravy-whole-family-love-try-recipe,starter
Biden replacement? Illinois Gov. Pritzker keeping options open as some Democrats look for new blood,FoxNews,2023-03-04,2023,https://www.foxnews.com/politics/biden-replacement-illinois-gov-pritzker-keeping-options-open-some-democrats-look-new-blood,starter
Tren de Aragua members of violent Venezuelan migrant gang arrested in Texas: HSI,FoxNews,2024-09-28,2024,https://www.foxnews.com/us/tren-de-aragua-members-violent-venezuelan-migrant-gang-arrested-texas-hsi,starter
New York MS-13's 'Little Devil' convicted in ambush murder of 4 young men,FoxNews,2022-04-11,2022,https://www.foxnews.com/us/new-york-ms-13-little-devil-convicted,starter
"CNN not waiting to make more changes at network, insider says: 'They’re not going to wait out deals'",FoxNews,2022-08-22,2022,https://www.foxnews.com/media/cnn-not-waiting-make-more-changes-network-insider-not-going-wait-deals,starter
Mark Levin: We were freer before the American Revolution than we are today,FoxNews,2021-08-15,2021,https://www.foxnews.com/media/mark-levin-we-were-freer-before-american-revolution,starter
"The Best Sunrise Alarm Clocks of 2026, According to Experts",NBC,2026-03-13,2026,https://www.nbcnews.com/select/shopping/best-light-alarm-clock-ncna1245545,starter
Florida beach living is the carefree answer for one caregiving couple,FoxNews,2022-12-14,2022,https://www.foxnews.com/lifestyle/florida-beach-living-carefree-answer-caregiving-couple.print,starter
Trump fact checks Harris on Charlottesville riot accusation: 'Debunked',FoxNews,2024-09-10,2024,https://www.foxnews.com/politics/trump-fact-checks-harris-charlottesville-riot-accusation-debunked,starter
Hamas issues defiant message after Sinwar's death; Israel says war will continue,NBC,2024-10-17,2024,https://www.nbcnews.com/news/world/live-blog/live-updates-hamas-leader-yahya-sinwar-possibly-killed-gaza-rcna175922,starter
Weeks of protests that have 'shaken' Iran since one woman's death show no sign of fading,NBC,2022-10-27,2022,https://www.nbcnews.com/news/world/iran-protests-mahsa-amini-death-clashes-ayatollah-ali-khamenei-rcna54251,starter
Jan. 6 rioter who attacked cops lashes out at Trump-appointed judge after 12-year sentence,NBC,2024-05-24,2024,https://www.nbcnews.com/politics/justice-department/jan-6-rioter-attacked-cops-lashes-trump-appointed-judge-12-year-senten-rcna153818,starter
Historic North Carolina village underwater after devastating damage from Helene,NBC,2024-09-28,2024,https://www.nbcnews.com/news/us-news/asheville-north-carolina-helene-damage-rcna173131,starter
21 best last-minute Valentine’s Day gift ideas,NBC,2022-02-10,2022,https://www.nbcnews.com/select/shopping/last-minute-valentines-day-gifts-ncna1288868,starter
"CNN anchor invokes Nazi Germany, blasts Trump's 'antisemitic and incredibly dangerous' remarks on Jewish Dems",FoxNews,2024-03-19,2024,https://www.foxnews.com/media/cnn-anchor-invokes-nazi-germany-blasts-trumps-antisemitic-incredibly-dangerous-remarks-jewish-dems.print,starter
"Tequila is more than just a shot, plus other fun facts about this spirit",FoxNews,2024-07-24,2024,https://www.foxnews.com/food-drink/tequila-more-than-shot-fun-facts-spirit,starter
"On this day in history, December 14, 1977, 'Saturday Night Fever' debuts, capturing disco era in America",FoxNews,2023-12-14,2023,https://www.foxnews.com/lifestyle/this-day-history-dec-14-1977-saturday-night-fever-debuts-disco-era,starter
"Ron DeSantis' super PAC Never Back Down loses Jeff Roe, its top strategist",NBC,2023-12-17,2023,https://www.nbcnews.com/politics/2024-election/ron-desantis-super-pac-never-back-down-jeff-roe-top-strategist-rcna130126,starter
"Charlie Kirk, right-wing activist and founder of Turning Point USA, wants to make America Christian again",NBC,2024-06-12,2024,https://www.nbcnews.com/politics/2024-election/charlie-kirk-turning-point-donald-trump-christian-nationalism-rcna156565,starter
Airline passenger's 'awkward' seating arrangement goes viral: 'Never going to recover',FoxNews,2024-09-16,2024,https://www.foxnews.com/travel/airline-passengers-awkward-seating-arrangement-goes-viral-never-going-recover,starter
House leaves town until September with little to show voters,NBC,2024-07-25,2024,https://www.nbcnews.com/politics/congress/house-leaves-town-september-little-show-voters-rcna163638,starter
Web designer who refuses to create sites for same-sex weddings says Colorado law violates free speech rights,FoxNews,2022-03-14,2022,https://www.foxnews.com/politics/lorie-smith-web-designer-free-speech,starter
Florida inches closer to placing abortion measure on 2024 ballot,NBC,2024-01-05,2024,https://www.nbcnews.com/politics/florida-abortion-ballot-measure-2024-constitution-rcna129771,starter
'Obviously a mistake': Sen. Ted Cruz says he regrets going to Cancún while Texans froze,NBC,2021-02-18,2021,https://www.nbcnews.com/politics/congress/sen-ted-cruz-comes-under-fire-after-photos-purportedly-show-n1258249,starter
Trump supporter charged with firing a gun during the Jan. 6 Capitol attack,NBC,2024-03-08,2024,https://www.nbcnews.com/politics/justice-department/trump-supporter-charged-firing-gun-jan-6-capitol-attack-rcna142538,starter
Asian woman punched 125 times in New York attack; suspect charged with attempted murder as hate crime,NBC,2022-03-14,2022,https://www.nbcnews.com/news/asian-america/asian-woman-punched-125-new-york-attack-suspect-charged-attempted-murd-rcna19984,starter
Cardinal Dolan 'upset' that Harris skipping Al Smith Dinner,FoxNews,2024-10-17,2024,https://www.foxnews.com/politics/cardinal-dolan-upset-harris-skipping-al-smith-dinner.print,starter
"'She was a big kid': Son of Hyun Jung Grant, killed in Atlanta shootings, recalls last moment they spent together",NBC,2021-03-19,2021,https://www.nbcnews.com/news/us-news/she-was-big-kid-son-hyun-jung-grant-killed-atlanta-n1261579,starter
Trump criticizes Republicans pushing abortion bans with no exceptions: 'You're not going to win',NBC,2023-09-16,2023,https://www.nbcnews.com/politics/donald-trump/trump-bring-country-together-abortion-meet-the-press-rcna105311,starter
TikTok says it disrupted 15 influence operations this year — including one from China,NBC,2024-05-24,2024,https://www.nbcnews.com/tech/tech-news/tiktok-says-disrupted-15-influence-operations-year-one-china-rcna153831,starter
Supreme Court hears cases on prolonged detention of illegal immigrants,FoxNews,2022-01-11,2022,https://www.foxnews.com/politics/supreme-court-hears-cases-on-prolonged-detention-of-illegal-immigrants,starter
MSNBC host defends Harris avoiding policy questions: She's 'not running for perfect',FoxNews,2024-09-21,2024,https://www.foxnews.com/media/msnbc-host-defends-harris-avoiding-policy-questions-shes-not-running-perfect,starter
Gwyneth Paltrow reveals ex Brad Pitt recently sent her ‘really beautiful’ gift,FoxNews,2023-10-02,2023,https://www.foxnews.com/entertainment/gwyneth-paltrow-brad-pitt-sent-really-beautiful-gift,starter
Palestinians forced from Gaza to Egypt? Israeli idea fuels outrage,NBC,2023-11-02,2023,https://www.nbcnews.com/news/world/palestinians-forced-gaza-egypt-israel-proposal-outrage-rcna122934,starter
"Most Americans are hesitant to share their honest opinions on key political issues, Social Pressure Index says",FoxNews,2024-09-30,2024,https://www.foxnews.com/media/most-americans-hesitant-share-honest-opinions-key-political-issues-social-pressure-index,starter
Too late for a Saudi rethink? Critics say oil cut was a predictable blow for Biden,NBC,2022-10-15,2022,https://www.nbcnews.com/news/world/saudi-arabia-opec-oil-production-joe-biden-mohammed-bin-salman-russia-rcna52039,starter
"13 Best Body Washes for Dry Skin, Tested and Reviewed in 2026",NBC,2024-01-23,2024,https://www.nbcnews.com/select/shopping/best-body-washes-dry-skin-rcna135086,starter
"As Harris’ 2024 agenda forms, she'll need a Democratic Congress to execute it",NBC,2024-08-20,2024,https://www.nbcnews.com/politics/2024-election/harris-agenda-2024-election-policy-plans-rcna166938,starter
"Trump and Putin have talked as many as 7 times since 2021, new book claims",NBC,2024-10-08,2024,https://www.nbcnews.com/politics/donald-trump/trump-putin-talked-many-7-2021-new-book-claims-rcna174528,starter
"AOC fires back at Fetterman, accuses him of 'bleak dunk attempt'",FoxNews,2024-10-16,2024,https://www.foxnews.com/politics/aoc-fires-back-fetterman-accuses-him-bleak-dunk-attempt,starter
Israeli strike on Gaza hospital ignites devastating fire,NBC,2024-10-14,2024,https://www.nbcnews.com/news/world/israel-gaza-hamas-hospital-bombing-rcna175237,starter
National Women's Soccer League faces lawsuit as former employee alleges sexual assault,FoxNews,2024-10-10,2024,https://www.foxnews.com/sports/national-womens-soccer-league-faces-lawsuit-former-employee-alleges-sexual-assault,starter
"In Mideast trip, Biden to face calls for tougher action against Iran",NBC,2022-07-11,2022,https://www.nbcnews.com/politics/mideast-trip-biden-face-calls-tougher-action-iran-rcna36741,starter
Illegal immigrants arrested in wealthy Florida county for sexual crimes against a child,FoxNews,2024-10-15,2024,https://www.foxnews.com/us/illegal-immigrants-arrested-wealthy-florida-county-sexual-crimes-against-child.print,starter
Biden awards first Medal of Honor to Korean War hero,FoxNews,2021-05-21,2021,https://www.foxnews.com/us/biden-award-medal-of-honor-korean-war-retired-georgia-colonel,starter
Arizona Kamala Harris rally speakers court 'John McCain Republicans' support; man brings border map for VP,FoxNews,2024-08-09,2024,https://www.foxnews.com/politics/arizona-kamala-harris-rally-speakers-court-john-mccain-republicans-support-man-brings-border-map-vp,starter
Massacre by Iran's terror proxy Hezbollah could lead to full-blown war in Mideast,FoxNews,2024-07-30,2024,https://www.foxnews.com/world/massacre-by-irans-terror-proxy-hezbollah-could-lead-full-blown-war-mideast.print,starter
Back on the trail: Top Biden surrogate Newsom now campaigning for Harris,FoxNews,2024-09-10,2024,https://foxnews.com/politics/back-trail-top-biden-surrogate-newsom-now-campaigning-harris,starter
Afghan national in U.S. charged with plotting Election Day terrorist attack,NBC,2024-10-08,2024,https://www.nbcnews.com/politics/2024-election/afghan-national-living-us-charged-allegedly-plotting-election-day-terr-rcna174606,starter
"On this day in history, December 15, 1791, Bill of Rights ratified, codifying unique freedoms in new nation",FoxNews,2023-12-15,2023,https://www.foxnews.com/lifestyle/this-day-history-dec-15-1791-bill-rights-ratified-unique-freedoms-nation.print,starter
House committee skewers Secret Service director for not answering major questions on Trump assassination attempt,NBC,2024-07-22,2024,https://www.nbcnews.com/politics/politics-news/secret-service-director-kimberly-cheatle-expected-tell-house-hearing-a-rcna163010,starter
Election results point to major GOP liability on abortion heading into 2024,NBC,2023-11-08,2023,https://www.nbcnews.com/politics/elections/election-results-point-major-gop-liability-abortion-heading-2024-rcna123103,starter
Hamas wins Palestinian hearts as Gaza conflict threatens broader shift,NBC,2021-06-28,2021,https://www.nbcnews.com/news/world/hamas-wins-palestinian-hearts-gaza-conflict-threatens-broader-shift-n1272330,starter
"Early voting begins in Illinois, North Dakota, Florida and Michigan",FoxNews,2024-09-26,2024,https://www.foxnews.com/politics/early-voting-begins-illinois-north-dakota-florida-michigan,starter
Iran holds runoff presidential vote pitting hard-line former negotiator against reformist lawmaker,NBC,2024-07-05,2024,https://www.nbcnews.com/news/world/iran-presidential-election-runoff-rcna160393,starter
"Nashville killer Audrey Hale slept with journals on school shootings under bed, court docs reveal",FoxNews,2023-04-06,2023,https://www.foxnews.com/us/nashville-killer-audrey-hale-slept-with-journals-on-school-shootings-under-bed-court-docs-reveal,starter
Maya Rudolph nabs sixth Emmy and Angela Basset wins her first at Creative Arts Emmys,NBC,2024-09-08,2024,https://www.nbcnews.com/news/nbcblk/maya-rudolph-nabs-sixth-emmy-angela-basset-wins-first-creative-arts-em-rcna170125,starter
"How to clean a coffee maker, according to experts",NBC,2024-06-12,2024,https://www.nbcnews.com/select/shopping/how-to-clean-coffee-maker-rcna156776,starter
Flight attendant goes viral on TikTok for attempting to ease common flying fear,FoxNews,2024-09-13,2024,https://www.foxnews.com/travel/flight-attendant-goes-viral-tiktok-attempting-ease-common-flying-fear,starter
"Target Circle Membership: Price, Benefits and More",NBC,2022-11-23,2022,https://www.nbcnews.com/select/shopping/target-circle-loyalty-program-ncna1301043,starter
What does the Iran-Saudi Arabia truce mean for Washington’s standing on the global stage?,NBC,2023-03-11,2023,https://www.nbcnews.com/news/world/iran-saudi-arabia-truce-washington-standing-rcna74402,starter
"The best multiplayer Nintendo Switch games, according to experts",NBC,2022-06-08,2022,https://www.nbcnews.com/select/shopping/best-nintendo-switch-multiplayer-games-ncna1296017,starter
"Girls killed in Delphi murders were sacrificed in pagan cult ritual, defense claims",FoxNews,2023-09-20,2023,https://www.foxnews.com/us/girls-killed-delphi-murders-were-sacrificed-pagan-cult-ritual-defense-claims,starter
Reports of Biden White House keeping 'sensitive' Hamas intel from Israel draws outrage,FoxNews,2024-05-13,2024,https://www.foxnews.com/politics/reports-biden-white-house-sharing-sensitive-hamas-intel-draws-outrage,starter
"Biden 'doesn't understand the Catholic faith,' bishop says: 'I'm not angry at him, he's just stupid'",FoxNews,2024-04-20,2024,https://www.foxnews.com/faith-values/biden-doesnt-understand-catholic-faith-bishop-not-angry-him-hes-just-stupid,starter
Fans boo Tim Walz as he leaves Michigan-Minnesota game: 'Get out of here!',FoxNews,2024-09-28,2024,https://www.foxnews.com/sports/fans-boo-tim-walz-he-leaves-michigan-minnesota-game-get-out-here,starter
JBL Clip 5 Review: Why This is My Go-To Portable Speaker,NBC,2024-10-04,2024,https://www.nbcnews.com/select/shopping/jbl-clip-5-review-rcna172453,starter
Artist reveals painting of our American flag in 'the greatest country in the world',FoxNews,2022-07-09,2022,https://www.foxnews.com/lifestyle/artist-american-flag-greatest-country-world.print,starter
How to Identify Your Foot Arch Type and the Best Shoes for Each,NBC,2026-01-16,2026,https://www.nbcnews.com/select/shopping/how-to-determine-foot-arch-type-rcna146100,starter
Hospitals take steps to conserve IV fluid supply after Helene strikes critical factory,NBC,2024-10-03,2024,https://www.nbcnews.com/health/health-news/hospitals-take-steps-conserve-iv-fluid-supply-helene-strikes-critical-rcna173861,starter
North Carolina elections at risk of chaos with Legislature's proposed overhaul,NBC,2023-07-17,2023,https://www.nbcnews.com/politics/elections/north-carolina-elections-risk-chaos-legislatures-proposed-overhaul-rcna91295,starter
'I was slipping in people's blood': Police officer describes battling rioters after Capitol became a 'war scene',NBC,2022-06-10,2022,https://www.nbcnews.com/politics/donald-trump/-was-slipping-peoples-blood-police-officer-describes-battling-rioters-rcna32903,starter
House Dems sue FEC accusing GOP of exploiting campaign loophole,FoxNews,2024-10-18,2024,https://www.foxnews.com/politics/house-dems-sue-fec-accusing-gop-exploiting-campaign-loophole,starter
New study reveals extreme weather's impact on seniors' attendance at doctor appointments,FoxNews,2024-07-24,2024,https://www.foxnews.com/health/study-reveals-extreme-weathers-impact-seniors-attendance-doctor-appointments,starter
Evangelical environmentalists push for climate votes as election nears,NBC,2024-10-08,2024,https://www.nbcnews.com/science/climate-change/evangelical-christian-environmentalists-push-climate-votes-election-rcna174018,starter
Facebook users say 'amen' to bizarre AI-generated images of Jesus,NBC,2024-03-19,2024,https://www.nbcnews.com/tech/tech-news/facebook-users-say-amen-bizarre-ai-generated-images-jesus-rcna143965,starter
Bangladesh tribunal issues arrest warrant for former leader Sheikh Hasina,NBC,2024-10-18,2024,https://www.nbcnews.com/news/world/bangladesh-tribunal-issues-arrest-warrant-former-leader-sheikh-hasina-rcna176060,starter
ESPN personalities slam Biden's Title IX proposal amid uproar over transgender athletes in women's sports,FoxNews,2023-04-19,2023,https://www.foxnews.com/sports/espn-personalities-slam-bidens-title-ix-proposal-uproar-transgender-athletes-womens-sports,starter
"Howard Stern, Judd Apatow, other comedians defend Chris Rock: 'He handled it like a pro'",FoxNews,2022-03-30,2022,https://www.foxnews.com/entertainment/david-spade-amy-schumer-comedians-react-will-smith-chris-rock-slap,starter
Ex-police chief who spread conspiracies about Jan. 6 found guilty in Capitol attack,NBC,2023-07-13,2023,https://www.nbcnews.com/politics/justice-department/ex-police-chief-spread-conspiracies-jan-6-found-guilty-capitol-attack-rcna93407,starter
Mark Zuckerberg apologizes to parents at online child safety hearing,NBC,2024-01-31,2024,https://www.nbcnews.com/tech/social-media/mark-zuckerberg-apologizes-parents-online-child-safety-hearing-rcna136578,starter
These Florida residents wouldn't evacuate from Milton - here's how they're doing,FoxNews,2024-10-10,2024,https://www.foxnews.com/us/florida-residents-wouldnt-evacuate-from-milton-heres-how-theyre-doing,starter
Pressure mounts on Netanyahu to prioritize Israeli hostages,NBC,2023-10-31,2023,https://www.nbcnews.com/news/world/pressure-netanyahu-israeli-hostages-rcna122945,starter
Kenya-led police force arrives in Haiti to tackle gang violence,NBC,2024-06-26,2024,https://www.nbcnews.com/news/world/kenya-led-police-force-arrives-haiti-tackle-gang-violence-rcna158974,starter
Striking Boeing workers boo after Democratic Sen. Maria Cantwell criticizes Trump,FoxNews,2024-10-16,2024,https://www.foxnews.com/politics/striking-boeing-workers-boo-after-democrat-sen-maria-cantwell-criticizes-trump.print,starter
"Alabama seeks more nitrogen executions, despite concern over the method",NBC,2024-06-12,2024,https://www.nbcnews.com/news/us-news/alabama-seeks-nitrogen-executions-concern-method-rcna156697,starter
"Should you drink coffee first thing in the morning, or wait a while? Experts reveal caffeine guidance",FoxNews,2024-03-01,2024,https://www.foxnews.com/health/should-drink-coffee-first-thing-morning-wait-experts-caffeine-guidance,starter
Trump spends day off from court hosting NFT customers in Florida,NBC,2024-05-08,2024,https://www.nbcnews.com/politics/2024-election/trump-spends-day-court-hosting-nft-customers-florida-rcna151240,starter
Understanding Election 2024 is more than just reading polls,FoxNews,2024-02-21,2024,https://www.foxnews.com/opinion/understanding-election-2024-more-than-just-reading-polls,starter
Donald Trump's call for free IVF coverage baffles Republicans in Congress,NBC,2024-09-10,2024,https://www.nbcnews.com/politics/2024-election/donald-trump-plan-mandate-free-ivf-republicans-congress-opposition-rcna170327,starter
"How To Build the Best Skin Care Routine, According to Derms",NBC,2023-09-14,2023,https://www.nbcnews.com/select/shopping/best-skin-care-routine-rcna105133,starter
"The 14 best Korean skin care products, according to dermatologists",NBC,2021-08-10,2021,https://www.nbcnews.com/select/shopping/best-korean-beauty-products-ncna1274400,starter
Qin Gang: China’s foreign minister removed from post,NBC,2023-07-25,2023,https://www.nbcnews.com/news/world/china-qin-gang-removes-foreign-minister-wolf-warrior-diplomacy-rcna96135,starter
Inside the bitter personal battle between top FBI and DOJ officials over Mar-a-Lago,NBC,2024-09-03,2024,https://www.nbcnews.com/politics/bitter-personal-battle-top-fbi-doj-officials-mar-lago-rcna169067,starter
How the Florida judge overseeing Trump's trial could hobble the Justice Department's case,NBC,2023-06-11,2023,https://www.nbcnews.com/politics/donald-trump/florida-judge-overseeing-trumps-trial-hobble-justice-departments-case-rcna88694,starter
"Hundreds of rural hospitals are in danger of shutting down, study finds: ‘At risk of closure'",FoxNews,2024-02-18,2024,https://www.foxnews.com/health/hundreds-rural-hospitals-danger-shutting-down-study-finds-risk-closure,starter
CNN data expert says Harris' momentum has 'stalled' while Trump is more popular than in past elections,FoxNews,2024-10-18,2024,https://www.foxnews.com/media/cnn-data-expert-says-harris-momentum-has-stalled-while-trump-more-popular-than-past-elections,starter
"Paul Rudd and Aaron Rodgers go viral at Taylor Swift concert, Camila Cabello and Shawn Mendes rekindle romance",FoxNews,2023-05-29,2023,https://www.foxnews.com/entertainment/paul-rudd-aaron-rogers-go-viral-taylor-swift-concert-camila-cabello-shawn-mendes-rekindle-romance,starter
"Hamas launches rockets from Gaza one year after Oct. 7 attacks, while IDF strikes terror targets",FoxNews,2024-10-07,2024,https://www.foxnews.com/world/hamas-launches-rockets-from-gaza-one-year-after-oct-7-attacks-while-idf-strikes-terror-targets,starter
Video from Trump assassination attempt victim's POV shows figure moving on roof moments before gunfire,FoxNews,2024-07-31,2024,https://www.foxnews.com/us/video-from-trump-assassination-attempt-victims-pov-shows-figure-moving-roof-moments-before-gunfire,starter
U.S. to send troops to be ready to help evacuate U.S. citizens from Lebanon,NBC,2024-09-24,2024,https://www.nbcnews.com/news/us-news/us-send-troops-ready-help-evacuate-us-citizens-lebanon-rcna172367,starter
North Carolina community 'hunting' for missing teachers in 'devastating' aftermath of Hurricane Helene,FoxNews,2024-10-03,2024,https://www.foxnews.com/media/nearly-two-dozen-north-carolina-teachers-missing-aftermath-hurricane-helene-devastating,starter
Floods in Romania kill at least four people as rain batters central Europe,NBC,2024-09-14,2024,https://www.nbcnews.com/news/world/floods-romania-kill-least-four-people-rain-batters-central-europe-rcna171145,starter
Sanctuary city's policies push violent migrant gang into suburbs: 'It's a nationwide problem',FoxNews,2024-08-28,2024,https://www.foxnews.com/us/sanctuary-citys-policies-push-violent-migrant-gang-suburbs-nationwide-problem,starter
"Mental health improves with 20 seconds of daily affirmations, study finds: ‘Self-care strategy’",FoxNews,2024-03-06,2024,https://www.foxnews.com/health/mental-health-improves-20-seconds-daily-affirmations-study-self-care-strategy,starter
"Florida, Oklahoma instruct schools to ignore Biden's Title IX changes, pending legal challenges",FoxNews,2024-04-25,2024,https://www.foxnews.com/politics/florida-oklahoma-instruct-schools-ignore-biden-title-ix-changes,starter
White House says Biden and Harris weren’t invited to Arlington Cemetery by families of service members killed during Afghanistan withdrawal,NBC,2024-09-01,2024,https://www.nbcnews.com/politics/white-house/biden-harris-werent-invited-arlington-abbey-gate-trump-rcna169154,starter
Trump plays attack dog for Bernie Moreno as Ohio's GOP Senate primary ends on a vicious note,NBC,2024-03-16,2024,https://www.nbcnews.com/politics/2024-election/trump-bernie-moreno-ohio-gop-senate-primary-rcna142861,starter
Zelenskyy's rise: From 'Dancing with the Stars' and 'Paddington 2' to facing down Putin,NBC,2022-05-12,2022,https://www.nbcnews.com/news/world/volodymyr-zelenskyy-become-global-phenomenon-rcna24355,starter
Iran warns of 'decisive response' if Israel crosses 'red lines',FoxNews,2024-10-03,2024,https://www.foxnews.com/world/iran-warns-decisive-response-israel-crosses-red-lines,starter
The FBI hasn’t arrested hundreds who joined the Capitol mob on Jan. 6. Just ask this MAGA comedian.,NBC,2022-07-16,2022,https://www.nbcnews.com/politics/justice-department/fbi-hasnt-arrested-hundreds-joined-capitol-mob-jan-6-just-ask-maga-com-rcna30509,starter
Asian American evangelicals’ theology is conservative. But that doesn’t mean they vote that way.,NBC,2024-10-17,2024,https://www.nbcnews.com/news/asian-america/asian-american-evangelicals-theology-conservative-doesnt-mean-vote-way-rcna175947,starter
New Orleans braces for drinking water emergency from drought-stricken Mississippi River,NBC,2023-09-26,2023,https://www.nbcnews.com/science/environment/new-orleans-braces-drinking-water-emergency-drought-stricken-mississip-rcna117218,starter
"Missing Texas mom, luxury real estate agent seen in last photo before disappearance as family fears worst",FoxNews,2024-10-14,2024,https://www.foxnews.com/us/missing-texas-mom-luxury-real-estate-agent-seen-last-photo-before-disappearance-family-fears-worst,starter
"Brunch is served: Try this delicious Dutch baby with fried eggs, maple bacon and smoked cheddar",FoxNews,2024-07-26,2024,https://www.foxnews.com/food-drink/brunch-served-try-dutch-baby-fried-eggs-maple-bacon-smoked-cheddar,starter
"Witness saw Trump assassination suspect flee bushes, took photo of getaway car",FoxNews,2024-09-16,2024,https://www.foxnews.com/us/witness-saw-trump-assassination-suspect-flee-bushes-took-photo-getaway-car,starter
Biden reveals meaning of 'come to Jesus' expression from hot mic moment following the SOTU,FoxNews,2024-03-10,2024,https://www.foxnews.com/media/biden-reveals-meaning-come-to-jesus-expression-hot-mic-moment-following-sotu,starter
"MSNBC's Stephanie Ruhle fawns over Harris, says non-answers are 'okay': These aren't 'clear and direct issues'",FoxNews,2024-09-26,2024,https://www.foxnews.com/media/msnbcs-stephanie-ruhle-fawns-over-harris-says-non-answers-okay-arent-clear-direct-issues,starter
"Georgia doctors speak out to challenge misinformation on state's abortion law, death of Amber Thurman",FoxNews,2024-09-25,2024,https://www.foxnews.com/politics/georgia-doctors-speak-out-challenge-misinformation-states-abortion-law-death-amber-thurman.print,starter
Gratitude for 9/11 heroes: Charlie Daniels Patriot Awards honors three-generation family of first responders,FoxNews,2024-09-11,2024,https://www.foxnews.com/lifestyle/gratitude-9-11-heroes-charlie-daniels-patriot-awards-honors-three-generation-family-first-responders,starter
"Harris support for EVs could tank campaign in critical swing state, expert says",FoxNews,2024-10-15,2024,https://www.foxnews.com/politics/harris-support-evs-could-tank-campaign-critical-swing-state-expert-says,starter
"'Batwoman' casts Black, bisexual actress Javicia Leslie to play superhero",NBC,2020-07-09,2020,https://www.nbcnews.com/feature/nbc-out/batwoman-casts-black-bisexual-actress-javicia-leslie-play-superhero-n1233318,starter
"New poll shows Harris, Trump splitting 2 key states",FoxNews,2024-10-16,2024,https://www.foxnews.com/politics/new-poll-shows-harris-trump-splitting-key-states,starter
The 6 best ergonomic office chairs of 2026,NBC,2020-06-18,2020,https://www.nbcnews.com/select/shopping/best-ergonomic-office-chair-ncna1231359,starter
Pauses on embryo transfers out of Alabama leave IVF patients few options,NBC,2024-02-23,2024,https://www.nbcnews.com/health/health-news/pauses-embryo-transfers-alabama-leave-ivf-patients-options-rcna140052,starter
Trump 'thrilled' with Harris tapping 'very liberal' Tim Walz as running mate: 'Shocking pick',FoxNews,2024-08-07,2024,https://www.foxnews.com/media/trump-thrilled-harris-tapping-very-liberal-tim-walz-running-mate-shocking-pick,starter
New twist in Covid relief fraud case: Third fraudster is on the run,NBC,2022-02-04,2022,https://www.nbcnews.com/investigations/new-twist-covid-relief-fraud-case-third-fraudster-run-rcna14827,starter
Democrats to force vote for protections for IVF as election-year messaging heats up,NBC,2024-06-12,2024,https://www.nbcnews.com/politics/congress/democrats-force-vote-protections-ivf-election-year-messaging-heats-rcna156413,starter
Trump has 9-point lead on most important issue to voters: poll,FoxNews,2024-10-09,2024,https://www.foxnews.com/politics/trump-has-9-point-lead-most-important-issue-voters-poll,starter
Inside Lori Loughlin’s prison stint and why she potentially hasn’t spoken with daughter Olivia Jade: expert,FoxNews,2020-12-15,2020,https://www.foxnews.com/entertainment/lori-loughlin-prison-stint-why-hasnt-spoken-daughter-olivia-jade-expert,starter
"Janet Jackson tells interviewer she's heard Kamala Harris is not Black, echoing election disinformation",NBC,2024-09-22,2024,https://www.nbcnews.com/news/us-news/janet-jackson-tells-interviewer-heard-kamala-harris-not-black-echoing-rcna172121,starter
"Biden admin bucks climate activists, holds enormous Trump-era oil and gas lease sale",FoxNews,2023-03-29,2023,https://www.foxnews.com/politics/biden-admin-bucks-climate-activists-holds-enormous-trump-era-oil-gas-lease-sale,starter
"Study contradicts claims critical race theory isn't in schools, over 90% students exposed to it",FoxNews,2023-03-03,2023,https://www.foxnews.com/us/study-contradicts-claims-critical-race-theory-isnt-schools-90-students-exposed,starter
'The epicenter': How 'key' to White House could lie in suburban Georgia county,FoxNews,2024-10-11,2024,https://www.foxnews.com/politics/how-key-white-house-could-lie-suburban-georgia-county-the-epicenter,starter
Have battlegrounds shifted with Harris at top of ticket?,FoxNews,2024-07-24,2024,https://www.foxnews.com/politics/have-battlegrounds-shifted-harris-top-ticket,starter
Is a salad always a better choice than a sandwich? Think twice about that,FoxNews,2024-07-01,2024,https://www.foxnews.com/food-drink/salad-always-better-choice-sandwich-think-twice.print,starter
Biden postpones Germany and Angola trip ahead of Hurricane Milton hitting Florida,NBC,2024-10-08,2024,https://www.nbcnews.com/politics/joe-biden/biden-cancels-trip-africa-ahead-hurricane-milton-hitting-florida-rcna174470,starter
"JD Vance makes a Midwest-heavy, generational pitch: From the Politics Desk",NBC,2024-07-18,2024,https://www.nbcnews.com/politics/jd-vance-midwest-heavy-generational-pitch-politics-desk-rcna162453,starter
'Totally illegal': Trump escalates rhetoric on outlawing political dissent and criticism,NBC,2024-10-13,2024,https://www.nbcnews.com/politics/2024-election/totally-illegal-trump-escalates-rhetoric-outlawing-political-dissent-c-rcna174280,starter
Not Minnesota nice: GOP congressman playing Tim Walz in debate prep with JD Vance argues he's an 'empty suit',FoxNews,2024-09-26,2024,https://www.foxnews.com/politics/not-minnesota-nice-gop-congressman-playing-tim-walz-debate-prep-jd-vance-argues-hes-empty-suit,starter
Senate Republicans block Democratic bill to protect IVF nationwide,NBC,2024-06-13,2024,https://www.nbcnews.com/politics/congress/senate-republicans-block-democratic-bill-protect-ivf-nationwide-rcna156416,starter
Trump's desire to win Black voters may be at odds with his stop and frisk views,NBC,2024-07-05,2024,https://www.nbcnews.com/news/nbcblk/trump-stop-frisk-black-male-voters-rcna157084,starter
Trump says he would pardon a 'large portion' of Jan. 6 rioters,NBC,2023-05-11,2023,https://www.nbcnews.com/politics/donald-trump/trump-says-pardon-large-portion-jan-6-rioters-rcna83873,starter
Minnesota Senate Primary Election 2024 Live Results,NBC,2024-08-13,2024,https://www.nbcnews.com/politics/2024-primary-elections/minnesota-senate-results,starter
"Iran is helping the Houthi rebels in Yemen target and down U.S. Reaper drones, U.S. officials say",NBC,2024-09-19,2024,https://www.nbcnews.com/investigations/iran-helping-houthi-rebels-yemen-target-us-reaper-drones-us-officials-rcna171834,starter
Kim Jong Un brings daughter on tour of North Korea in his first public appearance in weeks,FoxNews,2023-02-08,2023,https://www.foxnews.com/world/kim-jong-un-brings-daughter-tour-north-korea-first-public-appearance-weeks,starter
Trump and Harris battle over male voters — and what masculinity looks like in 2024,NBC,2024-09-29,2024,https://www.nbcnews.com/politics/2024-election/trump-harris-battle-male-voters-masculinity-2024-rcna173031,starter
DeSantis' election police charged 20 with voter fraud. Advocates say there's more to the story.,NBC,2022-09-03,2022,https://www.nbcnews.com/politics/desantis-election-police-charged-20-voter-fraud-advocates-say-story-rcna45895,starter
Jelly Roll says his felonies prevent him from booking gigs overseas,FoxNews,2024-06-06,2024,https://www.foxnews.com/entertainment/jelly-roll-felonies-prevent-him-booking-gigs-overseas,starter
Jews ‘under siege’ in Trudeau's Canada amid soaring antisemitism,FoxNews,2024-03-29,2024,https://www.foxnews.com/world/jews-under-siege-trudeaus-canada-soaring-antisemitism,starter
"Tens of thousands of illegal immigrants with sexual assault, murder convictions in US: ICE data",FoxNews,2024-09-27,2024,https://www.foxnews.com/politics/tens-thousands-illegal-immigrants-sexual-assault-homicide-convictions-roaming-us-streets.print,starter
Apples vs. oranges: Which of these fruits is 'better' for you?,FoxNews,2024-03-01,2024,https://www.foxnews.com/lifestyle/apples-vs-oranges-which-fruit-better-you,starter
Guardians stun Yankees on walk-off home run in extra innings,NBC,2024-10-18,2024,https://www.nbcnews.com/sports/mlb/guardians-yankees-alcs-game-3-rcna176042,starter
GOP demands Trump have 'same level' Secret Service protection as Biden after 2nd assassination attempt,FoxNews,2024-09-17,2024,https://www.foxnews.com/politics/gop-demands-trump-have-same-level-secret-service-protection-biden-after-2nd-assassination-attempt,starter
Prosecutor tells jurors 'ecstatic' Jan. 6 defendant bragged about carrying gun,NBC,2022-03-07,2022,https://www.nbcnews.com/politics/justice-department/prosecutors-tells-jurors-ecstatic-jan-6-defendant-bragged-carrying-gun-rcna18967,starter
"Clinton pollster suggests 'internal friction' between Obama, Biden camps after Trump-friendly shock poll",FoxNews,2023-11-07,2023,https://www.foxnews.com/media/clinton-pollster-suggests-internal-friction-obama-biden-camps-trump-friendly-shock-poll.print,starter
"Trump visits Atlanta Chick-fil-A, buys customers chicken and shakes",FoxNews,2024-04-10,2024,https://www.foxnews.com/politics/trump-visits-atlanta-chick-fil-a-buys-customers-chicken-shakes,starter
Pelosi said in new Jan. 6 video she wanted to 'punch' Trump out,NBC,2022-10-14,2022,https://www.nbcnews.com/politics/congress/pelosi-said-new-jan-6-video-wanted-punch-trump-rcna52247,starter
"Biden questioned on migrant surge, says 'not rational' to 'send them back' to Venezuela, Cuba, Nicaragua",FoxNews,2022-09-20,2022,"https://www.foxnews.com/politics/biden-questioned-migrant-surge-says-not-rational-send-them-back-venezuela-cuba-nicaragua#&_intcmp=hp1bt1,hp1bt",starter
Brutal Hamas 'Shadow Unit' likely behind hostage raids poses rescue nightmare: expert,FoxNews,2023-10-16,2023,https://www.foxnews.com/world/brutal-hamas-shadow-unit-behind-hostage-raids-poses-rescue-nightmare.print,starter
Jack Carr's take on the 9/11 terror attacks — including 'hope' and the lessons from Afghanistan,FoxNews,2023-09-11,2023,https://www.foxnews.com/lifestyle/jack-carrs-take-9-11-terror-attacks-hope-lessons-afghanistan,starter
"CNN's 'King Charles' another ratings disaster for struggling network, losing 20% of viewers since its debut",FoxNews,2024-02-09,2024,https://www.foxnews.com/media/cnns-king-charles-ratings-disaster-struggling-network-losing-20-viewers-since-debut,starter
Brooks Ghost Max running shoe review,NBC,2023-09-28,2023,https://www.nbcnews.com/select/shopping/brooks-ghost-max-review-rcna117906,starter
Israel’s national emergency medical service prepares for Hezbollah response after IDF strike: 'High-alert',FoxNews,2024-08-01,2024,https://www.foxnews.com/world/israels-national-emergency-medical-service-prepares-for-hezbollah-response-high-alert,starter
Tennessee school shooting: What to know about Covenant School in Nashville,FoxNews,2023-03-27,2023,https://www.foxnews.com/us/tennessee-school-shooting-what-know-about-covenant-school-nashville,starter
Three Alabama clinics pause IVF after court rules embryos are children,NBC,2024-02-21,2024,https://www.nbcnews.com/health/health-news/university-alabama-pauses-ivf-services-court-rules-embryos-are-childre-rcna139846,starter
Republican National Committee prepares for a convention Trump may not attend,NBC,2024-06-13,2024,https://www.nbcnews.com/politics/2024-election/republican-national-committee-convention-trump-may-not-attend-rcna156838,starter
Putin accuses Ukraine of 'terrorism' in Crimea bridge explosion,FoxNews,2022-10-09,2022,https://www.foxnews.com/world/putin-accuses-ukraine-terrorism-crimea-bridge-explosion,starter
"Women under Biden administration’s Title IX changes face the ‘evisceration of legal womanhood,’ experts say",FoxNews,2024-05-28,2024,https://www.foxnews.com/media/women-under-biden-administrations-title-ix-changes-face-evisceration-legal-womanhood-experts-say.print,starter
"On this day in history, September 23, 1806, Lewis and Clark return to St. Louis as heroes after journey",FoxNews,2024-09-23,2024,https://www.foxnews.com/lifestyle/this-day-history-sept-23-1806-lewis-clark-return-st-louis-heroes,starter
"The 14 Best Raised Garden Beds, According to Experts",NBC,2026-03-05,2026,https://www.nbcnews.com/select/shopping/best-raised-garden-beds-ncna1268061,starter
New poll reveals voters' thoughts on Kamala Harris if Biden can't finish second term,FoxNews,2023-06-13,2023,https://www.foxnews.com/politics/new-poll-reveals-voters-thoughts-kamala-harris-biden-cant-finish-second-term,starter
Trump reveals which US rival will be his first phone call if re-elected,FoxNews,2024-09-23,2024,https://www.foxnews.com/politics/trump-reveals-which-us-rival-his-first-phone-call-re-elected.print,starter
"John Fetterman defends Israel after MSNBC asks if it crossed red line, says Hamas doesn't 'care how many die'",FoxNews,2024-05-29,2024,https://www.foxnews.com/media/john-fetterman-defends-israel-after-msnbc-asks-crossed-red-line-says-hamas-doesnt-care-how-many-die,starter
9 Best Gluten-Free Meal Delivery Services in 2026 | NBC Select,NBC,2022-04-21,2022,https://www.nbcnews.com/select/shopping/best-gluten-free-meal-kit-delivery-services-ncna1294644,starter
"On Armed Forces Day, Honor Flight Network receives stunning donation from Mission BBQ",FoxNews,2022-05-21,2022,https://www.foxnews.com/lifestyle/armed-forces-day-honor-flight-mission-bbq,starter
Brian Stelter remains defiant as final 'Reliable Sources' doubles down on what critics say got it canceled,FoxNews,2022-08-22,2022,https://www.foxnews.com/media/brian-stelter-remains-defiant-final-reliable-sources-doubles-down,starter
Nevada women's volleyball captain slams trans athletes in her sport as team decides against players’ refusal,FoxNews,2024-10-17,2024,https://www.foxnews.com/sports/nevada-womens-volleyball-captain-slams-trans-athletes-her-sport-team-decides-against-players-refusal.print,starter
Gazan families mourn children killed during IDF’s hostage rescue,NBC,2024-06-18,2024,https://www.nbcnews.com/news/world/gaza-children-killed-israel-hostage-raid-idf-hamas-war-palestinians-rcna157777,starter
Acting Secret Service director pressed on Trump's potential appearance at Alabama-Georgia game,FoxNews,2024-09-20,2024,https://www.foxnews.com/sports/acting-secret-service-director-pressed-trumps-potential-appearance-alabama-georgia-game.print,starter
What will happen to Gaza after the war ends?,NBC,2023-12-09,2023,https://www.nbcnews.com/news/world/will-happen-gaza-war-ends-rcna127060,starter
"California crime reform gets 'unheard of' support from DAs, small businesses, progressive mayors",FoxNews,2024-04-28,2024,https://www.foxnews.com/politics/california-crime-reform-gets-unheard-support-das-small-businesses-progressive-mayors,starter
Trump doubles down on calling Democrats 'enemies from within' at Georgia town hall,NBC,2024-10-16,2024,https://www.nbcnews.com/politics/2024-election/trump-democrats-enemies-within-rcna175628,starter
The best fitness apparel: Select Wellness Awards 2023,NBC,2023-05-04,2023,https://www.nbcnews.com/select/shopping/best-fitness-apparel-wellness-awards-ncna1304730,starter
"China wants to avoid escalation with U.S. and favors stable relations, U.S. spy chief says",NBC,2023-03-08,2023,https://www.nbcnews.com/politics/national-security/china-wants-avoid-escalation-us-spy-chief-says-rcna73990,starter
The best portable air conditioners under $400,NBC,2021-05-07,2021,https://www.nbcnews.com/select/shopping/affordable-portable-air-conditioners-ncna1266638,starter
4 horses have died at Churchill Downs ahead of 149th Kentucky Derby,FoxNews,2023-05-03,2023,https://www.foxnews.com/sports/4-horses-died-churchill-downs-ahead-149th-kentucky-derby,starter
DNC attendees reject popular GOP accusation of convention hypocrisy: 'Apples and oranges',FoxNews,2024-08-20,2024,https://www.foxnews.com/politics/dnc-attendees-reject-popular-gop-accusation-of-convention-hypocrisy-apples-and-oranges,starter
Georgia school shooting suspect on FBI radar since 2023 as possible threat after online remarks,FoxNews,2024-09-04,2024,https://www.foxnews.com/us/georgia-school-shooter-fbi-radar-2023-possible-threat-online-remarks,starter
"Idaho's move to resurrect firing squad 'makes sense' as 'quickest, surest' death penalty option, expert says",FoxNews,2023-03-23,2023,https://www.foxnews.com/us/idaho-move-resurrect-firing-squad-makes-sense-quickest-surest-death-penalty-option-expert-says,starter
NYC's hidden history: Jimi Hendrix recorded his last track at this Manhattan recording studio he built himself,FoxNews,2023-05-11,2023,https://www.foxnews.com/lifestyle/nyc-hidden-history-jimi-hendrix-recorded-last-track-manhattan-recording-studio-built-himself,starter
"Half of all global food threatened by growing water crisis, report says",NBC,2024-10-17,2024,https://www.nbcnews.com/news/world/water-crisis-global-food-threatened-rcna175873,starter
Feds boost reward to $500K for information on Capitol pipe bomber,NBC,2023-01-04,2023,https://www.nbcnews.com/politics/justice-department/feds-boost-reward-500k-information-capitol-pipe-bomber-rcna64268,starter
Flashback: Kamala Harris was open to packing Supreme Court to shift balance away from conservatives,FoxNews,2020-09-21,2020,https://www.foxnews.com/politics/kamala-harris-packing-supreme-court-conservative-balance,starter
Panthers owners donates $3 million to Hurricane Helene relief efforts; Bucs also give seven figures,FoxNews,2024-09-28,2024,https://www.foxnews.com/sports/panthers-owner-donates-3-million-hurricane-helene-relief-efforts-bucs-also-give-seven-figures,starter
Casey tied to Chinese firm he claimed McCormick-led company invested in to 'profit' off fentanyl crisis,FoxNews,2024-08-13,2024,https://www.foxnews.com/politics/casey-tied-chinese-firm-he-claimed-mccormick-led-company-invested-profit-off-fentanyl-crisis,starter
Aurora police react to alleged Venezuelan gang presence at apartments: 'Have not taken over',FoxNews,2024-08-31,2024,https://www.foxnews.com/us/aurora-police-react-alleged-venezuelan-gang-member-presence-apartments-have-not-taken-over.print,starter
Secret Service chief makes remarkable admission: We need a ‘paradigm shift’,NBC,2024-09-16,2024,https://www.nbcnews.com/investigations/secret-service-chief-makes-remarkable-admission-need-paradigm-shift-rcna171390,starter
Trump sounds alarm on illegal immigrant murderers: 'A lot of bad genes in our country',FoxNews,2024-10-07,2024,https://www.foxnews.com/politics/trump-sounds-alarm-illegal-immigrant-murderers-bad-genes-in-country.print,starter
"With smirks and head shakes, Harris uses the split-screen format to provoke Trump",NBC,2024-09-11,2024,https://www.nbcnews.com/politics/2024-election/trump-glares-angrily-ahead-harris-stares-tense-debate-rcna170538,starter
"Israeli military says regular infantry, armored units joining limited ground operation in southern Lebanon",FoxNews,2024-10-02,2024,https://www.foxnews.com/world/israeli-military-says-regular-infantry-armored-units-joining-limited-ground-operation-southern-lebanon.print,starter
Trump campaign slams 'witch hunt' after Jack Smith court docs released less than 3 weeks before election,FoxNews,2024-10-18,2024,https://www.foxnews.com/politics/judge-releases-more-jack-smith-trump-investigation-docs-public,starter
One family donates four kidneys to save a New York man’s life: ‘Defied all odds’,FoxNews,2023-12-08,2023,https://www.foxnews.com/health/one-family-donates-four-kidneys-save-new-york-mans-life-defied-all-odds,starter
Migrants selling fruit and candy in New York's subway are plagued by fear and uncertainty,NBC,2024-10-17,2024,https://www.nbcnews.com/news/latino/migrants-selling-fruit-candy-new-yorks-subway-are-plagued-fear-uncerta-rcna175712,starter
"Meet the American who paved the way for the interstate, Gen. Lucius Clay, master planner, hero of two nations",FoxNews,2023-10-06,2023,https://www.foxnews.com/lifestyle/meet-american-paved-way-interstate-gen-lucius-clay-master-planner-hero-nations.print,starter
Supreme Court rules in favor of NRA in key First Amendment case,FoxNews,2024-05-30,2024,https://www.foxnews.com/politics/supreme-court-rules-favor-nra-key-first-amendment-case,starter
Ron DeSantis quietly signs Florida's 6-week abortion ban into law,NBC,2023-04-14,2023,https://www.nbcnews.com/politics/2024-election/ron-desantis-signs-6-week-abortion-ban-law-florida-rcna78989,starter
"Zelenskyy calls for international support, Harris underscores unity with Ukraine",NBC,2024-02-17,2024,https://www.nbcnews.com/news/world/zelenskyy-calls-international-support-restoration-rules-based-order-rcna139321,starter
Vulnerable Democrat Tammy Baldwin's support of sanctuary cities highlighted in Wisconsin ad,FoxNews,2024-08-14,2024,https://www.foxnews.com/politics/vulnerable-democrat-tammy-baldwins-support-sanctuary-cities-highlighted-wisconsin-ad,starter
Gaza Strip explained: Who controls it and what to know,NBC,2023-10-09,2023,https://www.nbcnews.com/news/gaza-strip-controls-s-know-rcna119405,starter
11 Best Exercise Bikes 2026: Top Stationary Bikes to Shop,NBC,2025-12-16,2025,https://www.nbcnews.com/select/shopping/best-stationary-bikes-peloton-alternatives-ncna1100116,starter
Wine drinkers may have dinosaurs to thank after 60M-year-old grape fossil seeds are found by scientists,FoxNews,2024-07-02,2024,https://www.foxnews.com/food-drink/wine-drinkers-dinosaurs-thank-60m-year-old-grape-fossils-found-scientists,starter
"Israel-Hamas war in Gaza the deadliest on record for journalists who describe killings, attacks and arrests",NBC,2024-09-27,2024,https://www.nbcnews.com/news/world/israel-hamas-war-gaza-journalists-deadliest-conflict-rcna172282,starter
Judge denies Trump bid to dismiss classified documents case using Presidential Records Act,NBC,2024-04-04,2024,https://www.nbcnews.com/politics/donald-trump/judge-denies-trump-bid-dismiss-classified-documents-case-using-preside-rcna146460,starter
Microsoft CEO Satya Nadella calls for coordination to address AI risk,NBC,2024-01-30,2024,https://www.nbcnews.com/tech/tech-news/microsoft-ceo-satya-nadella-calls-taylor-swift-deepfakes-alarming-terr-rcna136402,starter
"Iran targeting U.S. state voter rolls and spreading election propaganda, officials say",NBC,2020-10-31,2020,https://www.nbcnews.com/politics/2020-election/iran-targeting-u-s-state-voter-rolls-spreading-election-propaganda-n1245577,starter
Trump attends slain NYPD officer Jonathan Diller's wake: 'Need law and order',FoxNews,2024-03-28,2024,https://www.foxnews.com/politics/trump-attends-slain-nypd-officer-jonathan-dillers-wake,starter
Meet some of the violent Jan. 6 rioters Donald Trump keeps calling 'hostages',NBC,2024-04-04,2024,https://www.nbcnews.com/politics/justice-department/trump-republicans-jan-6-hostages-violence-capitol-police-rcna143888,starter
Ellen DeGeneres reveals 3 health diagnoses after 'excruciating pain': 'I could disintegrate in the shower',FoxNews,2024-09-28,2024,https://www.foxnews.com/entertainment/ellen-degeneres-reveals-3-recent-health-diagnoses,starter
"Rafah strike: Israel hasn't crossed Biden's 'red line,' White House says",NBC,2024-05-29,2024,https://www.nbcnews.com/news/world/israel-rafah-strike-ground-assault-dont-cross-bidens-red-line-rcna154428,starter
"Trump turns conviction into cash, with a record fundraising haul following guilty verdicts in trial",FoxNews,2024-05-31,2024,https://www.foxnews.com/politics/trump-hauls-million-since-found-guilty-all-counts-criminal-trial,starter
Matthew Shepard’s mom calls anti-LGBTQ bills a ‘vicious attack’ 25 years after his murder,NBC,2023-10-19,2023,https://www.nbcnews.com/nbc-out/out-news/matthew-shepards-mom-calls-anti-lgbtq-bills-vicious-attack-25-years-mu-rcna121240,starter
"WWII vet, 101, 'finally' walks at graduation 80 years after having to miss ceremony amid global war",FoxNews,2023-05-24,2023,https://www.foxnews.com/lifestyle/wwii-vet-101-finally-walks-graduation-80-years-having-miss-ceremony-global-war,starter
"Biden to sign executive order aiming to reduce gun violence, eliminate controversial gun conversion devices",FoxNews,2024-09-26,2024,https://www.foxnews.com/politics/biden-sign-executive-order-aiming-reduce-gun-violence-eliminate-controversial-gun-conversion-devices,starter
Trump attorneys ask to delay his sentencing in hush money case until after the election,NBC,2024-08-15,2024,https://www.nbcnews.com/politics/2024-election/trump-attorneys-ask-delay-sentencing-hush-money-case-election-rcna166751,starter
Utah governor blasts 'politicized' American Medical Association for pushing gender transition for minors,FoxNews,2023-07-10,2023,https://www.foxnews.com/media/utah-governor-blasts-politicized-american-medical-association-pushing-gender-transition-minors,starter
"Illegal masterminds of NYC robbery ring hacked bank apps, resold stolen phones overseas",FoxNews,2024-02-05,2024,https://www.foxnews.com/us/illegal-masterminds-nyc-robbery-ring-hacked-bank-apps-resold-stolen-phones-overseas,starter
Nevada gov backs women's volleyball players refusing to compete against team with trans player,FoxNews,2024-10-16,2024,https://www.foxnews.com/sports/nevada-gov-backs-womens-volleyball-players-refusing-compete-against-team-trans-player,starter
Halloween costume contact lenses may be scarier than you think,FoxNews,2021-10-28,2021,https://www.foxnews.com/health/halloween-costume-contact-lenses-scarier-cdc,starter
Biden admin's FEMA 'equity' plan faces backlash amid historic hurricane damage: 'What an embarrassment',FoxNews,2024-09-30,2024,https://www.foxnews.com/politics/biden-admins-fema-equity-plan-backlash-historic-hurricane-damage-embarrassment,starter
"In effort to shore up blue wall, Harris eyes Wisconsin",NBC,2024-09-20,2024,https://www.nbcnews.com/politics/2024-election/harris-eyes-wisconsin-blue-wall-rcna171791,starter
"Meet the American who invented video games, Ralph Baer, a German Jew who fled Nazis, served US Army in WWII",FoxNews,2023-09-29,2023,https://www.foxnews.com/lifestyle/meet-american-invented-video-games-ralph-baer-german-jew-fled-nazis-served-us-army-wwii,starter
The 21+ Best Valentine’s Day Gifts for Him in 2026,NBC,2026-01-30,2026,https://www.nbcnews.com/select/shopping/valentines-day-gifts-him-ncna1288411,starter
The 47+ best Target Circle Week deals of July 2024,NBC,2024-07-07,2024,https://www.nbcnews.com/select/shopping/target-circle-week-deals-july-2024-rcna160485,starter
Biden touts PACT Act milestone as he focuses his pitch on veterans,NBC,2024-05-22,2024,https://www.nbcnews.com/politics/2024-election/biden-touts-pact-act-milestone-focuses-pitch-veterans-rcna153357,starter
Secretary of State Antony Blinken declines to identify 'red line' for aid to Israel,NBC,2024-05-12,2024,https://www.nbcnews.com/politics/politics-news/secretary-state-antony-blinken-declines-identify-red-line-aid-israel-rcna151826,starter
Biden family blame staff for debate performance as he lays low again at Camp David: reports,FoxNews,2024-07-01,2024,https://www.foxnews.com/politics/biden-family-blame-staff-debate-performance-he-lays-low-again-camp-david-reports,starter
Kamala Harris' campaign criticizes Trump for serving 'self-obsessed rich guys' after interview with Elon Musk,FoxNews,2024-08-13,2024,https://www.foxnews.com/politics/kamala-harris-campaign-criticizes-trump-serving-self-obsessed-rich-guys-after-interview-elon-musk,starter
Morning Glory: Why is Kamala Harris skipping the Al Smith Dinner in New York City?,FoxNews,2024-09-26,2024,https://www.foxnews.com/opinion/morning-glory-why-kamala-harris-skipping-al-smith-dinner-new-york-city,starter
"8 Best Hair Diffusers for Travel of 2026, According to Experts",NBC,2024-02-28,2024,https://www.nbcnews.com/select/shopping/best-hair-diffusers-travel-rcna140917,starter
Republicans block Dem-backed IVF bill revived by Chuck Schumer,FoxNews,2024-09-16,2024,https://www.foxnews.com/politics/republicans-block-dem-backed-ivf-bill-revived-chuck-schumer,starter
Republican Dave McCormick launches bid for vulnerable Senate seat in battleground state,FoxNews,2023-09-21,2023,https://www.foxnews.com/politics/republican-dave-mccormick-launches-bid-vulnerable-senate-seat-battleground-state,starter
Fact-checking the presidential debate between Harris and Trump,NBC,2024-09-11,2024,https://www.nbcnews.com/politics/2024-election/fact-check-presidential-debate-trump-harris-rcna169687,starter
"Ozzy, Sharon Osbourne delay move back to England due to rocker's health: 'LA used to be nice'",FoxNews,2024-07-16,2024,https://www.foxnews.com/entertainment/ozzy-sharon-osbourne-delay-move-back-england-due-rockers-health-la-used-nice,starter
"Judge Esther Salas lauds law named for son, killed by man targeting her",NBC,2022-12-20,2022,https://www.nbcnews.com/news/latino/judge-esther-salas-law-son-killed-gunman-target-rcna62637,starter
Eye spy a big problem: California doctor removes 23 contact lenses from one woman’s eye,FoxNews,2022-10-22,2022,https://www.foxnews.com/lifestyle/eye-spy-problem-california-doctor-removes-23-contact-lenses-womans-eye,starter
Dozens of Palestinians wounded in confrontations with police at sacred site in Israel,NBC,2021-05-08,2021,https://www.nbcnews.com/news/world/dozens-palestinians-wounded-confrontations-police-sacred-site-israel-n1266739,starter
Harris-Trump cash dash: Former president looks to flip script with fundraising swing in oil country,FoxNews,2024-09-28,2024,https://www.foxnews.com/politics/harris-trump-cash-dash-former-president-flip-script-fundraising-swing-oil-country,starter
"The best beard trimmers, according to experts",NBC,2020-04-15,2020,https://www.nbcnews.com/select/shopping/best-hair-beard-trimmer-men-ncna1184431,starter
"July Fourth blessings on America, with lessons from the red, white and blue",FoxNews,2023-07-04,2023,https://www.foxnews.com/opinion/july-fourth-blessings-america-lessons-from-red-white-blue,starter
"Former Proud Boys leader Enrique Tarrio gets 22 years, longest Jan. 6 sentence yet",NBC,2023-09-05,2023,https://www.nbcnews.com/politics/justice-department/enrique-tarrio-proud-boys-sentenced-jan-6-sedition-case-rcna103280,starter
'Gotaway' illegal and Tren de Aragua gang member accused in suburban hotel murder,FoxNews,2024-10-18,2024,https://www.foxnews.com/us/gotaway-illegal-tren-de-aragua-gang-member-accused-suburban-hotel-murder,starter
Trump’s promise to ‘eliminate taxes on tips’ marks ‘first time’ GOP has focused on minority neighborhoods,FoxNews,2024-06-16,2024,https://www.foxnews.com/media/trumps-promise-eliminate-taxes-tips-marks-first-time-gop-has-focused-minority-neighborhoods,starter
A deadly detour: Migrant deaths spike outside El Paso,NBC,2024-10-18,2024,https://www.nbcnews.com/news/latino/migrant-deaths-spike-new-mexico-rcna175794,starter
"Lori Loughlin’s prison offers Pilates, spin class and more as she serves time in college admissions scandal",FoxNews,2020-09-24,2020,https://www.foxnews.com/entertainment/inside-lori-loughlin-prison-college-admissions-scandal,starter
"Putin, Xi agree to deepen partnership as Russia advances in Ukraine",NBC,2024-05-16,2024,https://www.nbcnews.com/news/world/putin-xi-agree-deepen-partnership-russia-advances-ukraine-war-rcna152528,starter
Biden is clearly in poor health. We deserve an honest and transparent report,FoxNews,2024-07-19,2024,https://www.foxnews.com/opinion/biden-clearly-poor-health-deserve-honest-transparent-report,starter
Palestinian President Mahmoud Abbas cuts security ties with Israel over West Bank annexation plans,NBC,2020-05-20,2020,https://www.nbcnews.com/news/world/palestinian-president-mahmoud-abbas-cuts-security-ties-israel-over-west-n1211416,starter
Itamar Ben-Gvir: Extremist Israeli Cabinet minister visits sensitive Jerusalem holy site,NBC,2023-05-21,2023,https://www.nbcnews.com/news/world/israel-oks-plans-thousands-new-settlement-homes-defying-white-house-ca-rcna91132https://www.nbcnews.com/news/world/israel-temple-mount-extremist-itamar-ben-gvir-palestinian-tensions-rcna85447,starter
Newsom dodges question on Harris price controls: 'She hasn't put out the details',FoxNews,2024-08-21,2024,https://www.foxnews.com/politics/newsom-dodges-question-harris-price-controls-she-hasnt-put-out-details,starter
Liberal 'SNL' takes swipe at ABC's 'biased' presidential debate in cold open: 'Duh',FoxNews,2024-09-30,2024,https://www.foxnews.com/media/liberal-snl-takes-swipe-abcs-biased-presidential-debate-cold-open-duh,starter
"Harris claims Biden fit to continue in office, despite more than 80 documented encounters in past year",FoxNews,2024-07-29,2024,https://www.foxnews.com/politics/harris-claimed-biden-completely-fit-continue-office-despite-many-documented-encounters-past-year,starter
BTS star Jin begins military service in South Korea,NBC,2022-12-13,2022,https://www.nbcnews.com/news/world/bts-star-jin-begins-military-service-south-korea-rcna61406,starter
Woman banned by Planet Fitness for photographing trans member vows to keep fighting: 'Here for the long haul',FoxNews,2024-03-29,2024,https://www.foxnews.com/media/woman-planet-fitness-photographing-trans-member-vows-keep-fighting-long-haul,starter
"Russia, Ukraine exchange 206 prisoners in second swap in two days",NBC,2024-09-14,2024,https://www.nbcnews.com/news/world/russia-ukraine-prisoner-exchange-rcna171138,starter
Editor’s Picks May 2025: 19+ Products We Loved This Month,NBC,2025-05-30,2025,https://www.nbcnews.com/select/shopping/editors-picks-may-ncna1305473,starter
25 Best Amazon Travel Tech Gadgets | NBC Select,NBC,2023-08-03,2023,https://www.nbcnews.com/select/shopping/best-travel-tech-gadgets-amazon-rcna97967,starter
Children among dozens killed in strike on Gaza school that Israeli military says was being used by Hamas,NBC,2024-06-06,2024,https://www.nbcnews.com/news/world/gaza-unrwa-school-hit-israel-idf-hamas-rcna155786,starter
"Meet the American who unlocked the science of gender, Nettie Stevens, female research pioneer",FoxNews,2023-05-19,2023,https://www.foxnews.com/lifestyle/meet-american-discovered-science-defines-two-genders-nettie-stevens-research-pioneer,starter
"Hillary Clinton floated as ‘mightiest of all’ Biden replacements in column, gets mocked online",FoxNews,2024-07-20,2024,https://www.foxnews.com/media/hillary-clinton-floated-mightiest-all-biden-replacements-column-gets-mocked-online.print,starter
John Kerry targets agriculture as part of climate crusade,FoxNews,2023-05-10,2023,https://www.foxnews.com/politics/john-kerry-targets-agriculture-part-climate-crusade,starter
"Camila Cabello suffers Met Gala wardrobe malfunction, exposing underwear",FoxNews,2024-05-08,2024,https://www.foxnews.com/entertainment/camila-cabello-suffers-met-gala-wardrobe-malfunction-exposing-underwear,starter
Hamas says it has taken ‘dozens’ of Israelis hostage,NBC,2023-10-07,2023,https://www.nbcnews.com/news/world/hamas-israel-palestinian-hostages-beeri-attack-rcna119337,starter
Ex-National Guardsman wanted on Jan. 6 charges surrenders after FBI manhunt,NBC,2023-11-10,2023,https://www.nbcnews.com/politics/justice-department/ex-national-guardsman-wanted-jan-6-charges-surrenders-fbi-manhunt-rcna124621,starter
"In college football showdown, Texas will try beating Georgia at its own game",NBC,2024-10-18,2024,https://www.nbcnews.com/sports/college-football/college-football-showdown-texas-will-try-beating-georgia-game-rcna175573,starter
Georgia judge blocks rule requiring clerks to hand count number of ballots,FoxNews,2024-10-16,2024,https://www.foxnews.com/politics/georgia-judge-blocks-rule-requiring-clerks-hand-count-number-ballots,starter
Judge blocks NY AG Letitia James from trying to silence pregnancy centers that promote abortion pill reversal,FoxNews,2024-09-26,2024,https://www.foxnews.com/politics/judge-blocks-ny-ag-letitia-james-silence-pregnancy-centers-promote-abortion-pill-reversal.print,starter
Anti-LGBTQ movement resurfaces old tropes and language,NBC,2022-04-12,2022,https://www.nbcnews.com/nbc-out/out-politics-and-policy/groomer-pedophile-old-tropes-find-new-life-anti-lgbtq-movement-rcna23931,starter
U.S. envoy to U.N. urges Russia and China not to ‘reward’ North Korea’s bad behavior,NBC,2024-04-17,2024,https://www.nbcnews.com/news/world/north-korea-linda-thomas-greenfield-china-russia-rcna148135,starter
"Garlic: Planting, roasting and understanding the health benefits of the plant",FoxNews,2023-04-19,2023,https://www.foxnews.com/lifestyle/garlic-planting-roasting-cooking-health-benefits,starter
Donald Trump has picked his running mate and they will be at Thursday's debate,FoxNews,2024-06-24,2024,https://www.foxnews.com/politics/what-donald-trump-told-us-weekend-about-his-search-running-mate,starter
Georgia high school shooting: Biden decries 'more senseless gun violence',FoxNews,2024-09-04,2024,https://www.foxnews.com/us/georgia-high-school-shooting-biden-decries-more-senseless-gun-violence,starter
Kamala Harris tells 'The View' she can't think of anything she would have done differently from Biden,FoxNews,2024-10-08,2024,https://www.foxnews.com/media/kamala-harris-tells-the-view-she-cant-think-anything-she-would-have-done-differently-from-biden.print,starter
Hurricane Milton's rapid intensification is part of a climate trend,NBC,2024-10-07,2024,https://www.nbcnews.com/science/climate-change/hurricane-milton-rapid-intensification-climate-change-rcna174260,starter
Five ways Ronald Reagan can save America: 'Freedom never more than one generation from extinction',FoxNews,2023-10-11,2023,https://www.foxnews.com/lifestyle/five-ways-ronald-reagan-can-save-america-freedom-generation-extinction,starter
Bob Woodson: The Civil Rights Movement I was a part of has been betrayed by a twisted progressive ideology,FoxNews,2021-03-19,2021,https://www.foxnews.com/opinion/civil-rights-movement-betrayed-progressive-ideology-bob-woodson.print,starter
Biden's student loan forgiveness plan can take effect after judge lets restraining order expire,NBC,2024-10-03,2024,https://www.nbcnews.com/politics/white-house/bidens-student-loan-forgiveness-plan-can-take-effect-judge-lets-restra-rcna173837,starter
"9/11 group blasts Trump for hosting Saudi-backed golf league tournament, seeks meeting",NBC,2022-07-18,2022,https://www.nbcnews.com/politics/politics-news/911-group-blasts-trump-hosting-saudi-backed-golf-league-tournament-see-rcna38691,starter
Who’s behind the pro-Palestinian protests in the U.S.?,NBC,2024-03-20,2024,https://www.nbcnews.com/news/us-news/s-palestinian-protests-us-rcna143666,starter
Wayfair’s Way Days is returning this October — here’s what you need to know,NBC,2024-09-26,2024,https://www.nbcnews.com/select/shopping/wayfair-wayday-announcement-october-2024-rcna172849,starter
"Biden on Supreme Court leak: Roe should not be overturned, 'A woman's right to choose is fundamental'",FoxNews,2022-05-03,2022,https://www.foxnews.com/politics/biden-supreme-court-leak-womans-right-choose-fundamental,starter
IDF video: Israeli tank fires at building where Hamas leader Yahya Sinwar was barricaded before being killed,FoxNews,2024-10-18,2024,https://www.foxnews.com/world/idf-video-israeli-tank-fires-building-where-hamas-leader-yahya-sinwar-barricaded-being-killed.print,starter
"There is no trial date in sight for the Trump documents case, as a judge he appointed holds hearing after hearing",NBC,2024-06-20,2024,https://www.nbcnews.com/politics/2024-election/no-trial-date-trump-classified-documents-case-judge-aileen-cannon-rcna157671,starter
"Bodyguard, bank, vaccine critic: RFK Jr.'s celebrity protector plays a key campaign role",NBC,2024-06-04,2024,https://www.nbcnews.com/politics/2024-election/gavin-de-becker-rfk-jr-bodyguard-bank-vaccine-critic-rcna153586,starter
Oprah Winfrey makes surprise DNC appearance to rail against man she once considered running for office with,FoxNews,2024-08-22,2024,https://www.foxnews.com/politics/oprah-winfrey-makes-surprise-dnc-appearance-rail-against-man-she-once-considered-running-office,starter
"Five controversies surrounding vice presidential nominee Tim Walz, from DUI to COVID fraud",FoxNews,2024-08-06,2024,https://www.foxnews.com/politics/five-controversies-surrounding-vice-presidential-nominee-tim-walz-from-dui-covid-fraud,starter
Trump lawyer backs off absolute immunity argument at Supreme Court,NBC,2024-04-25,2024,https://www.nbcnews.com/politics/supreme-court/trump-lawyer-backs-absolute-immunity-argument-supreme-court-rcna149406,starter
"Who is Tanya Chutkan, the judge assigned to Trump’s election case?",NBC,2023-08-03,2023,https://www.nbcnews.com/politics/donald-trump/tanya-chutkan-judge-assigned-trumps-election-case-rcna97852,starter
Kamala Harris questions Trump's transparency after she releases medical report,NBC,2024-10-14,2024,https://www.nbcnews.com/politics/2024-election/kamala-harris-questions-trumps-transparency-releases-medical-report-rcna174896,starter
Travelers on TikTok are making grocery stores the hottest vacation 'destination',FoxNews,2024-09-20,2024,https://www.foxnews.com/travel/travelers-tiktok-making-grocery-stores-hottest-vacation-destination.print,starter
"At Pride marches this year, Pro-Palestinian protests have been a constant presence",NBC,2024-06-28,2024,https://www.nbcnews.com/nbc-out/out-news/lgbtq-pride-march-israel-hamas-war-protests-rcna156595,starter
NBC reporter calls out Kamala Harris for saying her 'values haven't changed': 'Her positions have changed',FoxNews,2024-08-30,2024,https://www.foxnews.com/media/nbc-reporter-calls-out-kamala-harris-saying-her-values-havent-changed,starter
"Biden should step aside and resign, undecided voters tells ABC",FoxNews,2024-07-19,2024,https://www.foxnews.com/media/biden-should-step-aside-resign-undecided-voters-tells-abc,starter
Amazon rainforest port records lowest water level in 121 years amid drought,NBC,2023-10-16,2023,https://www.nbcnews.com/science/environment/amazon-rainforest-port-records-lowest-water-level-121-years-drought-rcna120575,starter
Congress passes bill to provide security to Supreme Court justices’ family members,NBC,2022-06-14,2022,https://www.nbcnews.com/politics/congress/house-vote-senate-passed-bill-provide-security-supreme-court-justices-rcna33427,starter
"Rubio: 'Russia is already' in Cuba, the Diaz-Canel regime 'lost its legitimacy to govern'",FoxNews,2021-07-19,2021,https://www.foxnews.com/media/rubio-russia-cuba-regime-lost-legitimacy,starter
FX's 'American Sports Story' reexamines the rise and fall of Aaron Hernandez,NBC,2024-09-17,2024,https://www.nbcnews.com/nbc-out/out-pop-culture/american-sports-story-nfl-patriots-aaron-hernandez-rcna171439,starter
Trump repeats false claims that children are undergoing transgender surgery during the school day,NBC,2024-09-09,2024,https://www.nbcnews.com/nbc-out/out-politics-and-policy/trump-false-claims-schools-transgender-surgeries-rcna170217,starter
"Kirby slams Hamas chief Sinwar as 'the major obstacle' to cease-fire, hostage release deal with Israel",FoxNews,2024-09-22,2024,https://www.foxnews.com/politics/kirby-slams-hamas-chief-sinwar-the-major-obstacle-reaching-cease-fire-hostage-release-deal-israel.print,starter
"Virginia head coach Tony Bennett suddenly retiring, just weeks before season starts",FoxNews,2024-10-17,2024,https://www.foxnews.com/sports/virginia-head-coach-tony-bennett-suddenly-retiring-just-weeks-before-season-starts,starter
Kimmel pokes fun at Walz after interview gaffe about 'waking up on November 6 with Madam President',FoxNews,2024-10-08,2024,https://www.foxnews.com/media/kimmel-pokes-fun-walz-after-interview-gaffe-about-waking-up-november-6-madam-president,starter
Trump surrogate Byron Donalds hearkens back to Jim Crow era when 'the Black family was together',NBC,2024-06-05,2024,https://www.nbcnews.com/politics/congress/trump-surrogate-byron-donalds-harkens-back-jim-crow-era-black-family-w-rcna155663,starter
"New Zealand Prime Minister Jacinda Ardern resigns, citing burnout",NBC,2023-01-19,2023,https://www.nbcnews.com/news/world/jacinda-ardern-says-will-resign-new-zealand-prime-minister-rcna66437,starter
"Elon Musk unveils Tesla's Robovan, Robotaxi, humanoid robots",FoxNews,2024-10-16,2024,https://www.foxnews.com/tech/elon-musk-unveils-teslas-robovan-robotaxi-humanoid-robots,starter
Justice Ketanji Brown Jackson says she would support an 'enforceable code' of ethics for the Supreme Court,FoxNews,2024-09-01,2024,https://www.foxnews.com/media/justice-ketanji-brown-jackson-reveals-she-supports-enforceable-code-ethics-supreme-court.print,starter
"Israel should 'erase' Palestinian village, minister says after settler rampage",NBC,2023-03-01,2023,https://www.nbcnews.com/news/world/israel-finance-minister-bezalel-smotrich-hawara-erased-west-bank-rcna72871,starter
"The Best Dry Dog Food of 2026, According to Vets | NBC Select",NBC,2023-03-27,2023,https://www.nbcnews.com/select/shopping/best-dry-dog-food-ncna1303841,starter
"RFK Jr has ‘no business’ testifying in Congress on government censorship, Democrats say",FoxNews,2023-07-20,2023,https://www.foxnews.com/politics/rfk-no-business-testifying-congress-government-censorship-democrats,starter
Israeli defense minister tells US only ‘military action’ can return people to homes amid Hezbollah threat,FoxNews,2024-09-16,2024,https://www.foxnews.com/world/israeli-defense-minister-tells-us-only-military-action-can-return-people-homes-amid-hezbollah-threat.print,starter
"1 year after Hezbollah strikes, Israel reinforces troops and questions mount over ‘limited’ operation",FoxNews,2024-10-08,2024,https://www.foxnews.com/politics/one-year-after-hezbollah-strikes-israel-reinforces-troops-questions-mount-over-limited-operation.print,starter
Harris to virtually attend Catholic charity dinner that rival Trump is headlining,FoxNews,2024-10-17,2024,https://www.foxnews.com/politics/harris-virtually-attend-catholic-charity-dinner-rival-trump-headlining,starter
WWE legend Hulk Hogan has Super Bowl aspirations for Lions after surprise camp visit: 'I predict greatness',FoxNews,2024-07-25,2024,https://www.foxnews.com/sports/wwe-legend-hulk-hogan-has-super-bowl-aspirations-lions-after-surprise-camp-visit-i-predict-greatness,starter
Trump once called Jan. 6 a 'heinous attack.' Now he calls it a 'day of love.',NBC,2024-10-17,2024,https://www.nbcnews.com/politics/donald-trump/trump-called-jan-6-henious-attack-now-calls-day-love-rcna175942,starter
"Venezuelan gang Tren de Aragua take over Texas hotel, county officials work to shut down business",FoxNews,2024-09-10,2024,https://www.foxnews.com/us/venezuelan-gang-tren-de-aragua-take-over-texas-hotel-county-officials-work-shut-down-business,starter
Who is Ryan Wesley Routh: Alleged gunman at Trump golf club,FoxNews,2024-09-15,2024,https://www.foxnews.com/politics/who-ryan-wesley-routh-alleged-gunman-trump-golf-club,starter
"As Israel debates West Bank annexation, here's what two former peace envoys think",NBC,2020-06-19,2020,https://www.nbcnews.com/news/world/israel-debates-west-bank-annexation-here-s-what-two-former-n1231302,starter
Singer Gavin DeGraw surprises US soldiers with rescue pets through Paws of War initiative,FoxNews,2023-12-23,2023,https://www.foxnews.com/lifestyle/singer-gavin-degraw-surprises-us-soldiers-rescue-pets-paws-war-initiative,starter
Who are the American hostages still held by Hamas in Gaza?,NBC,2024-09-23,2024,https://www.nbcnews.com/news/world/american-hostages-hamas-gaza-kidnapped-rcna170170,starter
Protests around the world commemorate 76th anniversary of the Nakba and call for a cease-fire in Gaza,NBC,2024-05-14,2024,https://www.nbcnews.com/news/world/protests-world-commemorate-76th-anniversary-nakba-call-cease-fire-gaza-rcna151966,starter
Vance praised for 'absolute FIRE' takedown of Harris-Walz 'tag team' riot enablers: 'Make America Burn Again',FoxNews,2024-08-07,2024,https://www.foxnews.com/media/vance-praised-absolute-fire-takedown-harris-walz-tag-team-riot-enablers-make-america-burn-again,starter
Arnold Schwarzenegger expands on his current relationship status with ex-wife Maria Shriver,FoxNews,2023-10-01,2023,https://www.foxnews.com/entertainment/arnold-schwarzenegger-expands-current-relationship-status-ex-wife-maria-shriver,starter
Skeptical voters wrestle with what they know about Kamala Harris versus what they've seen from Donald Trump,NBC,2024-08-29,2024,https://www.nbcnews.com/politics/2024-election/skeptical-voters-wrestle-know-kamala-harris-seen-donald-trump-rcna168784,starter
Vandals deface tour bus for women's advocacy group with 'anti-woman messages',FoxNews,2024-06-21,2024,https://www.foxnews.com/sports/vandals-deface-tour-bus-womens-advocacy-group-anti-woman-messages,starter
"CNN boss, political director spiked Hunter Biden controversy, audiotapes reveal: 'We're not going with' story",FoxNews,2020-12-03,2020,https://www.foxnews.com/media/cnn-jeff-zucker-david-chalian-hunter-biden-project-veritas,starter
NFL great believes panic in Jets’ organization played a role in Robert Saleh’s firing,FoxNews,2024-10-11,2024,https://www.foxnews.com/sports/nfl-great-believes-panic-jets-organization-played-role-robert-salehs-firing,starter
"Harris-Trump debate nabs more than 67 million viewers, Nielsen says",NBC,2024-09-11,2024,https://www.nbcnews.com/news/us-news/harris-trump-debate-nabs-least-575-million-viewers-according-early-rat-rcna170634,starter
"Mother Teresa's last message, written on day she died, reveals deep faith in Christ",FoxNews,2024-09-06,2024,https://www.foxnews.com/lifestyle/mother-teresas-last-message-written-day-she-died-reveals-deep-faith-christ,starter
Judge rules Montana law defining sex as only male or female is unconstitutional,FoxNews,2024-06-27,2024,https://www.foxnews.com/politics/judge-rules-montana-law-defining-sex-only-male-female-unconstitutional,starter
Israeli protests over judicial overhaul continue despite Netanyahu’s pause,NBC,2023-04-02,2023,https://www.nbcnews.com/news/world/israeli-protests-judicial-overhaul-continue-netanyahus-pause-rcna77793,starter
Palestinians say Israeli troops kill 10 in West Bank violence,NBC,2023-01-26,2023,https://www.nbcnews.com/news/world/palestinians-israeli-troops-kill-9-west-bank-raid-rcna67578,starter
What is the difference between squalane and squalene?,NBC,2023-08-25,2023,https://www.nbcnews.com/select/shopping/best-squalene-products-rcna101821#anchor-Squaleneversussqualane,starter
Web designer's victory at Supreme Court is free speech win for all,FoxNews,2023-06-30,2023,https://www.foxnews.com/opinion/web-designer-victory-supreme-court-free-speech-win-all,starter
House GOP demands FEC probe 'potentially illegal' ActBlue fundraising as Dem platform hauls Harris millions,FoxNews,2024-08-08,2024,https://www.foxnews.com/politics/house-gop-demands-fec-probe-potentially-illegal-actblue-fundraising-dem-platform-hauls-harris-millions,starter
NBC Select Dry Skin Week 2024 essentials as seen on TODAY,NBC,2024-01-23,2024,https://www.nbcnews.com/select/shopping/dry-skin-week-today-rcna135059,starter
Stewart Rhodes says fellow Oath Keepers were 'stupid' to storm the Capitol on Jan. 6,NBC,2022-11-08,2022,https://www.nbcnews.com/politics/justice-department/stewart-rhodes-says-fellow-oath-keepers-stupid-storm-capitol-jan-6-rcna55760,starter
Republicans 'skeptical' of DOJ move to block Russian election interference,FoxNews,2024-09-05,2024,https://www.foxnews.com/politics/republicans-skeptical-doj-block-russian-election-interference,starter
Stanley tumbler 'quenchers' maker sued over lead claims,NBC,2024-02-21,2024,https://www.nbcnews.com/business/consumer/stanley-tumbler-quenchers-maker-sued-lead-claims-rcna139780,starter
Trump's Mideast peace plan comes under surprise attack from Israeli settlers,NBC,2020-06-04,2020,https://www.nbcnews.com/news/world/trump-s-mideast-peace-plan-comes-under-surprise-attack-israeli-n1224686,starter
"How to Get Rid of Chapped Lips, According to Dermatologists",NBC,2020-02-20,2020,https://www.nbcnews.com/select/shopping/best-chapped-lips-treatments-balms-ncna1138176,starter
"Capitol rioter Guy Reffitt gets longest Jan. 6 sentence, but no terrorism enhancement",NBC,2022-08-01,2022,https://www.nbcnews.com/politics/justice-department/capitol-rioter-guy-reffitt-gets-longest-jan-6-sentence-no-terrorism-en-rcna40664,starter
How the Slip silk eye mask helps me fall asleep and stay asleep,NBC,2021-03-11,2021,https://www.nbcnews.com/select/shopping/slip-silk-sleep-mask-ncna1260550,starter
How did the Hezbollah pager explosions happen? 5 things to know,FoxNews,2024-09-19,2024,https://www.foxnews.com/world/how-did-hezbollah-pager-explosions-happen-things-know,starter
Deployed soldier pleads for rescue of puppy found overseas: 'Part of my soul',FoxNews,2024-09-04,2024,https://www.foxnews.com/lifestyle/deployed-soldier-pleads-rescue-puppy-found-overseas.print,starter
Jelly Roll embraces role in country music revolution after overcoming addiction and prison time,FoxNews,2023-10-23,2023,https://www.foxnews.com/entertainment/jelly-roll-embraces-role-country-music-revolution-overcoming-addiction-prison-time,starter
South Korean prime minister offers to resign after parliamentary election defeat,NBC,2024-04-11,2024,https://www.nbcnews.com/news/world/south-korea-prime-minister-offers-resign-parliamentary-election-defeat-rcna147330,starter
Hungarian insider releases audio he says is proof of Orbán corruption,NBC,2024-03-26,2024,https://www.nbcnews.com/news/world/hungarian-insider-releases-audio-says-proof-orban-corruption-rcna145070,starter
Yemen’s Houthi rebels target ship in the Gulf of Aden as the Eisenhower aircraft carrier heads home,NBC,2024-06-22,2024,https://www.nbcnews.com/news/world/ship-attack-houthi-red-sea-uss-eisenhower-rcna158406,starter
Hispanic voters rail against 'dishonest' Biden-Harris border record as poll shows Trump gaining in key states,FoxNews,2024-10-08,2024,https://www.foxnews.com/politics/hispanic-voters-rail-against-dishonest-biden-harris-border-record-poll-shows-trump-gaining-key-states,starter
Amazon Prime Membership: The Best Perks & How To Sign Up For Free,NBC,2021-06-04,2021,https://www.nbcnews.com/select/shopping/amazon-prime-benefits-cost-ncna1269672,starter
Former top legal officials oppose judicial overhaul in Israel,NBC,2023-01-12,2023,https://www.nbcnews.com/news/world/former-top-legal-officials-oppose-judicial-overhaul-israel-rcna65490,starter
"After false pet claims, Springfield mayor says Trump visit would be 'an extreme strain' on resources",NBC,2024-09-17,2024,https://www.nbcnews.com/politics/politics-news/false-pet-claims-springfield-ohio-mayor-says-trump-visit-strain-rcna171558,starter
"Biden's border crisis is 'wreaking havoc' on K-12 schools, says top GOP lawmaker",FoxNews,2024-06-06,2024,https://www.foxnews.com/politics/bidens-border-crisis-wreaking-havoc-k-12-schools-says-top-gop-lawmaker,starter
"Creamy Cajun shrimp scampi over pasta is a flavor-packed, cheesy dream: Try the easy recipe",FoxNews,2024-06-23,2024,https://www.foxnews.com/food-drink/creamy-cajun-shrimp-scampi-pasta-flavor-packed-cheesy-dream-try-easy-recipe.print,starter
Keir Starmer elected new UK prime minister after big Labour Party win,FoxNews,2024-07-05,2024,https://www.foxnews.com/world/keir-starmer-become-new-british-prime-minister-after-big-labour-party-win,starter
Columbia University professor describes Hamas terrorist attacks as 'indigenous Palestinian resistance',FoxNews,2023-10-11,2023,https://www.foxnews.com/media/columbia-university-professor-describes-hamas-terrorist-attacks-indigenous-palestinian-resistance,starter
"Black Americans targeted with disinformation as election nears, new report finds",NBC,2024-06-25,2024,https://www.nbcnews.com/news/nbcblk/black-americans-disinformation-election-social-media-rcna157096,starter
"Pro-Hamas group that helped organize college protests is a 'sham charity,' Treasury says",NBC,2024-10-15,2024,https://www.nbcnews.com/news/us-news/-hamas-group-helped-organize-college-protests-sham-charity-treasury-sa-rcna175529,starter
"Howard Stern says he 'hates' anyone that votes for Trump: 'They are stupid, I have no respect for them'",FoxNews,2024-09-17,2024,https://www.foxnews.com/media/howard-stern-says-he-hates-anyone-votes-trump-they-stupid-i-have-no-respect-them.print,starter
A Nova music festival massacre survivor vows ‘Never again’,FoxNews,2023-11-07,2023,https://www.foxnews.com/opinion/nova-music-festival-massacre-survivor-vows-never-again.print,starter
First came fentanyl. Now this state is counting the casualties from another deadly drug.,NBC,2023-12-10,2023,https://www.nbcnews.com/health/health-news/fentanyl-xylazine-west-virginia-rcna128327,starter
23+ Products We Tried and Loved in September | NBC Select,NBC,2025-09-30,2025,https://www.nbcnews.com/select/shopping/editors-picks-september-rcna118660,starter
Latino voters may make or break the presidential election in swing states like Nevada,FoxNews,2024-04-05,2024,https://www.foxnews.com/politics/latino-voters-may-make-break-presidential-election-swing-states,starter
Bipartisan commission to study Trump assassination attempt teed up for House vote,FoxNews,2024-07-22,2024,https://www.foxnews.com/politics/bipartisan-commission-study-trump-assassination-attempt-teed-up-house-vote,starter
FBI captures three Jan. 6 fugitives at Florida ranch on the third anniversary of the Capitol attack,NBC,2024-01-06,2024,https://www.nbcnews.com/politics/justice-department/fbi-captures-three-jan-6-fugitives-florida-ranch-third-anniversary-cap-rcna132626,starter
Is Prebiotic Soda Good For Health? Experts Weigh In | NBC Select,NBC,2024-09-26,2024,https://www.nbcnews.com/select/shopping/prebiotic-soda-health-benefits-rcna172429,starter
"At a private donor retreat, Trump team says Minnesota and Virginia are in play",NBC,2024-05-04,2024,https://www.nbcnews.com/politics/2024-election/private-donor-retreat-trump-team-minnesota-virginia-2024-rcna150726,starter
DOJ seeks longer sentence for Capitol rioter they labeled as a domestic terrorist,NBC,2022-07-16,2022,https://www.nbcnews.com/politics/justice-department/doj-seeks-longer-sentence-capitol-rioter-labeled-domestic-terrorist-rcna38557,starter
U.S. support for Israel's campaign in Lebanon is 'limited' to Hezbollah,NBC,2024-10-15,2024,https://www.nbcnews.com/news/world/israel-hezbollah-lebanon-biden-iran-rcna175452,starter
FBI releases declassified document into Saudi 9/11 links after Biden order,NBC,2021-09-12,2021,https://www.nbcnews.com/news/us-news/fbi-releases-declassified-document-saudi-9-11-links-after-biden-n1278997,starter
Meet the American who invented the electric guitar and inspired rock 'n' roll,FoxNews,2024-07-10,2024,https://www.foxnews.com/lifestyle/american-invented-electric-guitar-rock-roll.print,starter
Israeli settlers rampage through a Palestinian town in revenge for West Bank shooting,NBC,2023-02-27,2023,https://www.nbcnews.com/news/world/israeli-settlers-rampage-palestinian-town-hawara-west-bank-shooting-rcna72406,starter
7 sneaky calorie culprits that are creeping into your healthy green salad,FoxNews,2024-06-05,2024,https://www.foxnews.com/food-drink/7-sneaky-calorie-culprits-healthy-green-salad,starter
"Armed Services Republicans, White House push back against claims that Zelenskyy's PA visit was 'political'",FoxNews,2024-09-26,2024,https://www.foxnews.com/politics/armed-services-republicans-push-back-accusation-zelenskyys-pa-visit-political,starter
"Eric Clapton positive for COVID-19, postpones concerts",FoxNews,2022-05-18,2022,https://www.foxnews.com/entertainment/eric-clapton-covid-vaccine-positive-postpones-cancels-concerts.print,starter
"Pope Emeritus Benedict XVI dead at 95, Vatican says",FoxNews,2022-12-31,2022,https://www.foxnews.com/world/pope-emeritus-benedict-xvi-dead-95-vatican-says,starter
Liberal dark money network hauled in more than $1.5B in anonymous donations for left-wing causes in 2021,FoxNews,2022-11-15,2022,https://www.foxnews.com/politics/liberal-dark-money-network-hauled-1-5b-anonymous-donations-left-wing-causes-2021,starter
Patients scramble for treatments as hospitals conserve IV fluids after storms,NBC,2024-10-11,2024,https://www.nbcnews.com/health/health-news/patients-scramble-treatments-hospitals-conserve-iv-fluids-storms-rcna174958,starter
"A political realignment in PA: Despite recent Dem wins, the GOP is gaining momentum, analysts say",FoxNews,2024-05-22,2024,https://www.foxnews.com/politics/political-realignment-pennsylvania-despite-recent-dem-wins-gop-gaining-momentum-analysts-say.print,starter
"United Nations slammed for silence over Hamas rapes, mutilation and murder of Israeli women, critics say",FoxNews,2023-11-19,2023,https://www.foxnews.com/world/united-nations-slammed-silence-hamas-rapes-mutilation-murder-israeli-women-critics-say,starter
Trump vows to free Jan. 6 defendants as one of his first acts if elected,NBC,2024-03-12,2024,https://www.nbcnews.com/politics/donald-trump/trump-vows-free-jan-6-defendants-one-first-acts-elected-rcna142894,starter
Father of Georgia high school shooting suspect told investigators son had 'problems' at former school,FoxNews,2024-09-06,2024,https://www.foxnews.com/us/father-georgia-high-school-shooting-suspect-told-investigators-son-had-problems-former-school,starter
Biden says 'real progress' was made after meeting with China's Xi Jinping,NBC,2023-11-15,2023,https://www.nbcnews.com/politics/joe-biden/biden-chinas-xi-jinping-meet-effort-smooth-tensions-rcna124924,starter
South Korea to suspend military pact with North over trash balloons,NBC,2024-06-03,2024,https://www.nbcnews.com/news/world/south-korea-suspend-military-pact-north-trash-balloons-rcna155131,starter
Transgender high school volleyball player appears to feature spike that injured opponent in highlight reel,FoxNews,2022-10-26,2022,https://www.foxnews.com/sports/transgender-high-school-volleyball-player-appears-feature-spike-injured-opponent-highlight-reel.print,starter
"Older adult women caregivers have lower death rates than non-caregivers, study finds: ‘A sense of purpose’",FoxNews,2023-11-15,2023,https://www.foxnews.com/health/older-adult-women-caregivers-have-lower-death-rates-non-caregivers-study-finds-sense-purpose,starter
DOJ finds officer’s suicide after Jan. 6 was a death in the line of duty,NBC,2023-08-18,2023,https://www.nbcnews.com/politics/justice-department/doj-finds-officers-suicide-jan-6-was-death-line-duty-rcna100648,starter
"Prosecutor to seek death penalty, hate crime charges in Atlanta-area spa shootings",NBC,2021-05-11,2021,https://www.nbcnews.com/news/us-news/prosecutor-seek-death-penalty-hate-crime-charges-atlanta-area-spa-n1267019,starter
Biden speaks with Netanyahu as White House prepares for Herzog meeting,NBC,2023-07-17,2023,https://www.nbcnews.com/politics/white-house/biden-netanyahu-call-rcna94687,starter
DeSantis signs bill creating election police unit in Florida,NBC,2022-04-25,2022,https://www.nbcnews.com/politics/elections/desantis-signs-bill-creating-election-police-unit-florida-rcna25941,starter
Jill Biden to honor her husband at convention Monday — an appearance that once was going to be much different,NBC,2024-08-16,2024,https://www.nbcnews.com/politics/2024-election/jill-biden-honor-husband-convention-monday-appearance-was-going-much-d-rcna166732,starter
"House passes $1.7 trillion spending bill that rewrites U.S. election law, sending it to Biden to sign",NBC,2022-12-23,2022,https://www.nbcnews.com/politics/congress/house-passes-17-trillion-spending-bill-rewrites-us-election-law-sendin-rcna62608,starter
Trump's first campaign event since second assassination attempt to be town hall in key battleground,FoxNews,2024-09-17,2024,https://www.foxnews.com/politics/trumps-first-campaign-event-since-second-assassination-attempt-town-hall-key-battleground,starter
"What is 'Huggy Wuggy,' the 'sinister'-looking toy popping up for sale on streets of NYC?",FoxNews,2023-03-14,2023,https://www.foxnews.com/lifestyle/what-huggy-wuggy-toy-popping-sale-streets-nyc.print,starter
European countries develop new ways to tackle domestic violence during coronavirus lockdowns,NBC,2020-04-03,2020,https://www.nbcnews.com/news/world/european-countries-develop-new-ways-tackle-domestic-violence-during-coronavirus-n1174301,starter
Police raid Andrew Tate’s home in Romania as new allegations emerge involving minors,NBC,2024-08-21,2024,https://www.nbcnews.com/news/world/andrew-tate-influencer-home-raided-romania-rape-human-trafficking-rcna167502,starter
'God help us': Displaced Gazans who fled bombardment now face health crisis in a makeshift tent city,NBC,2023-12-13,2023,https://www.nbcnews.com/news/world/israel-hamas-war-gaza-tent-city-rafah-bombardment-sheets-buckets-rcna129543,starter
Hilary Duff lands ‘How I Met Your Father’ series sequel role for Hulu,FoxNews,2021-04-21,2021,https://www.foxnews.com/entertainment/hilary-duff-how-i-met-your-father-series-sequel-hulu,starter
Explainer: How did the latest Israeli-Palestinian crisis emerge?,NBC,2021-05-15,2021,https://www.nbcnews.com/news/world/explainer-how-did-latest-israeli-palestinian-crisis-emerge-n1267399,starter
Russia transfers heavy military equipment to Crimea as fighting intensifies in Donetsk,FoxNews,2022-08-27,2022,https://www.foxnews.com/world/russia-transfers-heavy-military-equipment-crimea-fighting-intensifies-donetsk,starter
Coalition aims to put abortion rights on Florida's 2024 ballot,NBC,2023-05-05,2023,https://www.nbcnews.com/politics/politics-news/abortion-civil-rights-groups-aim-put-abortion-floridas-2024-ballot-rcna83081,starter
"After Clarence Thomas questioned Jack Smith’s appointment as special counsel, will others follow?",NBC,2024-07-15,2024,https://www.nbcnews.com/politics/supreme-court/clarence-thomas-opinion-jack-smith-appointed-special-counsel-rcna161975,starter
Secret Service Director Kimberly Cheatle steps down amid resignation calls after Trump assassination attempt,NBC,2024-07-23,2024,https://www.nbcnews.com/politics/national-security/secret-service-director-step-resignation-calls-trump-assassination-att-rcna163222,starter
Appeals court rejects Mark Meadows’ bid to move his Georgia case out of state court,NBC,2023-12-18,2023,https://www.nbcnews.com/politics/politics-news/appeals-court-rejects-mark-meadows-bid-move-georgia-case-state-court-rcna130058,starter
Federal judge sets Trump trial date in election interference case,NBC,2023-08-28,2023,https://www.nbcnews.com/politics/donald-trump/federal-judge-set-trump-trial-date-election-interference-case-rcna101669,starter
Abortion rights groups seek ballot measures in 9 states in 2024,NBC,2023-11-22,2023,https://www.nbcnews.com/politics/2024-election/abortion-rights-groups-seek-ballot-measures-9-states-2024-rcna125177,starter
Two women with heart disease had to fight for a diagnosis. Here’s how they advocated for their health,FoxNews,2024-02-05,2024,https://www.foxnews.com/health/two-women-heart-disease-had-fight-diagnosis-they-advocated-health,starter
iOS 18: Maximize your privacy by turning off these iPhone settings now,FoxNews,2024-10-17,2024,https://www.foxnews.com/tech/ios-18-maximize-your-privacy-turning-off-iphone-settings-now.print,starter
"North Korea calls South Korea a ‘hostile state,’ indicating constitution change",NBC,2024-10-17,2024,https://www.nbcnews.com/news/world/north-korea-calls-south-korea-hostile-state-constitution-change-rcna175865,starter
CBS tarred and feathered for admitting existence of Hunter Biden’s laptop two years after New York Post report,FoxNews,2022-11-22,2022,https://www.foxnews.com/media/cbs-tarred-feathered-admitting-existence-hunter-bidens-laptop-two-years-after-new-york-post-report,starter
Assassination expert says Trump had ‘triple the Secret Service’ JFK had and still came an inch from death,FoxNews,2024-07-22,2024,https://www.foxnews.com/media/assassination-expert-trump-triple-secret-service-jfk-still-came-inch-death,starter
"Congress to get enhanced security for Jan. 6, 2025, electoral vote count",NBC,2024-09-12,2024,https://www.nbcnews.com/politics/congress/congress-get-enhanced-security-jan-6-2025-electoral-vote-count-rcna170747,starter
Moms for Liberty takes center stage again in 2024 Republican presidential race,FoxNews,2023-09-06,2023,https://www.foxnews.com/politics/moms-for-liberty-takes-center-stage-again-2024-republican-presidential-race.print,starter
"On this day in history, October 16, 1978, Pope John Paul II of Poland is elected head of Catholic Church",FoxNews,2024-10-16,2024,https://www.foxnews.com/lifestyle/this-day-history-october-16-1978-pope-john-paul-ii-poland-elected-catholic-church.print,starter
8 best eco-friendly products of 2021: Staff picks and favorites,NBC,2021-04-19,2021,https://www.nbcnews.com/shopping/eco-friendly/favorite-eco-friendly-products-n1264537,starter
"9 Best Sunscreens for Kids in 2026, According to Dermatologists",NBC,2019-06-22,2019,https://www.nbcnews.com/select/shopping/best-sunscreens-kids-according-dermatologists-ncna1019866,starter
"6 best mattresses for side sleepers, according to chiropractors",NBC,2024-07-24,2024,https://www.nbcnews.com/select/shopping/best-mattresses-side-sleepers-rcna163394,starter
"Meet the American who first recorded the blues, nation's original pop diva Mamie Smith",FoxNews,2023-01-20,2023,https://www.foxnews.com/lifestyle/meet-the-american-who-first-recorded-blues-nations-original-pop-diva-mamie-smith,starter
DeSantis asks students to remove masks that he says are 'doing nothing',NBC,2022-03-02,2022,https://www.nbcnews.com/politics/politics-news/desantis-asks-students-remove-masks-he-says-are-doing-nothing-n1290693,starter
FLASHBACK: See how Kamala Harris answered when she was confronted in 2020 as 'the most liberal senator',FoxNews,2024-07-25,2024,https://www.foxnews.com/media/flashback-see-how-kamala-harris-answered-when-she-confronted-2020-the-most-liberal-senator,starter
"Aging speeds up 'massively' at two points in one's lifetime, Stanford study finds: ‘Abrupt changes’",FoxNews,2024-09-13,2024,https://www.foxnews.com/health/aging-speeds-massively-two-points-lifetime-stanford-study-finds-abrupt-changes.print,starter
"Overdose death rate increased by 30% in 2020, a 'staggering' rise",NBC,2022-07-19,2022,https://www.nbcnews.com/health/health-news/overdose-death-rate-increased-30-2020-staggering-rise-rcna38756,starter
"One Direction members 'devastated by' Liam Payne’s death, say they 'will miss him terribly'",FoxNews,2024-10-17,2024,https://www.foxnews.com/entertainment/one-direction-devastated-by-liam-paynes-death-say-will-miss-him-terribly,starter
Fix autocorrect if it’s driving you ducking crazy,FoxNews,2024-04-15,2024,https://www.foxnews.com/tech/fix-autocorrect-driving-you-ducking-crazy,starter
"Trump's 2024 plan: Win Iowa by double digits, wrap up the nomination by March",NBC,2023-12-19,2023,https://www.nbcnews.com/politics/2024-election/trumps-2024-plan-win-iowa-double-digits-wrap-nomination-march-rcna130464,starter
"Harris finally adds policy page to campaign website, devotes several sections to Trump",FoxNews,2024-09-09,2024,https://www.foxnews.com/politics/harris-finally-adds-policy-page-campaign-website-devotes-several-sections-trump,starter
Dems look to force votes on emergency abortion as abortion pill deaths make headlines,FoxNews,2024-09-24,2024,https://www.foxnews.com/politics/dems-look-force-votes-emergency-abortion-abortion-pill-deaths-make-headlines,starter
Guardians closer Emmanuel Clase shows off accolades right after blowing save to Yankees in ALCS,FoxNews,2024-10-18,2024,https://www.foxnews.com/sports/guardians-closer-emmanuel-clase-shows-off-accolades-right-after-blowing-save-yankees-alcs.print,starter
Dozens killed in Israeli operation to target two Hamas officials,NBC,2024-07-13,2024,https://www.nbcnews.com/news/world/dozens-killed-israel-strikes-al-mawasi-hamas-mohamed-deif-rcna161692,starter
"On this day in history, September 17, 1937, Abraham Lincoln carving is officially dedicated at Mount Rushmore",FoxNews,2024-09-17,2024,https://www.foxnews.com/lifestyle/this-day-history-september-17-1937-abraham-lincoln-carving-officially-dedicated-mount-rushmore,starter
Kanye West implies he plans to vote for Donald Trump in 2020,NBC,2020-04-16,2020,https://www.nbcnews.com/news/us-news/kanye-west-implies-he-plans-vote-donald-trump-2020-n1185346,starter
Charles Barkley's CNN show continues struggling as comments targeting Black Trump voters ignite backlash,FoxNews,2024-03-08,2024,https://www.foxnews.com/media/charles-barkleys-cnn-show-continues-struggling-comments-targeting-black-trump-voters-ignite-backlash,starter
Trump and Harris clashed over tariffs at the debate. Here's how they affect your wallet.,NBC,2024-09-13,2024,https://www.nbcnews.com/business/economy/tariffs-vs-tax-breaks-how-trump-harris-proposals-compare-rcna170881,starter
U.N. Security Council passes Gaza cease-fire proposal drafted by the U.S.,NBC,2024-06-10,2024,https://www.nbcnews.com/news/us-news/us-calls-un-security-council-vote-cease-fire-proposal-gaza-rcna156373,starter
Anti-Israel Yale protesters joining Columbia students in 'tear down our society' Ivy League movement: Law prof,FoxNews,2024-04-20,2024,https://www.foxnews.com/us/anti-israel-yale-protesters-joining-columbia-students-in-tear-down-our-society-ivy-league-movement-law-prof,starter
GOP recruits poll monitors from suburban areas to monitor the vote in Democratic cities,NBC,2024-06-29,2024,https://www.nbcnews.com/politics/2024-election/gop-poll-monitors-suburbs-democratic-cities-rcna159059,starter
"Ohio mother hopes for a cure to save her son, 8, from rare, fatal disease: ‘Gut-wrenching’",FoxNews,2024-01-24,2024,https://www.foxnews.com/health/ohio-mother-hopes-cure-save-son-rare-fatal-disease-gut-wrenching,starter
India denies role in Sikh activist’s killing in Canada,NBC,2023-09-19,2023,https://www.nbcnews.com/news/world/canada-india-killing-sikh-activist-hardeep-singh-nijjar-rcna105749,starter
"As death toll mounts in Gaza, veterans of past negotiations weigh in on possibilities for peace",NBC,2023-12-31,2023,https://www.nbcnews.com/news/world/israel-hamas-war-gaza-death-toll-peace-negotiations-veterans-rcna131271,starter
"Meet the American who founded Pepperidge Farm, baker and businessmom Margaret Rudkin",FoxNews,2024-07-17,2024,https://www.foxnews.com/lifestyle/meet-american-who-founded-pepperidge-farm.print,starter
"Biden admin coordinated with liberal dark money behemoth on 'transforming food system,' emails show",FoxNews,2023-05-16,2023,https://www.foxnews.com/politics/biden-admin-coordinated-liberal-dark-money-behemoth-transforming-food-system-emails-show,starter
Atlanta-area spa shooter convicted in 4 deaths pleads not guilty to 4 more killings on the same day,NBC,2021-09-28,2021,https://www.nbcnews.com/news/us-news/accused-atlanta-area-spa-shooter-pleads-not-guilty-killing-4-n1280232,starter
Intel community escapes major criticism by Jan. 6 committee for missing 'foreseeable' Capitol violence,NBC,2022-12-23,2022,https://www.nbcnews.com/politics/justice-department/intel-community-escapes-major-criticism-jan-6-committee-missing-forese-rcna62628,starter
"Charlamagne Tha God praises Trump ad on Harris supporting funding migrant, inmate sex changes: 'That was nuts'",FoxNews,2024-10-03,2024,https://www.foxnews.com/media/charlamagne-tha-god-praises-trump-ad-harris-supporting-funding-migrant-inmate-sex-changes-that-nuts.print,starter
17 best Amazon travel mugs that keep coffee hot,NBC,2023-09-11,2023,https://www.nbcnews.com/select/shopping/best-amazon-travel-mugs-rcna104393,starter
Supreme Court rules in favor of Colorado graphic designer who refused to create same-sex wedding websites,FoxNews,2023-06-30,2023,https://www.foxnews.com/politics/supreme-court-rules-favor-colorado-graphic-designer-refused-create-same-sex-wedding-websites,starter
How Nebraska could shake up the presidential map: From the Politics Desk,NBC,2024-04-03,2024,https://www.nbcnews.com/politics/nebraska-2024-presidential-map-politics-desk-rcna146257,starter
2023 was a massive year in the Jan. 6 probe. 2024 will be even bigger.,NBC,2024-01-06,2024,https://www.nbcnews.com/politics/justice-department/jan-6-anniversary-donald-trump-trial-2024-election-rcna132466,starter
Pennsylvania leaders in both parties talk ground game as GOP seeks to undo Dem gains: 'Massive shift',FoxNews,2024-09-29,2024,https://www.foxnews.com/politics/pennsylvania-leaders-talk-very-exciting-ground-game-gop-seeks-undo-dem-gains-a-massive-shift,starter
"Biden's latest border order may embolden migrants to flout immigration laws, commit marriage fraud",FoxNews,2024-06-20,2024,https://www.foxnews.com/politics/bidens-latest-border-order-may-embolden-migrants-flout-immigration-laws-commit-marriage-fraud,starter
"Trump chats with Musk in lengthy, overarching interview as Harris continues snubbing media",FoxNews,2024-08-12,2024,https://www.foxnews.com/politics/trump-chats-musk-overarching-interview-harris-continues-snubbing-media,starter
Grand Ole Opry honors US military at Salute the Troops event ahead of Memorial Day,FoxNews,2022-05-26,2022,https://www.foxnews.com/lifestyle/grand-ole-opry-us-military-salute-troops-memorial-day,starter
Ellen DeGeneres has osteoporosis: Here's what to know about the painful bone condition,FoxNews,2024-09-30,2024,https://www.foxnews.com/health/ellen-degeneres-osteoporosis-heres-what-know-painful-bone-condition.print,starter
Elon Musk declares 'CNN is dying' in Don Lemon spat as network languishes in ratings,FoxNews,2024-03-15,2024,https://www.foxnews.com/media/elon-musk-declares-cnn-dying-don-lemon-spat-network-languishes-ratings,starter
National POW/MIA Recognition Day reminds Americans of 'nobility' of war heroes and the need to do better,FoxNews,2023-09-15,2023,https://www.foxnews.com/lifestyle/national-pow-mia-recognition-day-reminds-americans-nobility-war-heroes-ongoing-need-do-better.print,starter
Acting Secret Service director responds to critical new report about security failures,NBC,2024-10-17,2024,https://www.nbcnews.com/politics/politics-news/acting-secret-service-director-responds-critical-new-report-security-f-rcna175952,starter
Republicans probe CCP-tied nonprofit funneling money to US eco groups,FoxNews,2024-01-29,2024,https://www.foxnews.com/politics/republicans-probe-ccp-tied-nonprofit-funneling-money-us-eco-groups,starter
"Arizona grandma, man she mistakenly texted, to share Thanksgiving for 7th straight year since 2016",FoxNews,2022-11-24,2022,https://www.foxnews.com/lifestyle/arizona-grandma-man-she-mistakenly-texted-share-thanksgiving-7th-straight-year-since-2016,starter
"Trump risks losing some pro-life voters unless he changes 'his tune' on abortion, activist warns",FoxNews,2024-08-28,2024,https://www.foxnews.com/politics/trump-risks-losing-some-pro-life-voters-unless-he-changes-his-tune-abortion-activist-warns,starter
How Catherine Cortez Masto clinched the Nevada seat — and the Senate,NBC,2022-11-13,2022,https://www.nbcnews.com/politics/2022-election/catherine-cortez-masto-clinched-nevada-seat-senate-rcna56964,starter
"Armed man arrested on suspicion of threatening FEMA workers, authorities say",NBC,2024-10-14,2024,https://www.nbcnews.com/tech/misinformation/armed-north-carolina-man-arrested-suspicion-making-threats-fema-worker-rcna175287,starter
'I tell the truth': Trump says he'll testify at hush money trial as judge rejects last minute plea,FoxNews,2024-04-12,2024,https://www.foxnews.com/politics/trump-says-hell-testify-at-nyc-hush-money-trial-i-tell-the-truth,starter
FBI arrests Jan. 6 rioter who confessed in front of courthouse,NBC,2023-08-17,2023,https://www.nbcnews.com/politics/justice-department/fbi-arrests-jan-6-rioter-confessed-front-courthouse-rcna100455,starter
"Surfing stunner: Woman wakesurfs on lake in high heels, sips coffee, reads while 'on board'",FoxNews,2022-10-17,2022,https://www.foxnews.com/lifestyle/surfing-stunner-woman-wakesurfs-lake-heels-coffee-reads-board.print,starter
"Political analyst: New polls show Harris 'not ahead' of Trump, campaign could be in ‘scary place’ soon",FoxNews,2024-08-29,2024,https://www.foxnews.com/media/political-analyst-new-polls-show-harris-not-ahead-trump-campaign-could-scary-place-soon,starter
Randi Weingarten angrily claims Pompeo 'hurting kids' with attacks on her,FoxNews,2022-11-23,2022,https://www.foxnews.com/media/randi-weingarten-angrily-claims-pompeo-hurting-kids-attacks,starter
Meghan McCain blames hostile ‘View’ colleagues for her exit in emotional memoir,FoxNews,2021-10-19,2021,https://www.foxnews.com/media/meghan-mccain-hostile-view-emotional-memoir,starter
"Helene rainfall boosted by human-driven climate change, studies find",NBC,2024-10-02,2024,https://www.nbcnews.com/science/environment/helene-rainfall-boosted-human-driven-climate-change-studies-find-rcna173608,starter
"On this day in history, April 2, 2005, Pope John Paul II dies at age 84",FoxNews,2024-04-02,2024,https://www.foxnews.com/lifestyle/this-day-history-april-2-2005-pope-john-paul-ii-dies-age-84,starter
Two immigration moves underscore the issue’s 2024 potency: From the Politics Desk,NBC,2024-06-04,2024,https://www.nbcnews.com/politics/two-immigration-moves-underscore-2024-potency-politics-desk-rcna155492,starter
"AI gives Russia, China new tools to sow division in the U.S., undermine America's image, intel agencies say",NBC,2024-03-11,2024,https://www.nbcnews.com/politics/national-security/china-russia-ai-divide-us-society-undermine-us-elections-power-rcna142880,starter
A death row inmate wrestled with guilt and addiction before his execution,NBC,2024-10-18,2024,https://www.nbcnews.com/news/us-news/death-row-inmate-wrestled-guilt-addiction-execution-rcna175749,starter
Border Patrol agents nab a dozen people on terror watchlist at southern border in August,FoxNews,2022-09-20,2022,https://www.foxnews.com/politics/border-patrol-agents-nab-dozen-suspected-terrorists-southern-border-august,starter
Apalachee High School shooting victims identified as details emerge about student suspect,FoxNews,2026-01-14,2026,https://www.foxnews.com/live-news/georgia-school-shooting-september-5-2024,starter
Best and worst foods for people with diabetes to maintain good health,FoxNews,2024-07-05,2024,https://www.foxnews.com/food-drink/best-worst-foods-people-diabetes-maintain-good-health,starter
Israel says it wants to destroy Hamas. But who would govern Gaza after that?,NBC,2023-10-18,2023,https://www.nbcnews.com/politics/national-security/israel-destroy-hamas-who-will-govern-gaza-rcna120766,starter
"In connecting Chinese adoptees to birth families, couple makes discovery about China's one-child policy",NBC,2020-03-30,2020,https://www.nbcnews.com/news/asian-america/connecting-chinese-adoptees-birth-families-couple-makes-discovery-about-china-n1172301,starter
U.S. and China take cautious steps to repair ties,NBC,2023-08-31,2023,https://www.nbcnews.com/news/world/us-china-gina-raimondo-economy-rcna102507,starter
"American father of Hamas hostage Itay Chen pushes US, Israel on ‘Plan B’ as negotiations falter",FoxNews,2024-10-07,2024,https://www.foxnews.com/world/american-father-hamas-hostage-itay-chen-pushes-us-israel-plan-b-negotiations-falter.print,starter
Paul Batura: Dick Hoyt's death – famed Boston Marathon runner and father lovingly pushed his son to greatness,FoxNews,2021-03-18,2021,https://www.foxnews.com/opinion/dick-hoyt-death-boston-marathon-runner-father-son-paul-batura,starter
Sleep through the night with these 5 viral bedroom finds,FoxNews,2024-09-25,2024,https://www.foxnews.com/lifestyle/sleep-better-bed-viral-finds,starter
Vivek Ramaswamy takes center stage at the Republican debate,NBC,2023-08-24,2023,https://www.nbcnews.com/politics/2024-election/vivek-ramaswamy-center-stage-republican-presidential-debate-rcna101538,starter
"Trump briefed about ongoing Iranian threats to assassinate him, campaign says",NBC,2024-09-25,2024,https://www.nbcnews.com/politics/donald-trump/trump-briefed-ongoing-iranian-threats-assassinate-campaign-says-rcna172588,starter
"Third parties are like 'cockroaches in the kitchen,' former Clinton adviser says: 'Foul it up' for Biden",FoxNews,2024-03-26,2024,https://www.foxnews.com/media/third-parties-like-cockroaches-kitchen-former-clinton-adviser-says-foul-it-up-biden,starter
7 Best Vegetarian and Vegan Meal Delivery Services of 2026,NBC,2022-09-20,2022,https://www.nbcnews.com/select/shopping/best-vegetarian-vegan-meal-delivery-ncna1298934,starter
Hurricane Helene: FOX Weather meteorologist rescues woman from car during live shot as floodwaters rise,FoxNews,2024-09-27,2024,https://www.foxnews.com/media/hurricane-helene-fox-weather-meteorologist-rescues-woman-from-car-live-shot-floodwaters-rise,starter
St. Patrick's Day: The history behind the holiday in the United States,FoxNews,2021-03-17,2021,https://www.foxnews.com/lifestyle/st-patricks-day-origins-beyond-drowning-the-shamrock,starter
Justice Department sues Alabama over effort to purge voter rolls within 90 days of election,NBC,2024-09-28,2024,https://www.nbcnews.com/politics/2024-election/justice-department-sues-alabama-effort-purge-voter-rolls-90-days-elect-rcna173107,starter
"Trump takes jabs at Harris during keynote at Al Smith dinner, vows to correct 'serious problems' in US",FoxNews,2024-10-17,2024,https://www.foxnews.com/politics/trump-headline-sold-out-al-smith-charity-dinner-harris-sends-pre-recorded-video-message.print,starter
Congress passes bill to boost presidential candidate security after apparent attempt on Trump's life,NBC,2024-09-24,2024,https://www.nbcnews.com/politics/congress/congress-passes-bill-boost-secret-service-presidential-security-rcna172564,starter
"Kamala rides tsunami of positive press, but skeptics see a risky choice",FoxNews,2024-07-24,2024,https://www.foxnews.com/politics/kamala-rides-tsunami-positive-press-skeptics-see-risky-choice,starter
PRO Act gains socialist support: The Democratic bill that would crush right-to-work laws,FoxNews,2021-03-08,2021,https://www.foxnews.com/politics/house-democrats-pro-act-right-to-work-california-ab5,starter
Harris dodges question on lowering prices by describing 'middle-class' roots: Neighbors 'proud of their lawn',FoxNews,2024-09-13,2024,https://www.foxnews.com/media/harris-dodges-question-lowering-prices-describing-middle-class-roots-neighbors-proud-lawn.print,starter
'Star Wars' actress Carrie Fisher honored with star on Hollywood Walk of Fame amid family drama,FoxNews,2023-05-04,2023,https://www.foxnews.com/entertainment/star-wars-actress-carrie-fisher-honored-star-hollywood-walk-of-fame-amid-family-drama,starter
Biden ripped for gun control speech hours after Hunter's firearm conviction: 'We live in clown world',FoxNews,2024-06-12,2024,https://www.foxnews.com/media/biden-ripped-gun-control-speech-hours-after-hunters-firearm-conviction-we-live-clown-world,starter
Fitness class too loud? What to know about protecting your hearing health,FoxNews,2024-03-13,2024,https://www.foxnews.com/health/fitness-class-too-loud-know-protecting-hearing-health,starter
Kamala Harris campaign office damaged by gunfire in Arizona,NBC,2024-09-24,2024,https://www.nbcnews.com/politics/2024-election/harris-campaign-office-damaged-gunfire-arizona-rcna172463,starter
"These 6 power foods can prevent cancer, according to various health experts",FoxNews,2022-04-04,2022,https://www.foxnews.com/lifestyle/power-foods-help-prevent-cancer,starter
Colorado Supreme Court dismisses lawsuit against Christian baker who refused to bake trans cake,FoxNews,2024-10-09,2024,https://www.foxnews.com/politics/colorado-supreme-court-dismisses-lawsuit-against-christian-baker-who-refused-bake-trans-cake,starter
"Trump fan who assaulted police with Trump flag, billboard on Jan. 6 gets over 3.5 years in prison",NBC,2022-08-26,2022,https://www.nbcnews.com/politics/justice-department/trump-fan-assaulted-capitol-cops-trump-flag-billboard-jan-6-gets-priso-rcna44988,starter
"Bruce Willis, Demi Moore avoided doing one thing while co-parenting, daughter says",FoxNews,2024-10-18,2024,https://www.foxnews.com/entertainment/bruce-willis-demi-moore-avoided-doing-one-thing-while-co-parenting-daughter-says,starter
Poland's capital Warsaw earmarks $30 million for bomb shelters and other security,NBC,2024-03-13,2024,https://www.nbcnews.com/news/world/russia-ukraine-war-poland-warsaw-bomb-shelters-rcna143161,starter
Sean Payton's Broncos take advantage of depleted Saints roster in head coach's return to New Orleans,FoxNews,2024-10-18,2024,https://www.foxnews.com/sports/sean-paytons-broncos-take-advantage-depleted-saints-roster-head-coachs-return-new-orleans,starter
Tensions allegedly rise between Biden White House and Harris campaign: 'Too much in their feelings',FoxNews,2024-10-14,2024,https://www.foxnews.com/media/tensions-allegedly-rise-between-biden-white-house-harris-campaign-too-much-feelings,starter
Israel-Hamas war discourse shows the increasingly fraught nature of online speech,NBC,2023-10-11,2023,https://www.nbcnews.com/tech/internet/israel-hamas-war-discourse-fraught-nature-online-speech-rcna119589,starter
FBI SWAT team on the hunt for ex-National Guardsman wanted on Jan. 6 charges,NBC,2023-11-08,2023,https://www.nbcnews.com/politics/justice-department/fbi-swat-team-hunt-ex-national-guardsman-wanted-jan-6-charges-rcna124196,starter
Palestinians forced to flee Rafah as Gazans mark bitter Nakba anniversary,NBC,2024-05-15,2024,https://www.nbcnews.com/news/world/israel-hamas-war-palestinians-gaza-rafah-nakba-anniversary-rcna152314,starter
"Father created a drug to save his son from a rare disease, now other families are desperate to get it",FoxNews,2024-09-02,2024,https://www.foxnews.com/health/father-created-drug-save-his-son-from-rare-disease-now-other-families-desperate-get.print,starter
Dems plan to revive border bill rejected by Republicans ahead of November election,FoxNews,2024-05-13,2024,https://www.foxnews.com/politics/dems-plan-revive-border-bill-rejected-republicans-november-election,starter
U.S. and Israel launch a massive joint military exercise to send a message to Iran and others,NBC,2023-01-23,2023,https://www.nbcnews.com/politics/national-security/us-israel-joint-military-exercise-message-iran-rcna66927,starter
Nebraska Supreme Court rules convicted felons who completed their sentences can vote,NBC,2024-10-16,2024,https://www.nbcnews.com/politics/2024-election/nebraska-supreme-court-rules-convicted-felons-completed-sentences-can-rcna175676,starter
Netanyahu lashes out at U.N. and defends Israel's actions in Gaza and Lebanon,NBC,2024-09-27,2024,https://www.nbcnews.com/news/world/netanyahu-un-israel-antisemitism-gaza-lebanon-hezbollah-rcna172977,starter
Jack Carr's take on the 1983 Beirut Marine barracks terror attack 40 years ago: 'Opening salvo in a new war',FoxNews,2023-10-23,2023,https://www.foxnews.com/lifestyle/jack-carrs-take-1983-beirut-marine-barracks-terror-40-years-salvo-war,starter
Republicans up the personal attacks on Biden and his family,NBC,2023-07-23,2023,https://www.nbcnews.com/politics/joe-biden/republicans-personal-attacks-biden-family-granddaughter-grandkid-rcna95667,starter
D.C. police officer’s suicide after Jan. 6 riot declared line-of-duty death,NBC,2022-03-10,2022,https://www.nbcnews.com/politics/politics-news/dc-police-officer-died-suicide-jan-6-riot-declared-line-duty-death-rcna19433,starter
"India's alleged interference in Canada was 'a horrific mistake,' Trudeau says",NBC,2024-10-17,2024,https://www.nbcnews.com/news/world/indias-alleged-interference-canada-was-horrific-mistake-trudeau-says-rcna175863,starter
‘One of the most violent’ Jan. 6 rioters receives a 20-year prison sentence,NBC,2024-08-09,2024,https://www.nbcnews.com/politics/justice-department/doj-wants-21-years-trump-supporter-viciously-assaulted-officers-jan-6-rcna165209,starter
Breaking into Trump shooter’s cellphone complicated by modern technology: expert,FoxNews,2024-07-15,2024,https://www.foxnews.com/us/breaking-into-trump-shooters-cellphone-complicated-modern-technology-expert,starter
"World War II heroes, ages 100 and 98, fought in Battle of the Bulge, now are grand marshals of Philly parade",FoxNews,2023-11-05,2023,https://www.foxnews.com/lifestyle/world-war-ii-heroes-ages-100-98-fought-battle-bulge-grand-marshals-philly-parade,starter
"Hurricane Helene was wetter and windier due to climate change, report finds",NBC,2024-10-09,2024,https://www.nbcnews.com/science/climate-change/hurricane-helene-milton-climate-change-wetter-windier-rcna174347,starter
"Trump announces aid for Puerto Rico, infusing politics in an apparent play for Florida voters",NBC,2020-09-18,2020,https://www.nbcnews.com/politics/white-house/trump-announces-aid-puerto-rico-infusing-politics-apparent-play-florida-n1240491,starter
Hamas leader Ismail Haniyeh says 3 of his sons were killed in an Israeli airstrike in Gaza,NBC,2024-04-10,2024,https://www.nbcnews.com/news/world/hamas-leader-ismail-haniyeh-sons-killed-israeli-airstrike-gaza-rcna147200,starter
"Cindy Williams, 'Laverne & Shirley' actress, dead at 75",FoxNews,2023-01-30,2023,https://www.foxnews.com/entertainment/cindy-williams-laverne-shirley-actress-dead-75,starter
HBO's 'The Last of Us' adaptation is a milestone for LGBTQ gamers,NBC,2023-01-30,2023,https://www.nbcnews.com/nbc-out/out-pop-culture/hbos-last-us-adaptation-milestone-lgbtq-gamers-rcna67082,starter
"13 Best Body Washes for Sensitive Skin, According to Experts",NBC,2026-01-02,2026,https://www.nbcnews.com/select/shopping/body-wash-sensitive-skin-rcna126240,starter
Biden warned about 'meddling' in Israeli politics after intel report says Netanyahu's leadership 'in jeopardy',FoxNews,2024-03-13,2024,https://www.foxnews.com/world/biden-warned-meddling-israeli-politics-intel-report-says-netanyahus-leadership-jeopardy,starter
"Russia, Iran and China are using AI in election interference efforts, U.S. intelligence officials say",NBC,2024-09-24,2024,https://www.nbcnews.com/tech/security/russia-iran-china-are-using-ai-election-interference-efforts-us-intell-rcna172476,starter
Oath Keepers Jan. 6 seditious conspiracy trial: jury begins deliberating verdict,NBC,2022-11-21,2022,https://www.nbcnews.com/politics/justice-department/oath-keepers-jan-6-seditious-conspiracy-trial-jury-begins-deliberating-rcna58070,starter
Nicholas Sparks' chicken salad recipe leaves fans upset over secret ingredient: 'Gone too far',FoxNews,2024-10-01,2024,https://www.foxnews.com/food-drink/nicholas-sparks-chicken-salad-recipe-leaves-fans-upset-secret-ingredient-gone-too-far,starter
"Biden blasts Alabama Supreme Court's IVF ruling as Harris, campaign blame Trump",NBC,2024-02-22,2024,https://www.nbcnews.com/politics/2024-election/biden-campaign-blames-trump-alabama-supreme-courts-ivf-ruling-rcna139984,starter
Baltimore Key Bridge collapse: Cargo ship that caused disaster had 2 power failures before departure,FoxNews,2024-05-14,2024,https://www.foxnews.com/us/baltimore-key-bridge-collapse-cargo-ship-caused-disaster-2-power-failures-before-departure.print,starter
Bruce Willis' daughter Tallulah gives update on his 'painful' dementia battle,FoxNews,2024-08-29,2024,https://www.foxnews.com/entertainment/bruce-willis-daughter-tallulah-update-painful-dementia-battle.print,starter
Politico alters headline calling Kamala Harris' support for banning fracking a 'Trump accusation',FoxNews,2024-07-29,2024,https://www.foxnews.com/media/politico-alters-headline-calling-kamala-harris-support-banning-fracking-trump-accusation,starter
Laken Riley Act sponsor blasts Bill Clinton's claim about Georgia student's death,FoxNews,2024-10-16,2024,https://www.foxnews.com/politics/laken-riley-act-sponsor-blasts-bill-clintons-claim-about-georgia-students-death.print,starter
Republican Sam Brown swings away in Nevada Senate debate amid polling deficit,NBC,2024-10-18,2024,https://www.nbcnews.com/politics/2024-election/republican-sam-brown-swings-away-nevada-senate-debate-polling-deficit-rcna175967,starter
Grand Ole Opry celebrates America — and now it's coming back strong,FoxNews,2022-05-28,2022,https://www.foxnews.com/lifestyle/grand-ole-opry-america-strong,starter
Demi Moore says ex Bruce Willis is in 'stable' health as he battles dementia,FoxNews,2024-10-14,2024,https://www.foxnews.com/entertainment/demi-moore-says-ex-bruce-willis-stable-health-he-battles-dementia,starter
"As malnutrition deaths are reported and hunger grows, will 'famine' be declared in Gaza?",NBC,2024-03-06,2024,https://www.nbcnews.com/news/world/famine-gaza-hunger-israel-hamas-war-rcna141891,starter
"Justices claim immunity ruling allows presidents to poison staff, have Navy SEALs kill political rivals",FoxNews,2024-07-01,2024,https://www.foxnews.com/politics/justices-claim-immunity-ruling-allows-presidents-poison-staffers-have-navy-seals-kill-political-rivals,starter
"China reports third-quarter GDP growth of 4.6%, slightly beating expectations",NBC,2024-10-18,2024,https://www.nbcnews.com/news/world/china-reports-third-quarter-gdp-growth-46-slightly-beating-expectation-rcna176047,starter
CNN's Brian Stelter forced to address Cuomo sex scandal after network delayed coverage of first accuser,FoxNews,2021-02-28,2021,https://www.foxnews.com/media/cnn-brian-stelter-andrew-cuomo-sexual-harassment-scandal,starter
Iran election: Islamic Republic votes to replace late President Raisi,NBC,2024-06-28,2024,https://www.nbcnews.com/news/world/iran-election-votes-president-raisi-rcna159399,starter
Pelosi gushes about warm relationship with Bush family amid Biden turmoil,FoxNews,2024-08-11,2024,https://www.foxnews.com/politics/pelosi-beams-about-warm-relationship-bush-family-amid-biden-turmoil,starter
11 best video games for beginners,NBC,2023-03-06,2023,https://www.nbcnews.com/select/shopping/best-video-games-beginners-ncna1303300,starter
"My parents were kidnapped by Hamas. They are not a footnote to Gaza war, they are its essence",FoxNews,2023-11-20,2023,https://www.foxnews.com/opinion/parents-kidnapped-hamas-they-footnote-gaza-war-they-essence,starter
Trump boasts of 'genius' ability to 'weave' during rally speeches: 'I don't ramble',FoxNews,2024-10-10,2024,https://www.foxnews.com/media/trump-boasts-ability-weave-rally-speeches-denies-critics-who-say-he-rambles.print,starter
"US Navy looks to robots, AI to extend vessel health and maintenance",FoxNews,2024-10-11,2024,https://www.foxnews.com/world/us-navy-looks-robots-ai-extend-vessel-health-maintenance,starter
Trump announces Ohio Sen JD Vance as his 2024 running mate,FoxNews,2024-07-15,2024,https://www.foxnews.com/politics/trump-announces-ohio-senator-j-d-vance-his-2024-running-mate,starter
"Black men shift slightly toward Trump in record numbers, polls show",NBC,2020-11-04,2020,https://www.nbcnews.com/news/nbcblk/black-men-drifted-democrats-toward-trump-record-numbers-polls-show-n1246447,starter
"24 best Valentine's Day chocolates, candies and desserts 2024",NBC,2023-01-31,2023,https://www.nbcnews.com/select/shopping/best-valentines-day-candy-chocolates-desserts-ncna1302587,starter
Former President Trump launches 2024 presidential campaign,NBC,2022-11-15,2022,https://www.nbcnews.com/politics/donald-trump/trump-announce-president-2024-rcna36987,starter
"On this day in history, September 21, 1780, Benedict Arnold betrays cause of American independence",FoxNews,2024-09-21,2024,https://www.foxnews.com/lifestyle/this-day-history-sept-21-1780-benedict-arnold-betrays-cause-american-independence.print,starter
Prosecutor sues Los Angeles DA for retaliation after he was punished for 'misgendering' child predator,FoxNews,2024-08-13,2024,https://www.foxnews.com/us/prosecutor-sues-los-angeles-da-retaliation-after-he-punished-misgendering-child-predator,starter
Lori Loughlin's college admissions scandal case: Everything to know about it,FoxNews,2020-08-20,2020,https://www.foxnews.com/entertainment/lori-loughlin-college-admissions-scandal-case,starter
White House condemns university presidents after contentious congressional hearing on antisemitism,NBC,2023-12-06,2023,https://www.nbcnews.com/politics/white-house/white-house-condemns-university-presidents-contentious-congressional-h-rcna128373,starter
12 best Father's Day grilling gifts in 2022,NBC,2020-05-28,2020,https://www.nbcnews.com/select/shopping/best-fathers-day-grilling-gifts-ncna1214766,starter
Rock & Roll Hall of Fame Foundation moves forward with Dolly Parton's nomination despite icon's opposition,FoxNews,2022-03-17,2022,https://www.foxnews.com/entertainment/rock-roll-hall-fame-foundation-moves-forward-dolly-parton-nomination,starter
21+ Best Secret Santa and White Elephant Gifts for 2024,NBC,2024-11-22,2024,https://www.nbcnews.com/select/shopping/white-elephant-secret-santa-gifts-ncna1285678,starter
Rep. Jasmine Crockett humanizes Harris — and introduces herself to the nation,NBC,2024-08-20,2024,https://www.nbcnews.com/politics/congress/rep-jasmine-crockett-humanizes-harris-introduces-nation-rcna167420,starter
Top Senate Democrat 'angry' over Biden-Harris admin 'stonewalling' after Trump assassination attempts,FoxNews,2024-09-17,2024,https://www.foxnews.com/politics/top-senate-democrat-angry-over-biden-harris-admin-stonewalling-after-trump-assassination-attempts,starter
"Iran vows retaliation on Israel after commanders’ deaths, raising fears of war spiraling",NBC,2024-04-02,2024,https://www.nbcnews.com/news/world/iran-israel-retaliation-airstrike-damascus-embassy-rcna145979,starter
Ron DeSantis says Harris has 'no role' in hurricane response: 'I don't have time for political games',FoxNews,2024-10-08,2024,https://www.foxnews.com/media/ron-desantis-says-harris-has-no-role-hurricane-preparation-i-dont-have-time-political-games,starter
Turkey’s opposition thumps Erdogan in pivotal local elections,NBC,2024-04-01,2024,https://www.nbcnews.com/news/world/turkey-opposition-wins-erdogan-local-elections-rcna145804,starter
Special Counsel Jack Smith hits back at judge for 'fundamentally flawed legal premise' in Trump documents case,FoxNews,2024-04-03,2024,https://www.foxnews.com/politics/special-counsel-jack-smith-hits-back-judge-fundamentally-flawed-legal-premise-trump-documents-case,starter
11 best weighted blankets and weighted comforters of the year,NBC,2020-04-29,2020,https://www.nbcnews.com/select/shopping/best-weighted-comforters-weighted-blankets-ncna1193596,starter
"'Slap in the face': Media, government downplaying Venezuelan gangs, says woman who fled her Colorado apartment",FoxNews,2024-10-14,2024,https://www.foxnews.com/media/slap-face-media-government-downplaying-venezuelan-gangs-says-woman-fled-colorado-apartment,starter
Meet the everyday heroes commemorated at FOX Nation's 2023 Patriot Awards,FoxNews,2023-11-16,2023,https://www.foxnews.com/media/meet-everyday-heroes-commemorated-fox-nation-2023-patriot-awards,starter
"Hostages released in Israel, Hamas cease-fire deal",NBC,2023-11-24,2023,https://www.nbcnews.com/news/world/hostages-released-hamas-israel-ceasefire-deal-thai-captives-egypt-rcna126380,starter
"25,000 borrowers get student loan relief from the Biden administration: What to know",NBC,2023-10-05,2023,https://www.nbcnews.com/politics/politics-news/biden-student-loan-forgiveness-borrowers-repayments-rcna119032,starter
"Israel steps up Gaza bombardment, Palestinians flee as fears of invasion grow",NBC,2021-05-14,2021,https://www.nbcnews.com/news/world/israeli-steps-gaza-bombardment-palestinians-flee-fears-ground-invasion-grow-n1267334,starter
Gaza's 2.2 million people are confined to a humanitarian area smaller than Manhattan,NBC,2024-08-25,2024,https://www.nbcnews.com/news/world/gaza-humanitarian-zones-smaller-than-manhattan-rcna167056,starter
Riley Gaines on NCAA lawsuit: 'It is time that we fight back',FoxNews,2024-03-15,2024,https://www.foxnews.com/sports/riley-gaines-ncaa-lawsuit-time-we-fight-back,starter
"US-Israeli citizen who was kidnapped on Oct. 7 confirmed dead, IDF says",FoxNews,2024-03-12,2024,https://www.foxnews.com/world/us-israeli-citizen-kidnapped-oct-7-confirmed-dead-idf-says,starter
California banning another popular plastic bag from all grocery stores,FoxNews,2022-10-11,2022,https://www.foxnews.com/us/california-banning-another-popular-plastic-bag-grocery-stores,starter
Trump assassination suspect wrote chilling letter months before golf course plot,FoxNews,2024-09-23,2024,https://www.foxnews.com/us/trump-assassination-suspect-wrote-chilling-letter-months-before-golf-course-plot-i-failed-you.print,starter
Biden pledges support of Harris at Democratic convention speech,NBC,2024-08-20,2024,https://www.nbcnews.com/politics/joe-biden/dnc-biden-speech-harris-2024-election-rcna165258,starter
Snow impacts western NC mountain towns recovering from Hurricane Helene: 'Coldest air of the season so far',FoxNews,2024-10-16,2024,https://www.foxnews.com/us/snow-impacts-western-nc-mountain-towns-recovering-hurricane-helene-coldest-air-season-far,starter
Ron DeSantis suspends his presidential bid and endorses Trump,NBC,2024-01-21,2024,https://www.nbcnews.com/politics/2024-election/ron-desantis-planning-drop-presidential-bid-sunday-rcna134953,starter
"Kamala Harris ridiculed for post on Roe anniversary as she recounts rage, need to ‘let it all out’ emotionally",FoxNews,2023-06-24,2023,https://www.foxnews.com/media/kamala-harris-ridiculed-post-roe-anniversary-recounts-rage-need-let-out-emotionally,starter
"Ex-USDA official blasts 'mind-boggling' Biden regulations on farming, menthol: 'Doesn't seem very American'",FoxNews,2024-02-21,2024,https://www.foxnews.com/politics/ex-usda-official-blasts-mind-boggling-biden-regulations-farming-menthol.print,starter
Trump assassination attempt: Fraternal Order of Police blasts Secret Service 'failure',FoxNews,2024-07-15,2024,https://www.foxnews.com/us/trump-assassination-attempt-fraternal-order-police-blasts-secret-service-failure,starter
Doors fans remember Jim Morrison in Paris on 50th anniversary of his death,FoxNews,2021-07-03,2021,https://www.foxnews.com/entertainment/doors-jim-morrison-paris-50th-anniversary-death,starter
Walz silent on support for eliminating Electoral College after Harris camp says it doesn't back ban,FoxNews,2024-10-10,2024,https://www.foxnews.com/politics/walz-silent-support-eliminating-electoral-college-after-harris-camp-says-doesnt-back-ban.print,starter
"The best vegetables for your health, according to nutritionists",FoxNews,2022-06-17,2022,https://www.foxnews.com/lifestyle/best-vegetables-for-health-nutritionists,starter
Trump fan featured in Biden ad admits assaulting officers with bear spray on Jan. 6,NBC,2024-09-19,2024,https://www.nbcnews.com/politics/justice-department/trump-supporter-bear-spray-police-jan-6-biden-ad-plea-guilty-rcna171804,starter
"Absentee voting kicks off in Missouri, North Carolina",FoxNews,2024-09-24,2024,https://www.foxnews.com/politics/absentee-voting-kicks-off-missouri-north-carolina,starter
"Stellantis to sell, shutter large testing facility amid cost-cutting efforts",NBC,2024-10-18,2024,https://www.nbcnews.com/business/autos/stellantis-sell-shutter-large-testing-facility-cost-cutting-efforts-rcna176126,starter
Iranian president says Tehran will spend the $6 billion released in prisoner exchange ‘wherever we need it’,NBC,2023-09-12,2023,https://www.nbcnews.com/news/world/iranian-president-says-tehran-will-spend-6-billion-released-prisoner-e-rcna104475,starter
Virginia Gov. Youngkin eyes a 15-week abortion ban as a 'consensus' voters would back,NBC,2023-08-27,2023,https://www.nbcnews.com/politics/politics-news/virginia-gov-youngkin-eyes-15-week-abortion-ban-consensus-voters-will-rcna101476,starter
Cuban power plant failure leaves millions in the dark in island-wide outage,FoxNews,2024-10-18,2024,https://www.foxnews.com/world/cuban-power-plant-failure-leaves-millions-dark-island-wide-outage.print,starter
Israeli President Isaac Herzog and Biden meet amid tensions over Netanyahu's policies,NBC,2023-07-18,2023,https://www.nbcnews.com/politics/white-house/israeli-president-isaac-herzog-biden-meet-tensions-netanyahus-policies-rcna94823,starter
Wisconsin Supreme Court Election: Liberals win majority after 15 years,NBC,2023-04-05,2023,https://www.nbcnews.com/politics/elections/wisconsin-supreme-court-election-liberals-win-majority-rcna77190,starter
Rogan says Dems are terrified criticizing Biden will 'empower' Trump so they're 'just lying to everyone',FoxNews,2024-05-24,2024,https://www.foxnews.com/media/rogan-says-dems-terrified-criticizing-biden-empower-trump-so-theyre-just-lying-everyone,starter
Indian national extradited to U.S. to stand trial in alleged plot to kill Sikh activist in New York,NBC,2024-06-16,2024,https://www.nbcnews.com/news/world/indian-national-extradited-us-stand-trial-plot-kill-sikh-activist-new-rcna157316,starter
Biden pledges $7.3B in 'clean energy' spending with national debt at $35T,FoxNews,2024-09-05,2024,https://www.foxnews.com/politics/biden-pledges-7-3b-clean-energy-spending-national-debt-35t,starter
"The 12 best natural hair products, according to experts",NBC,2019-12-10,2019,https://www.nbcnews.com/news/nbcblk/best-natural-hair-products-cleansers-styling-treatments-n1097906,starter
"Victims in Atlanta-area spa shootings include recently married mother, Army veteran",NBC,2021-03-18,2021,https://www.nbcnews.com/news/us-news/victims-atlanta-area-spa-shootings-include-recently-married-mother-army-n1261430,starter
Trump calls judge overseeing his Jan. 6 case 'the most evil person',NBC,2024-10-18,2024,https://www.nbcnews.com/politics/justice-department/trump-calls-judge-overseeing-jan-6-case-evil-person-rcna176112,starter
Farmers sound alarm on Biden admin's agriculture policies: We're 'not doing well',FoxNews,2023-08-04,2023,https://www.foxnews.com/media/farmers-sound-alarm-biden-admins-agriculture-policies-not-doing-well,starter
Tim Walz’s claims about using IVF to have family aren’t exactly true,FoxNews,2024-08-20,2024,https://www.foxnews.com/politics/tim-walz-claims-using-ivf-have-family-arent-exactly-true-report,starter
"What would a President Pritzker do on immigration, border crisis?",FoxNews,2024-07-08,2024,https://www.foxnews.com/politics/what-would-president-pritzker-do-immigration-border-crisis,starter
Israel and Hamas trade attacks after Biden expresses support for cease-fire,NBC,2021-05-18,2021,https://www.nbcnews.com/news/world/israel-hits-gaza-new-airstrikes-despite-biden-joining-ceasefire-calls-n1267725,starter
Summer vacation ideas while there's still time: Here are 6 smart spots to consider,FoxNews,2024-07-27,2024,https://www.foxnews.com/travel/summer-vacation-ideas-still-time-6-spots-consider,starter
What happens now that Supreme Court struck down Biden's student loan handout scheme,FoxNews,2023-06-30,2023,https://www.foxnews.com/opinion/what-happens-supreme-court-struck-down-biden-student-loan-handout-scheme,starter
"After they leave the White House, what should America do with our ex-presidents?",FoxNews,2024-02-01,2024,https://www.foxnews.com/lifestyle/leave-white-house-what-should-america-do-ex-presidents,starter
I’m a farmer – and know Kamala Harris would be a disaster for American agriculture,FoxNews,2024-10-18,2024,https://www.foxnews.com/opinion/im-farmer-know-kamala-harris-would-disaster-american-agriculture,starter
"Jack Carr, bestselling author and former SEAL, announces nonfiction series, 'Targeted,' on terror events",FoxNews,2023-03-15,2023,https://www.foxnews.com/lifestyle/jack-carr-bestselling-author-former-seal-announces-nonfiction-series-targeted-terror-events.print,starter
Obama tells men Trump doesn't represent 'real strength',NBC,2024-10-11,2024,https://www.nbcnews.com/politics/2024-election/obama-tells-men-trump-doesnt-represent-real-strength-rcna174283,starter
"Researchers unearth find dating back 2,400 years in ancient Greek city",FoxNews,2024-08-22,2024,https://www.foxnews.com/world/researchers-unearth-find-dating-back-2400-years-ancient-greek-city,starter
"Bruce Willis is relatively 'incommunicative,' 'not totally verbal' after dementia diagnosis, friend reveals",FoxNews,2023-10-12,2023,https://www.foxnews.com/entertainment/bruce-willis-relatively-incommunicative-not-totally-verbal-dementia-diagnosis,starter
"Democrats concerned Harris couldn't beat a GOP nominee, even if Trump: report",FoxNews,2021-07-02,2021,https://www.foxnews.com/politics/democrats-harris-gop-nominee-2024,starter
"Israeli strikes in Gaza may be war crimes, U.N. rights chief says",NBC,2021-05-27,2021,https://www.nbcnews.com/news/world/israeli-strikes-gaza-may-be-war-crimes-u-n-rights-n1268720,starter
Airline passenger goes viral for recording neighbor's midflight photo attempts,FoxNews,2024-10-02,2024,https://www.foxnews.com/travel/airline-passenger-goes-viral-recording-neighbors-midflight-photo-attempts.print,starter
Accusations of improper tax breaks fly in crucial Senate race: 'Rules don't apply',FoxNews,2024-09-23,2024,https://www.foxnews.com/politics/accusations-improper-tax-breaks-crucial-senate-race-rules-dont-apply,starter
Trump calls for CBS to lose its broadcasting license amid '60 Minutes' controversy: 'UNPRECEDENTED SCANDAL!',FoxNews,2024-10-10,2024,https://www.foxnews.com/media/trump-calls-cbs-lose-its-broadcasting-license-amid-60-minutes-controversy-unprecedented-scandal,starter
Praying the rosary: Understanding the tradition that helps Catholics meditate on Jesus and Mother Mary,FoxNews,2022-11-13,2022,https://www.foxnews.com/lifestyle/praying-rosary-understanding-tradition-helps-catholics-meditate-jesus-mother-mary,starter
Netanyahu era ends in Israel as new government survives key parliament vote,NBC,2021-06-13,2021,https://www.nbcnews.com/news/mideast/netanyahu-era-ends-israel-new-government-survives-key-parliament-vote-n1055301,starter
Israeli parliament passes key part of Netanyahu’s judicial overhaul plan,NBC,2023-07-24,2023,https://www.nbcnews.com/news/world/netanyahu-leaves-hospital-israel-faces-key-vote-legal-changes-rcna95881,starter
"Kamala Harris, DNC undertaking 'largest gaslighting operation' in history of politics, says House speaker",FoxNews,2024-08-20,2024,https://www.foxnews.com/media/kamala-harris-dnc-undertaking-largest-gaslighting-operation-history-politics-says-house-speaker,starter
Former Trump official Stephanie Grisham to speak at the Democratic convention,NBC,2024-08-20,2024,https://www.nbcnews.com/politics/2024-election/former-trump-official-stephanie-grisham-speak-democratic-convention-rcna167296,starter
German bureaucrat under fire for trashing British WWII hero who inspired Israeli army,FoxNews,2022-08-20,2022,https://www.foxnews.com/world/german-bureaucrat-under-fire-trashing-british-wwii-hero-inspired-israeli-army,starter
"Ron DeSantis, using the levers of state government, ramps up efforts to defeat Florida abortion-rights ballot measure",NBC,2024-10-17,2024,https://www.nbcnews.com/politics/2024-election/ron-desantis-florida-abortion-ballot-measure-rcna175337,starter
Pet lovers' roundup: Cool deals on useful pet supplies and accessories,FoxNews,2024-03-15,2024,https://www.foxnews.com/lifestyle/pet-lovers-roundup-deals-useful-pet-supplies-accessories,starter
"Long before Helene, IV fluid shortages plagued hospitals",NBC,2024-10-18,2024,https://www.nbcnews.com/health/health-news/long-helene-iv-fluid-shortages-plagued-hospitals-rcna175563,starter
Are smartphones harmful to youth mental health? Experts torn on Jonathan Haidt’s book,NBC,2024-04-03,2024,https://www.nbcnews.com/tech/social-media/smartphones-youth-mental-health-jonathan-haidt-book-debate-rcna145928,starter
Sydney Sweeney tackles Glen Powell affair rumors on 'Saturday Night Live',FoxNews,2024-03-03,2024,https://www.foxnews.com/entertainment/sydney-sweeney-tackles-glen-powell-affair-rumors-saturday-night-live,starter
"Lebanon's Hezbollah, allies lose majority in parliament after election",NBC,2022-05-17,2022,https://www.nbcnews.com/news/world/lebanons-hezbollah-allies-lose-majority-parliament-election-rcna28962,starter
Georgia school shooting: Teen suspect's mom's criminal record part of emerging picture of troubled home life,FoxNews,2024-09-06,2024,https://www.foxnews.com/us/georgia-school-shooting-teen-suspects-moms-criminal-record-part-emerging-picture-troubled-home-life,starter
One year after 10/7 attacks and Democrat-run states have let antisemitism fester,FoxNews,2024-10-07,2024,https://www.foxnews.com/opinion/one-year-after-10-7-attacks-democrat-run-states-have-let-antisemitism-fester.print,starter
"As Gaza war drags past 1 year mark, hope fades for a deal to bring hostages home soon",FoxNews,2024-10-09,2024,https://www.foxnews.com/politics/gaza-war-israeli-hostage-deal-hope-fades,starter
"Fire raging, blood everywhere: What we know about Israeli strike on a tent camp in Rafah",NBC,2024-06-11,2024,https://www.nbcnews.com/news/world/israeli-airstrike-gaza-family-rafah-wiped-out-rcna154877,starter
Nikki Haley makes no mention of slavery when asked to name cause of Civil War,NBC,2023-12-28,2023,https://www.nbcnews.com/politics/2024-election/nikki-haley-makes-no-mention-slavery-asked-name-cause-civil-war-rcna131407,starter
"Ramadan in Gaza: Palestinians fast amid war, devastation and looming famine",NBC,2024-03-15,2024,https://www.nbcnews.com/news/world/ramadan-gaza-palestinians-israel-war-famine-rcna142785,starter
Biden in Germany speaks of hope of a cease-fire in Gaza after Sinwar death,NBC,2024-10-18,2024,https://www.nbcnews.com/politics/white-house/biden-germany-speaks-hope-ceasefire-gaza-sinwar-death-rcna176079,starter
Hamas billionaires: Lifestyles of the rich and terrorists,FoxNews,2023-11-08,2023,https://www.foxnews.com/world/hamas-billionaires-lifestyles-of-rich-terrorists,starter
"Indiana man accused of killing teen girls allegedly confessed in phone call to wife, court documents say",NBC,2023-06-30,2023,https://www.nbcnews.com/news/us-news/indiana-man-accused-killing-teen-girls-allegedly-confessed-phone-call-rcna91999,starter
Rolling Stones tour sponsored by AARP as 80-year-old rocker Mick Jagger set to hit the road,FoxNews,2023-11-21,2023,https://www.foxnews.com/media/rolling-stones-tour-sponsored-aarp-80-year-old-rocker-mick-jagger-set-hit-road,starter
"How to clean your fridge in 6 steps, according to experts",NBC,2024-03-29,2024,https://www.nbcnews.com/select/shopping/how-to-clean-fridge-rcna145521,starter
"Shooting at U.S. Embassy in Beirut, Lebanon; Israel 'prepared for intense action' on Hezbollah, Netanyahu says",NBC,2024-06-05,2024,https://www.nbcnews.com/news/world/shooting-us-embassy-beirut-lebanon-israel-hezbollah-offensive-rcna155552,starter
Pastor Greg Laurie details how John Lennon found God — and why it matters today,FoxNews,2022-06-06,2022,https://www.foxnews.com/lifestyle/pastor-greg-laurie-john-lennon-god-today.print,starter
Three fugitives convicted in $18 million Covid relief scam captured in Montenegro,NBC,2022-02-23,2022,https://www.nbcnews.com/investigations/three-fugitives-stole-18-million-covid-relief-loans-captured-montenegr-rcna17375,starter
Cattlemen roast vegan NYC mayor for cracking down on food as part of climate agenda,FoxNews,2023-04-19,2023,https://www.foxnews.com/politics/cattlemen-roast-vegan-nyc-mayor-cracking-down-food-part-climate-agenda,starter
"'Feasting' like royalty, Chicago DNC held in fortified castle walled off from reality: former chief",FoxNews,2024-08-21,2024,https://www.foxnews.com/us/feasting-like-royalty-chicago-dnc-held-fortified-castle-walled-off-from-reality-former-chief,starter
"Trump edges Biden again in new 2024 poll, builds support with younger voters",FoxNews,2023-12-19,2023,https://www.foxnews.com/politics/trump-edges-biden-again-new-2024-poll-builds-support-younger-voters,starter
Lemon chicken spaghetti with creamy alfredo sauce: Try the recipe,FoxNews,2021-10-17,2021,https://www.foxnews.com/lifestyle/lemon-chicken-spaghetti-creamy-alfredo-sauce-recipe,starter
What the NCAA's blockbuster admission says about the future of women's sports,FoxNews,2024-03-14,2024,https://www.foxnews.com/opinion/ncaa-blockbuster-admission-says-about-future-women-sports,starter
What the U.S. recognizing a Palestinian state after Israel's war in Gaza would mean,NBC,2024-02-06,2024,https://www.nbcnews.com/news/world/us-recognize-palestinian-state-biden-israel-war-gaza-rcna136708,starter
What to know about Trump's ties to Project 2025's close allies as he denies link to it,NBC,2024-07-11,2024,https://www.nbcnews.com/politics/donald-trump/project-2025-trump-heritage-foundation-what-know-rcna161338,starter
Kamala Harris calls Trump too 'unstable and unhinged' in Pennsylvania bellwether county,NBC,2024-10-14,2024,https://www.nbcnews.com/politics/2024-election/kamala-harris-rallies-pennsylvania-bellwether-county-focuses-blue-wall-rcna175046,starter
Putin concludes China trip by emphasizing ties with Russia,NBC,2024-05-17,2024,https://www.nbcnews.com/news/world/russia-china-vladimir-putin-xi-jingpin-ukraine-rcna152749,starter
"Defying Biden, Netanyahu renews pledge to launch Rafah offensive",NBC,2024-03-19,2024,https://www.nbcnews.com/news/world/israel-hamas-war-gaza-rafah-invasion-netanyahu-biden-phone-call-rcna144057,starter
Patriot remembered: Military mom memorializes son who died in National Guard helicopter crash with new book,FoxNews,2023-03-13,2023,https://www.foxnews.com/lifestyle/patriot-remembered-military-mom-memorializes-son-died-national-guard-helicopter-crash-book,starter
Federal judge blocks Alabama's voter purge program ahead of election,NBC,2024-10-16,2024,https://www.nbcnews.com/politics/2024-election/federal-judge-blocks-alabama-voter-purge-program-rcna175808,starter
"Houston police hunt costumed gunman, accomplice after strangers' argument turns deadly",FoxNews,2023-11-13,2023,https://www.foxnews.com/us/houston-police-hunt-costumed-gunman-accomplice-after-strangers-argument-turns-deadly,starter
The 19 best gifts for the book lover in your life,NBC,2023-10-24,2023,https://www.nbcnews.com/select/shopping/best-gifts-for-book-lover-ncna1301573,starter
GOP lawmaker in hurricane-ravaged Georgia demands emergency session of Congress,FoxNews,2024-10-18,2024,https://www.foxnews.com/politics/deadliest-storms-since-katrina-georgia-republican-demands-emergency-session-congress.print,starter
What does paying your 'fair share' mean? The jury is still out for members of Congress.,FoxNews,2023-04-22,2023,https://www.foxnews.com/politics/what-paying-your-fair-share-mean-jury-still-out-members-congress.print,starter
Byron Donalds spars with 'Breakfast Club' hosts over Harris' economic record: 'You sure you want to go there?',FoxNews,2024-10-01,2024,https://www.foxnews.com/media/byron-donalds-spars-breakfast-club-hosts-over-harris-economic-record-you-sure-you-want-go-there,starter
YouTube creators target Black celebrities with AI-made fake news,NBC,2024-01-30,2024,https://www.nbcnews.com/tech/misinformation/ai-deepfake-fake-news-youtube-black-celebrities-rcna133368,starter
Video resurfaces showing FEMA prioritizing equity over helping greatest number of people in disaster relief,FoxNews,2024-10-07,2024,https://www.foxnews.com/us/video-resurfaces-showing-fema-prioritizing-equity-over-helping-greatest-number-people-disaster-relief,starter
Amazon Prime Day 2024: What to know about this July’s sale,NBC,2024-04-26,2024,https://www.nbcnews.com/select/shopping/amazon-prime-day-2024-rcna149553,starter
Fewer people using Elon Musk’s X as it struggles to keep users,NBC,2024-03-22,2024,https://www.nbcnews.com/tech/tech-news/fewer-people-using-elon-musks-x-struggles-keep-users-rcna144115,starter
"Al Sharpton calls border crisis an 'invasion,' wants GOP senators pressured for 'allowing this to continue'",FoxNews,2024-02-05,2024,https://www.foxnews.com/media/al-sharpton-calls-border-crisis-invasion-wants-gop-senators-pressured-allowing-continue,starter
Kamala Harris' Gaza speech watered down by administration officials before delivery,NBC,2024-03-05,2024,https://www.nbcnews.com/politics/white-house/kamala-harris-gaza-speech-watered-down-cease-fire-rcna141750,starter
Senate candidate Tim Sheehy says women 'indoctrinated' on abortion,NBC,2024-10-07,2024,https://www.nbcnews.com/politics/2024-election/montana-senate-candidate-tim-sheehy-women-indoctrinated-abortion-rcna174390,starter
Biden's Title IX rule disaster latest in plan to destroy what's left of our country's moral foundations,FoxNews,2024-04-27,2024,https://www.foxnews.com/opinion/bidens-title-ix-disaster-latest-plan-destroy-left-countrys-moral-foundations,starter
'Napuccino' trend: Caffeine before a nap could be key to better sleep,FoxNews,2024-09-05,2024,https://www.foxnews.com/health/nappucino-trend-caffeine-before-nap-could-key-better-sleep,starter
"Hezbollah hits Israel with deadliest attack in months-long conflict, IDF says, raising fears of escalation",FoxNews,2024-07-27,2024,https://www.foxnews.com/world/hezbollah-hits-israel-deadliest-attack-months-long-conflict-idf-says-raising-fears-escalation.print,starter
Pence: Idea of overturning election results is 'un-American',NBC,2021-06-25,2021,https://www.nbcnews.com/politics/politics-news/pence-idea-overturning-election-results-un-american-n1272334,starter
China building nuclear weapons faster than prior U.S. projections,NBC,2023-10-20,2023,https://www.nbcnews.com/news/world/china-building-nuclear-weapons-arsenal-faster-rcna121349,starter
Jan. 6 panel adds last-minute hearing Tuesday afternoon,NBC,2022-06-27,2022,https://www.nbcnews.com/politics/congress/jan-6-panel-adds-last-minute-hearing-tuesday-afternoon-rcna35509,starter
"GOP Sen. Lamar Alexander, a key impeachment swing vote, says he will vote against witnesses",NBC,2020-01-31,2020,https://www.nbcnews.com/politics/politics-news/gop-sen-lamar-alexander-key-impeachment-vote-reveal-decision-witnesses-n1127056,starter
Four people plead guilty in North Carolina ballot probe of 2016 and 2018 elections,NBC,2022-09-27,2022,https://www.nbcnews.com/politics/elections/four-people-plead-guilty-north-carolina-ballot-probe-2016-2018-electio-rcna49534,starter
"Most US adults worry about future of Medicare, Social Security, Gallup poll finds: ‘Magnitude of concern’",FoxNews,2024-07-18,2024,https://www.foxnews.com/health/most-us-adults-worry-future-medicare-social-security-gallup-poll-magnitude-concern,starter
Deal brokered to get medicine to hostages and more aid for Gaza,NBC,2024-01-16,2024,https://www.nbcnews.com/news/world/live-blog/israel-hamas-war-live-updates-rcna134047/rcrd31099?canonicalCard=true,starter
"ABC Presidential Debate: Moderators David Muir and Linsey Davis fact-check Trump 5 times, 0 for Harris",FoxNews,2024-09-11,2024,https://www.foxnews.com/media/abc-presidential-debate-moderators-david-muir-linsey-davis-fact-check-trump-5-times-0-harris.print,starter
Transgender models featured in Victoria’s Secret Fashion Show,NBC,2024-10-16,2024,https://www.nbcnews.com/nbc-out/out-pop-culture/transgender-models-featured-victorias-secret-fashion-show-rcna175699,starter
"Pence declines to endorse Trump, won't back Biden",FoxNews,2024-03-15,2024,https://www.foxnews.com/media/pence-declines-to-endorse-trump-wont-back-biden,starter
Hamas releases two more hostages,NBC,2023-10-23,2023,https://www.nbcnews.com/news/world/hamas-gaza-releases-hostages-israel-nurit-yitzhak-yocheved-lifshitz-rcna121680,starter
Weird ways to burn calories: Health experts reveal habits that don't include sweat sessions at the gym,FoxNews,2023-05-09,2023,https://www.foxnews.com/lifestyle/weird-ways-burn-calories-health-experts-reveal-go-habits-dont-include-sweat-sessions-gym,starter
Florida sheriff who nabbed alleged would-be Trump assassin describes his suspicious behavior,FoxNews,2024-09-15,2024,https://www.foxnews.com/us/florida-sheriff-describes-demeanor-during-arrest-suspect-2nd-trump-assassination-attempt?dicbo=v2-HVDcbv6,starter
Here are all the restrictions Biden's team demanded in their Trump debate offer,FoxNews,2024-05-15,2024,https://www.foxnews.com/politics/here-all-restrictions-bidens-team-demanded-their-trump-debate-offer,starter
Harris and Trump deadlocked in Pennsylvania as former president trails in other 'blue wall' states: poll,FoxNews,2024-09-19,2024,https://www.foxnews.com/politics/harris-trump-deadlocked-pennsylvania-former-president-trails-blue-wall-states-poll.print,starter
Jan. 6 rioter who assaulted police calls for 'accountability' for 2020 election lies,NBC,2024-02-22,2024,https://www.nbcnews.com/politics/justice-department/jan-6-rioter-assaulted-police-calls-accountability-2020-election-lies-rcna134609,starter
Russia fired more than 80 cruise missiles into Ukraine in 'retaliation' of Kerch Bridge explosion: officials,FoxNews,2022-10-16,2022,https://www.foxnews.com/world/russia-fired-80-cruise-missile-ukraine-retaliation-kerch-bridge-explosion-officials,starter
"Trump overcharged Secret Service agents to stay at his D.C. hotel, new Democratic report says",NBC,2024-10-18,2024,https://www.nbcnews.com/politics/donald-trump/trump-secret-service-dc-hotel-emoluments-pardons-jobs-democrat-report-rcna175714,starter
"Dementia has 2 shocking new risk factors, study finds, with total of 14 now on list",FoxNews,2024-08-19,2024,https://www.foxnews.com/health/dementia-2-shocking-new-risk-factors-study-finds-total-14-list.print,starter
Ex-NYPD officer who assaulted D.C. officer on Jan. 6 gets record 10-year sentence,NBC,2022-09-01,2022,https://www.nbcnews.com/politics/justice-department/ex-nypd-cop-assaulted-dc-officer-jan-6-gets-record-setting-sentence-rcna45338,starter
Hezbollah launches barrage of rockets at Israel after senior commander killed,NBC,2024-07-04,2024,https://www.nbcnews.com/news/world/israel-hamas-war-hezbollah-rockets-lebanon-commander-killed-rcna160310,starter
'I will be haunted forever’: Israel’s horrific video of Hamas atrocities leaves viewers shocked and sickened,FoxNews,2023-11-25,2023,https://www.foxnews.com/world/i-will-be-haunted-forever-israels-horrific-video-hamas-atrocities-leaves-viewers-shocked-sickened,starter
The first general election ballots of the presidential race are in the mail,NBC,2024-09-11,2024,https://www.nbcnews.com/politics/2024-election/first-ballots-general-election-presidential-race-rcna170621,starter
"University of Michigan Jewish students, rabbi held at gunpoint during dinner",FoxNews,2024-10-03,2024,https://www.foxnews.com/us/university-michigan-jewish-students-rabbi-held-gunpoint-during-dinner,starter
Italy makes it illegal to seek surrogacy abroad,NBC,2024-10-16,2024,https://www.nbcnews.com/nbc-out/out-news/italy-makes-illegal-seek-surrogacy-abroad-rcna175758,starter
Trump says he wants to make IVF treatments paid for by government or insurance companies if elected,NBC,2024-08-29,2024,https://www.nbcnews.com/politics/donald-trump/trump-says-wants-make-ivf-treatments-paid-government-insurance-compani-rcna168804,starter
"Israeli settlements violate international law, U.N.'s top court says in a landmark opinion",NBC,2024-07-19,2024,https://www.nbcnews.com/news/world/icj-united-nations-israel-settlement-violate-international-law-rcna162667,starter
Israel and Hamas reach deal to release 50 hostages and pause fighting for 4 days in Gaza,NBC,2023-11-22,2023,https://www.nbcnews.com/news/world/hostage-deal-reached-hamas-release-50-israelis-rcna126146,starter
"Democratic lawmakers caught on hot mic mocking parental rights as 'garbage,' 'stupid'",FoxNews,2023-04-26,2023,https://www.foxnews.com/politics/democratic-lawmakers-hot-mic-mocking-parental-rights-garbage-stupid,starter
"Kari Lake wins Arizona GOP Senate primary, setting up a key race against Democrat Ruben Gallego",NBC,2024-07-31,2024,https://www.nbcnews.com/politics/2024-election/kari-lake-wins-arizona-gop-senate-primary-ruben-gallego-rcna164043,starter
The Best Advent Calendars of 2025 to Treat Yourself This Holiday Season,NBC,2025-11-17,2025,https://www.nbcnews.com/select/shopping/best-advent-calendars-2021-ncna1283726,starter
"Best Treadmills for Home Gyms in 2026, According to Experts",NBC,2024-01-11,2024,https://www.nbcnews.com/select/shopping/best-treadmills-for-home-gym-ncna1298069,starter
"Amid tornado, wedding couple forced to have first dance in basement: 'Chaos ensued'",FoxNews,2024-08-18,2024,https://www.foxnews.com/lifestyle/amid-tornado-wedding-couple-forced-first-dance-basement-chaos-ensued,starter
Memorial Day: Important facts about the solemn American holiday,FoxNews,2023-05-26,2023,https://www.foxnews.com/lifestyle/memorial-day-numbers-facts-american-holiday,starter
Riley Gaines slams new Title IX protections as the 'most anti-woman' pursuit of the Biden administration,FoxNews,2024-04-30,2024,https://www.foxnews.com/sports/riley-gaines-slams-new-title-ix-protections-most-anti-woman-pursuit-biden-administration.print,starter
Abortion rights groups lash out at leaked Supreme Court draft: 'Confirms our worst fears',FoxNews,2022-05-03,2022,https://www.foxnews.com/politics/abortion-rights-groups-leaked-supreme-court-draft,starter
Local Republicans reject Trump's claims about Haitian immigrants in their towns,NBC,2024-09-22,2024,https://www.nbcnews.com/politics/2024-election/local-republicans-defend-haitian-immigrants-targeted-trump-rcna171723,starter
Bose Ultra Open Earbuds review,NBC,2024-02-15,2024,https://www.nbcnews.com/select/shopping/bose-ultra-open-earbuds-review-rcna138875,starter
2024 Cash Dash: Harris fundraising surge more than doubles Trump's haul last month,FoxNews,2024-08-02,2024,https://www.foxnews.com/politics/2024-cash-dash-harris-fundraising-surge-more-than-doubles-trumps-haul-last-month,starter
2024 Showdown: Trump campaign rejoices after Harris leans in on key issue haunting her vice presidency,FoxNews,2024-07-31,2024,https://www.foxnews.com/politics/2024-showdown-trump-campaign-rejoices-harris-leans-in-key-issue-haunting-vice-presidency.print,starter
Israeli family fears child may spend his 9th birthday as a hostage of Hamas,NBC,2023-10-20,2023,https://www.nbcnews.com/news/world/israel-hamas-war-hostages-family-missing-boy-birthday-rcna121284,starter
"This Veterans Day, four key lessons on leadership in America from a former Marine: 'Sense of mission'",FoxNews,2023-11-11,2023,https://www.foxnews.com/lifestyle/veterans-day-lessons-leadership-america-former-marine-mission,starter
"Barbara Walters would expect Kamala Harris to do interviews, author says: 'Part of the job of being president'",FoxNews,2024-09-13,2024,https://www.foxnews.com/media/barbara-walters-would-expect-kamala-harris-do-interviews-author-says.print,starter
Senate Republicans block border security bill as they campaign on border chaos,NBC,2024-05-23,2024,https://www.nbcnews.com/politics/congress/senate-republicans-block-border-security-bill-campaign-border-chaos-rcna153607,starter
"Harris, Trump camps launch dueling ad blitzes to define VP for voters",FoxNews,2024-07-30,2024,https://www.foxnews.com/politics/harris-trump-camps-launch-dueling-ad-blitzes-define-vp-voters,starter
G20 showcases India's global clout and worries over press freedom,NBC,2023-09-10,2023,https://www.nbcnews.com/news/world/india-g20-press-freedom-modi-journalist-access-rcna104261,starter
13 Best Dandruff Shampoos of 2026 | NBC Select,NBC,2026-04-14,2026,https://www.nbcnews.com/select/shopping/best-dandruff-shampoos-2023-ncna1302973,starter
Tunnel to Towers pays off mortgage of fallen Connecticut police sergeant: 'Comfort and connectedness',FoxNews,2022-12-12,2022,https://www.foxnews.com/lifestyle/tunnel-towers-pays-mortgage-fallen-connecticut-police-sergeant-comfort,starter
Top Israeli legal official tells Netanyahu to fire key ally after Supreme Court ruling,NBC,2023-01-19,2023,https://www.nbcnews.com/news/world/top-israeli-legal-official-tells-netanyahu-fire-key-ally-supreme-court-rcna66473,starter
How Secret Service protocol has changed amid presidential assassination attempts through the years,FoxNews,2024-07-14,2024,https://www.foxnews.com/politics/secret-service-protocol-changed-amid-presidential-assassination-attempts-through-years,starter
Tensions simmer in Jerusalem after Israel responds to rocket attacks with strikes on targets in Syria,NBC,2023-04-09,2023,https://www.nbcnews.com/news/world/tensions-simmer-jerusalem-israel-responds-rocket-attacks-strikes-targe-rcna78829,starter
"The U.S. and Iran are holding indirect talks on a possible prisoner exchange, with the help of the U.K. and Qatar, sources say",NBC,2023-02-15,2023,https://www.nbcnews.com/politics/national-security/us-iran-indirect-talks-prisoner-exchange-uk-qatar-rcna70645,starter
"Ted Cruz and Colin Allred clash over abortion, trans athletes and Jan. 6 in feisty Texas Senate debate",NBC,2024-10-16,2024,https://www.nbcnews.com/politics/2024-election/ted-cruz-colin-allred-texas-senate-debate-rcna175115,starter
"Charlie Sheen reacts to daughter Sami Sheen, 18, joining OnlyFans: ‘This did not occur under my roof’",FoxNews,2022-06-14,2022,https://www.foxnews.com/entertainment/charlie-sheen-reacts-daughter-sami-sheen-joining-onlyfans,starter
Smokey Robinson urges vaccination following harrowing COVID-19 hospitalization,FoxNews,2021-11-25,2021,https://www.foxnews.com/entertainment/smokey-robinson-urges-vaccination-following-harrowing-covid-19-hospitalization,starter
"More than 337,000 people visit Taylor Swift's link to register to vote",NBC,2024-09-11,2024,https://www.nbcnews.com/politics/2024-election/over-300000-people-visit-taylor-swift-link-register-vote-rcna170740,starter
Biden attacks Supreme Court immunity ruling as emboldening a lawless president,NBC,2024-07-02,2024,https://www.nbcnews.com/politics/supreme-court/biden-attacks-supreme-court-immunity-ruling-emboldening-lawless-presid-rcna159883,starter
Kamala Harris' interview with Black journalists 'lacked specifics': CNN host Abby Phillip,FoxNews,2024-09-18,2024,https://www.foxnews.com/media/kamala-harris-interview-black-journalists-lacked-specifics-cnn-host-abby-phillip,starter
"Hamilton College student admits to posting 'antisemitic remarks' on campus, New York State Police say",FoxNews,2024-10-15,2024,https://www.foxnews.com/us/hamilton-college-student-admits-posting-anti-semitic-remarks-campus-new-york-state-police-say.print,starter
Travel the NFL: Best and worst tailgating cities for your wallet,FoxNews,2024-09-10,2024,https://www.foxnews.com/travel/travel-nfl-best-worst-tailgating-cities-your-wallet,starter
"Pennsylvania survey finds Harris leading Trump narrowly, identifies her 'biggest weakness,' pollster says",FoxNews,2024-10-01,2024,https://www.foxnews.com/politics/pennsylvania-survey-finds-harris-leading-trump-narrowly-identifies-her-biggest-weakness-pollster-says,starter
Father of Parkland shooting victim speaks out on tragic anniversary: 'Criminals don’t obey gun laws',FoxNews,2023-02-14,2023,https://www.foxnews.com/media/father-parkland-shooting-victim-speaks-tragic-anniversary-criminals-obey-gun-laws,starter
Top adviser to left-wing California DA charged with nearly a dozen felonies,FoxNews,2024-04-25,2024,https://www.foxnews.com/politics/top-adviser-left-wing-california-da-charged-nearly-dozen-felonies,starter
Kamala Harris' husband Doug Emhoff reveals the personal side of 'Momala' in DNC speech,NBC,2024-08-21,2024,https://www.nbcnews.com/politics/2024-election/doug-emhoff-kamala-harris-democratic-convention-speech-rcna167431,starter
"India can’t find a Sikh separatist leader, but its manhunt has the world’s attention",NBC,2023-03-28,2023,https://www.nbcnews.com/news/world/india-punjab-amritpal-singh-sikh-separatist-manhunt-rcna76941,starter
Army veteran regains ability to walk with robotic exoskeleton after paralysis: ‘Beyond words’,FoxNews,2022-09-15,2022,https://www.foxnews.com/lifestyle/army-veteran-ability-walk-robotic-exoskeleton-paralysis,starter
North Carolina becomes latest state to pass bill banning trans athletes from girls' sports teams,FoxNews,2023-04-20,2023,https://www.foxnews.com/politics/north-carolina-becomes-latest-state-pass-bill-banning-trans-athletes-girls-sports-teams.print,starter
"Echoing DeSantis, Florida's new surgeon general argues against Covid vaccines, mandates",NBC,2021-10-21,2021,https://www.nbcnews.com/politics/politics-news/echoing-desantis-florida-s-new-surgeon-general-argues-against-covid-n1282082,starter
"Harris says wealthy Americans, corporations will pay higher taxes to fund economic plan",FoxNews,2024-10-07,2024,https://www.foxnews.com/media/harris-says-wealthy-americans-corporations-will-pay-higher-taxes-to-fund-economic-plan,starter
Trump says he may free every Jan. 6 rioter. His team is eyeing 'case-by-case' pardons.,NBC,2024-04-30,2024,https://www.nbcnews.com/politics/donald-trump/trump-pardon-jan-6-capitol-rioters-rcna149900,starter
"Senate votes to overturn Biden eco regulation, teeing up another likely veto",FoxNews,2023-03-29,2023,https://www.foxnews.com/politics/senate-votes-overturn-biden-eco-regulation-teeing-up-another-likely-veto.print,starter
"Survivor of Hamas terror lost too many friends to count, says October 7 was 'only the first shot'",FoxNews,2023-10-25,2023,https://www.foxnews.com/media/survivor-hamas-terror-lost-many-friends-count-says-october-7-first-shot,starter
How the abortion vote in Kansas may determine the future right in the state,NBC,2022-08-02,2022,https://www.nbcnews.com/politics/2022-election/abortion-vote-kansas-may-determine-future-right-state-rcna40550,starter
Israeli spokesman's shocked face goes viral over bizarre question about hostage deal: 'Left me speechless',FoxNews,2023-11-23,2023,https://www.foxnews.com/media/israeli-spokesmans-shocked-face-viral-bizarre-question-about-hostage-deal-left-speechless,starter
Far-right groups blocking Gaza aid receive tax-deductible gifts from U.S. and Israel,NBC,2024-07-16,2024,https://www.nbcnews.com/news/world/israel-hamas-war-far-right-groups-tax-deductible-donations-aid-gaza-rcna162058,starter
Sheets and pillowcases worth considering this year,NBC,2020-07-31,2020,https://www.nbcnews.com/select/shopping/silk-pillowcases-sheets-bedding-ncna1235428,starter
Supreme Court appears likely to uphold Biden plan to crack down on 'ghost gun' kits,NBC,2024-10-08,2024,https://www.nbcnews.com/politics/supreme-court/supreme-court-weighs-challenge-biden-ban-untraceable-ghost-gun-kits-rcna174278,starter
Illegal immigrant suspected in Rachel Morin murder entered US as gotaway after being released 3 times: ICE,FoxNews,2024-06-20,2024,https://www.foxnews.com/us/illegal-immigrant-suspected-rachel-morin-murder-entered-us-gotaway-after-being-released-3-times-ice,starter
New Jan. 6 footage appears to show rioter firing a gun in the air during Capitol attack,NBC,2024-02-10,2024,https://www.nbcnews.com/politics/justice-department/new-jan-6-footage-appears-show-rioter-firing-gun-air-capitol-attack-rcna138137,starter
What early-voting data tells us about how Democrats and Republicans are turning out in the 2024 election,NBC,2024-10-16,2024,https://www.nbcnews.com/politics/2024-election/weeks-early-voting-data-tell-us-democrats-republicans-are-turning-2024-rcna175419,starter
State of the Race: Six key Senate seats Republicans look to flip in 2024,FoxNews,2024-03-10,2024,https://www.foxnews.com/politics/state-of-race-six-key-senate-seats-republicans-look-flip-2024,starter
Chicago restaurant serving 'most expensive martini in US' priced at $13K,FoxNews,2024-09-12,2024,https://www.foxnews.com/food-drink/chicago-restaurant-serving-most-expensive-martini-us-priced-13k,starter
Trump signals support for a national 15-week abortion ban,NBC,2024-03-20,2024,https://www.nbcnews.com/politics/2024-election/trump-signals-support-15-week-abortion-ban-rcna144213,starter
Israel and Hezbollah strikes put region on edge; Hamas official says delegation has left Cairo,NBC,2024-08-25,2024,https://www.nbcnews.com/news/world/live-blog/live-updates-israel-launches-strikes-hezbollah-lebanon-rcna168111,starter
Biden cancels nearly $6 billion in student debt for 78K public service workers,NBC,2024-03-21,2024,https://www.nbcnews.com/politics/white-house/biden-cancels-nearly-6-billion-student-debt-78k-public-service-workers-rcna144378,starter
'Extreme agenda': Harris’ past record on illegal immigration resurfaces after Biden drops out,FoxNews,2024-07-23,2024,https://www.foxnews.com/politics/extreme-agenda-harris-past-record-illegal-immigration-resurfaces-after-biden-drops-out.print,starter
'This is my home': Israel's kibbutz communities look to rebuild after devastation of Hamas attack,NBC,2023-10-28,2023,https://www.nbcnews.com/news/world/israel-hamas-war-gaza-border-kibbutz-massacre-rebuild-rcna121593,starter
'I was much better off': These voters back Trump in top battleground county,FoxNews,2024-10-15,2024,https://www.foxnews.com/politics/i-much-better-off-voters-back-trump-top-battleground-county,starter
Los Angeles hit-and-run driver who plowed into mom and baby in stolen car is murdered after light sentence,FoxNews,2023-01-20,2023,https://www.foxnews.com/us/los-angeles-hit-run-driver-who-plowed-into-mom-baby-stolen-car-murdered-after-light-sentence,starter
"For autoimmune disease sufferers, ginger may 'play a critical role' in controlling inflammation, study finds",FoxNews,2023-09-27,2023,https://www.foxnews.com/health/autoimmune-disease-sufferers-ginger-may-play-critical-role-controlling-inflammation-study-finds,starter
Oct. 7 might be biggest test Netanyahu has faced yet,NBC,2023-10-26,2023,https://www.nbcnews.com/news/world/october-7-might-biggest-test-netanyahu-faced-yet-rcna122301,starter
Black Friday vs. Cyber Monday Deals: Which Are Better?,NBC,2025-11-20,2025,https://www.nbcnews.com/select/shopping/cyber-monday-black-friday-deals-compared-ncna1279444,starter
"Trump blasts DOJ for 'election interference,' calls Jack Smith case a 'scam' after judge unseals key filing",FoxNews,2024-10-02,2024,https://www.foxnews.com/politics/trump-blasts-doj-election-interference-calls-federal-case-scam-after-judge-unseals-smiths-key-filing,starter
Why Jerusalem's ancient past is once again the battleground for its future,NBC,2020-01-11,2020,https://www.nbcnews.com/news/world/why-jerusalem-s-ancient-past-once-again-battleground-its-future-n1112861,starter
Hurricane Milton: Florida evacuates as Category 5 storm nears,NBC,2024-10-08,2024,https://www.nbcnews.com/weather/hurricanes/live-blog/hurricane-milton-live-updates-rcna174425,starter
Jack Carr's take on John A. Logan's Memorial Day order: 'Guard their graves with sacred vigilance',FoxNews,2024-05-27,2024,https://www.foxnews.com/lifestyle/jack-carr-logan-memorial-day-guard-graves-sacred-vigilance,starter
Biden to take executive action on abortion access following immense pressure from Democrats,FoxNews,2022-07-08,2022,https://www.foxnews.com/politics/biden-executive-action-abortion-access-pressure-democrats.print,starter
Hamas leader Ismail Haniyeh was killed in Tehran by hidden explosive device: report,FoxNews,2024-08-01,2024,https://www.foxnews.com/world/hamas-leader-ismail-haniyeh-killed-tehran-hidden-explosive-device-report,starter
CNN political director warns of 'trouble sign for Harris' as she lags with White male voters in key states,FoxNews,2024-09-05,2024,https://www.foxnews.com/media/cnn-political-director-warns-trouble-sign-harris-she-lags-white-male-voters-key-states,starter
"Migrant controversy hits heartland as Alabama council meeting boils over, state officials slam feds' 'mess'",FoxNews,2024-09-09,2024,https://www.foxnews.com/politics/migrant-controversy-hits-heartland-alabama-council-meeting-boils-over-state-officials-slam-feds-mess,starter
The girl who can’t smile: How a rare disorder became a young woman's ‘greatest gift’,FoxNews,2024-04-16,2024,https://www.foxnews.com/health/girl-who-cant-smile-rare-disorder-became-woman-greatest-gift,starter
"Reformist Masoud Pezeshkian wins Iran’s presidential runoff election, besting hard-liner Saeed Jalili",NBC,2024-07-06,2024,https://www.nbcnews.com/news/world/reformist-masoud-pezeshkian-wins-irans-presidential-runoff-election-be-rcna160521,starter
"Cities look to trees to combat heat islands, but growth is slow",NBC,2022-04-23,2022,https://www.nbcnews.com/science/science-news/cities-look-trees-combat-heat-islands-growth-slow-rcna25327,starter
GOP moves to ‘save women’s sports’: Bill backed by Riley Gaines headed for House vote,FoxNews,2023-04-11,2023,https://www.foxnews.com/politics/gop-moves-save-womens-sports-bill-backed-riley-gaines-headed-house-vote,starter
"Over 200 former Bush, McCain, Romney staffers endorse Harris: 'The alternative ... is simply untenable'",FoxNews,2024-08-27,2024,https://www.foxnews.com/politics/over-200-former-bush-mccain-and-romney-staffers-endorse-harris-the-alternative-is-simply-untenable,starter
"Teamsters union declines to endorse in presidential election, breaking decades of precedent",NBC,2024-09-18,2024,https://www.nbcnews.com/politics/2024-election/teamsters-union-declines-endorse-presidential-election-breaking-decade-rcna171711,starter
Harris takes aim at Trump as she vows 'to be a president for all Americans',FoxNews,2024-08-23,2024,https://www.foxnews.com/politics/harris-takes-aim-trump-she-vows-to-president-all-americans,starter
Hundreds of pro-Palestinian protesters arrested at campuses as colleges crack down on encampments,NBC,2024-04-28,2024,https://www.nbcnews.com/news/us-news/hundreds-palestinian-protesters-arrested-campuses-universities-crack-e-rcna149705,starter
Sen. John Fetterman makes prediction for Trump and Harris debate: ‘It's going to be close’,FoxNews,2024-09-08,2024,https://www.foxnews.com/politics/sen-john-fetterman-makes-prediction-trump-harris-debate-going-close,starter
DOJ sues Apple over alleged iPhone monopoly,NBC,2024-03-21,2024,https://www.nbcnews.com/business/business-news/apple-sued-doj-antitrust-monopoly-biden-rcna144424,starter
"19 best pet products for dogs and cats, according to pet owners",NBC,2022-08-31,2022,https://www.nbcnews.com/select/shopping/best-pet-products-reviews-ncna1298522,starter
Blinken says no 'direct evidence' that Iran was involved in the Hamas attack on Israel,NBC,2023-10-12,2023,https://www.nbcnews.com/politics/white-house/blinken-says-no-direct-evidence-iran-was-involved-hamas-attack-israel-rcna120110,starter
"Foreign adversaries will try to cast doubt on election results after Nov. 5, U.S. intel officials say",NBC,2024-10-08,2024,https://www.nbcnews.com/investigations/foreign-adversaries-will-try-cast-doubt-election-results-nov-5-rcna174423,starter
Samaritan's Purse continues Helene relief efforts with three water filtration systems in North Carolina,FoxNews,2024-10-04,2024,https://www.foxnews.com/lifestyle/samaritans-purse-continues-helene-relief-efforts-three-water-filtration-systems-north-carolina,starter
"Book shows alleged Biden-Harris divide surfaced earlier than previous president-VP rifts, some critics say",FoxNews,2022-12-21,2022,https://www.foxnews.com/media/new-book-shows-alleged-biden-harris-divide-surfaced-earlier-previous-president-vp-rifts-critics.print,starter
"Fearing a Trump takeover, Justice Department alumni endorse Kamala Harris",NBC,2024-07-25,2024,https://www.nbcnews.com/politics/2024-election/justice-department-endorse-kamala-harris-fear-trump-rcna163069,starter
Stay toasty with these 8 bedding picks that will keep you warm all winter long,FoxNews,2024-10-18,2024,https://www.foxnews.com/lifestyle/bedding-picks-keep-you-warm.print,starter
"Wisconsin primary on for Tuesday, Supreme Court rules",NBC,2020-04-06,2020,https://www.nbcnews.com/politics/2020-election/wisconsin-supreme-court-overrules-governor-says-election-should-proceed-tuesday-n1177961,starter
"Walz's lack of media exposure hurt him in debate, commentators admit: 'Out of practice'",FoxNews,2024-10-03,2024,https://www.foxnews.com/media/walzs-lack-media-exposure-hurt-him-debate-commentators-admit-out-practice,starter
"James Carville regrets that Biden is running, worries younger generation uninterested in politics",FoxNews,2024-06-10,2024,https://www.foxnews.com/media/james-carville-regrets-biden-running-worries-younger-generation-uninterested-politics,starter
Biden praises Florida Gov. Ron DeSantis as ‘very gracious’ amid hurricane relief effort,FoxNews,2024-10-10,2024,https://www.foxnews.com/media/biden-praises-florida-gov-ron-desantis-very-gracious-amid-hurricane-relief-effort.print,starter
"Israel frustrated U.S. paused weapons shipment over Rafah assault concerns, official says",NBC,2024-05-08,2024,https://www.nbcnews.com/news/world/us-pauses-weapons-shipment-bombs-israel-rafah-assault-cease-fire-gaza-rcna151187,starter
David Axelrod cautions against overconfidence in Kamala Harris: 'It's an Electoral College fight',FoxNews,2024-08-19,2024,https://www.foxnews.com/media/david-axelrod-cautions-against-overconfidence-kamala-harris-its-electoral-college-fight,starter
ACLU sues Biden administration over new asylum rule,NBC,2024-06-12,2024,https://www.nbcnews.com/politics/immigration/aclu-sues-biden-new-asylum-rule-rcna156890,starter
New Jersey twins receive matching heart surgeries after Marfan syndrome diagnosis: 'A better life',FoxNews,2024-03-13,2024,https://www.foxnews.com/health/new-jersey-twins-matching-heart-surgeries-marfan-syndrome-diagnosis-life,starter
What to know about the Israeli protests over Netanyahu's judicial reforms,NBC,2023-03-28,2023,https://www.nbcnews.com/news/world/israel-protests-netanyahu-judicial-reforms-rcna76942,starter
Sinwar's ruthless brother Mohammed slated to take over as leader of Hamas,FoxNews,2024-10-18,2024,https://www.foxnews.com/world/sinwars-ruthless-brother-mohammed-slated-take-over-leader-hamas.print,starter
"The Best Travel Backpacks of 2024, Tested and Reviewed",NBC,2023-05-11,2023,https://www.nbcnews.com/select/shopping/best-carry-travel-backpacks-ncna1267028,starter
"Russia aims to undermine Biden in November election, intel officials say",NBC,2024-07-09,2024,https://www.nbcnews.com/investigations/russia-aims-undermine-biden-november-election-intel-officials-say-rcna161011,starter
Emmy nominations 2024: Complete list,NBC,2024-07-17,2024,https://www.nbcnews.com/pop-culture/pop-culture-news/emmy-nominations-2024-live-updates-rcna162133,starter
Iranian human rights activist Narges Mohammadi wins Nobel Peace Prize for fight against 'oppression of women',NBC,2023-10-06,2023,https://www.nbcnews.com/news/world/iranian-human-rights-activist-narges-mohammadi-wins-nobel-peace-prize-rcna119156,starter
How to Choose the Best Humidifier and How Often to Clean It,NBC,2024-12-24,2024,https://www.nbcnews.com/select/shopping/hey-dewy-humidifier-review-ncna1303397,starter
"Three Kings Day is big in these Latino households, despite Santa's pull",NBC,2020-01-06,2020,https://www.nbcnews.com/news/latino/three-kings-day-still-big-these-latino-households-despite-santa-n1110076,starter
"On this day in history, October 17, 1835, Texas Rangers formally proposed among settlers patrolling frontier",FoxNews,2024-10-17,2024,https://www.foxnews.com/lifestyle/this-day-history-oct-17-1835-texas-rangers-formally-proposed-settlers-frontier,starter
Robin Roberts has awkward exchange on 'Good Morning America' while discussing Harrison Butker's speech,FoxNews,2024-05-16,2024,https://www.foxnews.com/sports/robin-roberts-awkward-exchange-good-morning-america-discussing-harrison-butker-speech.print,starter
"Oklahoma City outlaw biker boss jumped, killed nearly year to day after Texas gunfight",FoxNews,2023-04-05,2023,https://www.foxnews.com/us/oklahoma-city-outlaw-biker-boss-jumped-killed-nearly-year-to-day-after-texas-gunfight,starter
Proud Boys blame Trump as defendants prepare to find out fate in sedition trial,NBC,2023-04-25,2023,https://www.nbcnews.com/politics/justice-department/proud-boys-blame-trump-defendants-prepare-find-fate-sedition-trial-rcna81234,starter
Walz accusations of 'stolen valor' prompt battle between House veterans,FoxNews,2024-08-09,2024,https://www.foxnews.com/politics/walz-accusations-stolen-valor-prompt-battle-between-house-veterans.print,starter
Texas Dem's Senate ad features border wall he once blasted as 'racist',FoxNews,2024-09-12,2024,https://www.foxnews.com/politics/texas-dems-senate-ad-features-border-wall-he-once-blasted-racist,starter
"6 takeaways from the Trump-Harris presidential debate: Candidates spar over economics, abortion",NBC,2024-09-11,2024,https://www.nbcnews.com/politics/2024-election/presidential-debate-takeaways-trump-harris-rcna169060,starter
"Liam Payne 911 call claims singer was intoxicated, 'breaking the whole room' before hotel death",FoxNews,2024-10-17,2024,https://www.foxnews.com/entertainment/liam-payne-911-call-claims-singer-intoxicated-breaking-whole-room-before-hotel-death.print,starter
'My form of therapy': Kamala Harris sips beers and jokes in talk show tour,NBC,2024-10-10,2024,https://www.nbcnews.com/politics/2024-election/-form-therapy-kamala-harris-sips-beers-jokes-talk-show-tour-rcna174738,starter
"DNC 2024 highlights: Barack Obama gives speech after Michelle Obama, Doug Emhoff; Harris rallies in Milwaukee",NBC,2024-08-20,2024,https://www.nbcnews.com/politics/2024-election/live-blog/election-2024-dnc-live-updates-rcna165227/rcrd52743?canonicalCard=true,starter
Bob Dylan museum opening in Tulsa,FoxNews,2022-05-06,2022,https://www.foxnews.com/entertainment/bob-dylan-museum-opening-in-tulsa,starter
"Marco Rubio defends Cuba’s fight against failed socialist government: Leaders are 'evil,' 'incompetent'",FoxNews,2021-07-21,2021,https://www.foxnews.com/media/marco-rubio-cuba-fight-socialist-government-leaders-evil-incompetent.print,starter
"Bill Maher trashes Kamala Harris for being 'full of s---' on Israel, Middle East: 'Just shut up'",FoxNews,2024-09-21,2024,https://www.foxnews.com/media/bill-maher-trashes-kamala-harris-being-full-s-israel-middle-east-just-shut-up.print,starter
Who made the exploding pagers? The messy global trail behind Lebanon blasts,NBC,2024-09-18,2024,https://www.nbcnews.com/news/world/taiwan-firm-denies-making-pagers-used-lebanon-explosions-rcna171594,starter
North Korea launches ICBM after threatening U.S. over alleged spy flights,NBC,2023-07-12,2023,https://www.nbcnews.com/news/world/north-korea-launches-icbm-threatening-us-alleged-spy-flights-rcna93794,starter
"To reduce dementia risk, seniors should take up this outdoor activity, study suggests",FoxNews,2024-10-02,2024,https://www.foxnews.com/health/reduce-dementia-risk-seniors-should-take-outdoor-activity-study-suggests.print,starter
"Steve Kramer, who deepfaked Biden's voice in New Hampshire Democratic primary, is indicted",NBC,2024-05-22,2024,https://www.nbcnews.com/politics/politics-news/steve-kramer-admitted-deepfaking-bidens-voice-new-hampshire-primary-rcna153626,starter
"Israel, Hamas launch rockets, airstrikes as Gaza conflict enters second week",NBC,2021-05-16,2021,https://www.nbcnews.com/news/world/diplomatic-efforts-ceasefire-ramp-after-strikes-claim-more-lives-israel-n1267519,starter
Conservative group unleashes 6-figure ad campaign targeting Biden's menthol cigarette ban,FoxNews,2023-11-01,2023,https://www.foxnews.com/politics/conservative-group-unleashes-six-figure-ad-campaign-targeting-bidens-menthol-cigarette-ban,starter
"Palestinian Al Jazeera journalist Wael Dahdouh's son killed in Israeli strike, but vows to persevere",NBC,2024-01-08,2024,https://www.nbcnews.com/news/world/wael-dahdouh-palestinian-journalist-son-killed-israeli-strike-gaza-rcna132791,starter
Texas Supreme Court rejects challenge to state abortion ban's medical exceptions,FoxNews,2024-06-01,2024,https://www.foxnews.com/politics/texas-supreme-court-rejects-challenge-state-abortion-bans-medical-exceptions,starter
Remembering Elvis Presley on his birthday: The legacy of the king of rock and roll,FoxNews,2024-01-08,2024,https://www.foxnews.com/entertainment/elvis-presley-rock-and-roll,starter
"Gold Star families want National Mall memorial for service members killed in war on terror, decry delays",FoxNews,2021-09-03,2021,https://www.foxnews.com/us/gold-star-families-gwot-memorial-national-mall,starter
United Nations General Assembly: Biden gives final address as president,NBC,2024-09-24,2024,https://www.nbcnews.com/news/world/live-blog/united-nations-general-assembly-live-updates-rcna172388,starter
Why Palestinians fear that if they leave northern Gaza they may never be able to return,NBC,2023-10-23,2023,https://www.nbcnews.com/news/investigations/palestinians-fear-leave-northern-gaza-may-never-able-return-rcna120950,starter
Political handicapper shifts Montana Senate to ‘leans Republican’ as Tester falls behind,FoxNews,2024-09-06,2024,https://www.foxnews.com/politics/political-handicapper-shifts-montana-senate-leans-republican-tester-falls-behind,starter
"Kamala Harris, Donald Trump wrap first presidential debate in Philadelphia",FoxNews,2026-01-14,2026,https://www.foxnews.com/live-news/kamala-harris-donald-trump-presidential-debate-september-10-2024,starter
What is the 'Philadelphi corridor' and why is it a sticking point in Israel-Hamas talks?,NBC,2024-09-03,2024,https://www.nbcnews.com/news/world/philadelphi-corridor-explainer-israel-hamas-talks-cease-fire-gaza-rcna169274,starter
50+ Best Walmart Anti-Prime Day Deals to Shop While You Can,NBC,2024-10-08,2024,https://www.nbcnews.com/select/shopping/walmart-deals-october-2024-rcna173935,starter
SCOTUS to take up challenge to Biden admin's ghost gun rule that group deems ‘abusive’,FoxNews,2024-04-22,2024,https://www.foxnews.com/politics/scotus-take-up-challenge-biden-admins-ghost-gun-rule-group-deems-abusive.print,starter
Share of college students blaming Hamas for Oct. 7 attack on Israel declines in new poll,NBC,2024-04-25,2024,https://www.nbcnews.com/politics/poll-share-college-students-blaming-hamas-oct-7-attack-israel-declines-rcna149152,starter
"'The View' co-host, CNN commentator Ana Navarro to host night 2 of Democratic National Convention",FoxNews,2024-08-19,2024,https://www.foxnews.com/media/the-view-co-host-cnn-commentator-ana-navarro-host-night-2-democratic-national-convention,starter
Four American hostages remain in Hamas captivity a year after Oct. 7 massacre,FoxNews,2024-10-07,2024,https://www.foxnews.com/world/four-american-hostages-remain-hamas-captivity-year-after-oct-7-massacre.print,starter
Denise Richards confesses she went through 'hell and back' for Charlie Sheen during addiction struggles,FoxNews,2023-11-08,2023,https://www.foxnews.com/entertainment/denise-richards-confesses-hell-charlie-sheen-addiction-struggles.print,starter
Lupus expert debunks 7 common myths about the autoimmune disease: ‘Not a death sentence’,FoxNews,2024-05-22,2024,https://www.foxnews.com/health/lupus-expert-debunks-common-myths-autoimmune-disease-not-death-sentence.print,starter
3 workers remain hospitalized after collapse of closed bridge in rural Mississippi killed co-workers,FoxNews,2024-10-17,2024,https://www.foxnews.com/us/3-workers-remain-hospitalized-collapse-closed-bridge-rural-mississippi-killed-co-workers,starter
Netanyahu fitted with pacemaker in emergency procedure as Israel is convulsed ahead of key vote,NBC,2023-07-23,2023,https://www.nbcnews.com/news/world/israels-netanyahu-taken-hospital-heart-procedure-saturday-night-rcna95757,starter
Harris ramps up outreach to Black men with Obama as a key surrogate,NBC,2024-10-14,2024,https://www.nbcnews.com/politics/2024-election/obama-harris-outreach-black-men-rcna175297,starter
Trump falsely accuses Harris of deciding to 'turn Black' during a combative panel with Black journalists,NBC,2024-07-31,2024,https://www.nbcnews.com/politics/donald-trump/trump-focuses-harris-race-black-jobs-combative-panel-black-journalists-rcna164271,starter
Tennessee shooting: Nashville police release security camera footage of Covenant school attack that killed 6,FoxNews,2023-03-27,2023,https://www.foxnews.com/us/tennessee-shooting-nashville-police-release-security-camera-footage-covenant-school-attack-killed-6,starter
Emma Weyant: Second-place finisher in Lia Thomas' NCAA championship race won Olympic medal in 2021,FoxNews,2022-03-18,2022,https://www.foxnews.com/sports/emma-weyant-olympic-medalist-lia-thomas-ncaa-championships,starter
"Meet the Press - May 12, 2024",NBC,2024-05-12,2024,https://www.nbcnews.com/meet-the-press/meet-press-may-12-2024-n1309747,starter
Trump team calls out Walz for ‘weird flex’ after veiled Vance reference at DNC,FoxNews,2024-08-22,2024,https://www.foxnews.com/politics/trump-team-calls-out-walz-weird-flex-veiled-vance-reference-dnc,starter
Best Tom Hanks movies to watch during self-isolation,FoxNews,2020-03-17,2020,https://www.foxnews.com/entertainment/tom-hanks-movies-watch-self-isolation,starter
Hillary Clinton blames women for 2016 election loss: 'They left me',FoxNews,2024-05-26,2024,https://www.foxnews.com/media/hillary-clinton-blames-women-2016-election-loss-they-left-me,starter
UK heatwave risks hottest day ever as wildfires rage across Europe,NBC,2022-07-18,2022,https://www.nbcnews.com/news/world/britain-emergency-heatwave-hot-wildfires-europe-france-spain-portugal-rcna38647,starter
Kamala Harris won't say whether Biden admin has any 'sway' over Israeli PM Netanyahu,FoxNews,2024-10-06,2024,https://www.foxnews.com/media/kamala-harris-wont-say-whether-biden-admin-has-any-sway-over-israeli-pm-netanyahu,starter
Pakistani police fire tear gas at protesting students as anger spreads over alleged on-campus rape,NBC,2024-10-18,2024,https://www.nbcnews.com/news/world/pakistani-police-fire-tear-gas-protesting-students-anger-spreads-alleg-rcna176062,starter
"Israeli-American reservist killed by Hezbollah missile in Israel, IDF says",FoxNews,2023-10-21,2023,https://www.foxnews.com/world/israeli-american-reservist-killed-hezbollah-missile-israel-idf-says,starter
CIA official: Predictions Afghanistan would become a terrorist launching pad after U.S. exit 'did not come to pass',NBC,2024-08-28,2024,https://www.nbcnews.com/investigations/afghanistan-not-terrorist-launching-pad-after-us-exit-says-cia-rcna168672,starter
Key mediator Qatar urges Israel and Hamas to do more to reach a cease-fire deal,NBC,2024-04-28,2024,https://www.nbcnews.com/news/world/qatar-israel-hamas-cease-fire-deal-rcna149702,starter
Rachel Morin's family slams Biden-Harris for silence over her murder allegedly committed by illegal migrant,FoxNews,2024-08-28,2024,https://www.foxnews.com/us/rachel-morins-family-slams-biden-harris-silence-over-her-murder-allegedly-committed-illegal-migrant,starter
"Miami mayor blasts far-left silence on Cuban protests, says crisis exposes fallacy of socialism",FoxNews,2021-07-12,2021,https://www.foxnews.com/media/miami-mayor-blasts-far-left-silence-cuban-protests-crisis-exposes-fallacy-socialism.print,starter
"Biden says the election will be 'free and fair,' but 'I don't know whether it will be peaceful'",NBC,2024-10-04,2024,https://www.nbcnews.com/politics/2024-election/biden-says-election-will-free-fair-dont-know-whether-will-peaceful-rcna174084,starter
Sleep better on your road trip with these 13 travel essentials,FoxNews,2025-03-16,2025,https://www.foxnews.com/lifestyle/sleep-better-your-road-trip-10-travel-necessities,starter
Pennsylvania Gov. Josh Shapiro shares details of his Elon Musk call,NBC,2024-10-09,2024,https://www.nbcnews.com/politics/2024-election/pennsylvania-gov-josh-shapiro-details-call-elon-musk-politics-rcna174735,starter
Trump shooter Thomas Matthew Crooks' parents registered Pennsylvania professional counselors: Records,FoxNews,2024-07-16,2024,https://www.foxnews.com/us/trump-shooter-thomas-matthew-crooks-parents-registered-pennsylvania-professional-counselors-records,starter
"Cuba announces tough economic measures, Cubans brace for hardship",NBC,2023-12-22,2023,https://www.nbcnews.com/news/latino/cuba-announces-tough-economic-measures-cubans-brace-hardship-rcna130861,starter
Trump suggests 'injection' of disinfectant to beat coronavirus and 'clean' the lungs,NBC,2020-04-23,2020,https://www.nbcnews.com/politics/donald-trump/trump-suggests-injection-disinfectant-beat-coronavirus-clean-lungs-n1191216,starter
"Cuba protesters demand food, electricity as Rubio says nation on ‘verge of collapse’ from Marxist policies",FoxNews,2024-03-20,2024,https://www.foxnews.com/world/cuba-protesters-demand-food-electricity-rubio-says-nation-verge-collapse-marxist-policies.print,starter
Trump's comments on Kamala Harris' race shift multiracial voters' views before 2024 Election,NBC,2024-08-05,2024,https://www.nbcnews.com/news/nbcblk/trump-comments-kamala-harris-race-multiracial-voters-2024-election-rcna164856,starter
'Not everything in life is a conspiracy': Andy Kim rejects claim he wore North Korean flag,NBC,2024-10-17,2024,https://www.nbcnews.com/news/asian-america/andy-kim-mike-crispi-north-korea-flag-rcna175890,starter
Tales from The Trail: Trump 'unleashed' with criminal trial over,FoxNews,2024-06-01,2024,https://www.foxnews.com/politics/tales-from-trail-verdict-trial-over-trump.print,starter
"Brian Stelter defends media not covering Hunter Biden in 2020, says critics don't know 'how newsrooms work'",FoxNews,2022-04-07,2022,https://www.foxnews.com/media/cnn-brian-stelter-hunter-biden-disinformation-conference,starter
Moms for Liberty co-founder torches SPLC's 'extremist' label: 'We're not going to stop',FoxNews,2023-06-08,2023,https://www.foxnews.com/media/moms-liberty-co-founder-torches-splcs-extremist-label-not-going-stop.print,starter
Olivia Rodrigo reunites with rumored ex Joshua Bassett for first time since breakup hit 'Drivers License',FoxNews,2022-07-28,2022,https://www.foxnews.com/entertainment/olivia-rodrigo-reunites-ex-joshua-bassett-drivers-license-inspiration.print,starter
"Murder and other violent crime dropped across the U.S. last year, FBI data shows",NBC,2024-09-23,2024,https://www.nbcnews.com/politics/justice-department/violent-crime-dropped-america-last-year-new-fbi-data-shows-rcna172217,starter
January 6 hearing: Capitol riot inquiry invokes emotional police testimony,NBC,2021-07-27,2021,https://www.nbcnews.com/politics/donald-trump/live-blog/capitol-riot-january-6-committee-hearing-n1275078,starter
"Simon Cowell, Lauren Silverman engaged nearly 8 years after welcoming son",FoxNews,2022-01-12,2022,https://www.foxnews.com/entertainment/simon-cowell-lauren-silverman-engaged,starter
Taylor Swift endorses Kamala Harris for president after debate: ‘I’ve made my choice’,FoxNews,2024-09-10,2024,https://foxnews.com/politics/taylor-swift-endorses-kamala-harris-president-after-debate-ive-made-my-choice,starter
FEMA acknowledges Puerto Rico lacks rebuilt homes and a hospital to survive COVID-19,NBC,2020-07-24,2020,https://www.nbcnews.com/news/latino/fema-acknowledges-puerto-rico-lacks-rebuilt-homes-hospital-survive-covid-n1234810,starter
Trump describes in detail being shot by a would-be assassin,NBC,2024-07-19,2024,https://www.nbcnews.com/politics/donald-trump/trump-describes-detail-shot-assassin-rcna162647,starter
"Discord servers used in child abductions, crime rings, sextortion",NBC,2023-06-21,2023,https://www.nbcnews.com/tech/social-media/discord-child-safety-social-platform-challenges-rcna89769,starter
GOP senator demands answers from Biden admin on 'confusing' regulation that could crush farming families,FoxNews,2024-02-10,2024,https://www.foxnews.com/politics/gop-senator-demands-answers-biden-admin-confusing-regulation-could-crush-farming-families.print,starter
Bernie Sanders to force Senate vote on resolution that could freeze aid to Israel,FoxNews,2024-01-16,2024,https://www.foxnews.com/politics/bernie-sanders-force-senate-vote-resolution-could-freeze-aid-israel,starter
"Kamala Harris' far-left record dismissed as 'accusations,' attacks from Trump and GOP: 'She's moderate'",FoxNews,2024-08-01,2024,https://www.foxnews.com/media/kamala-harris-far-left-record-dismissed-accusations-attacks-from-trump-gop-shes-moderate,starter
Republicans say it's time for a wake-up call on abortion. Again.,NBC,2023-11-08,2023,https://www.nbcnews.com/politics/elections/republicans-say-time-wake-call-abortion-rcna124118,starter
LAURA INGRAHAM: Walz has helped tank law enforcement in his state and is on his way to tanking education,FoxNews,2024-08-06,2024,https://www.foxnews.com/media/laura-ingraham-walz-has-helped-tank-law-enforcement-his-state-his-way-tanking-education,starter
How to clean your dog's ears,NBC,2024-05-10,2024,https://www.nbcnews.com/select/shopping/how-to-clean-dogs-ears-rcna151711,starter
What next for Israel after ICJ order to halt Rafah offensive?,NBC,2024-05-27,2024,https://www.nbcnews.com/news/world/israel-icj-order-halt-rafah-offensive-what-next-rcna154102,starter
"On this day in history, September 29, 1907, cowboy crooner and Hollywood icon Gene Autry is born in Texas",FoxNews,2024-09-29,2024,https://www.foxnews.com/lifestyle/this-day-history-sept-29-1907-cowboy-crooner-hollywood-icon-gene-autry-born-texas,starter
Maine’s Paul LePage is back — but has he changed?,NBC,2022-06-15,2022,https://www.nbcnews.com/politics/2022-election/maines-paul-lepage-back-changed-rcna33671,starter
"‘Every day we get closer’ to normalization with Israel, Saudi crown prince says",NBC,2023-09-21,2023,https://www.nbcnews.com/news/world/saudi-israel-normalization-closer-crown-prince-interview-fox-news-rcna111292,starter
Coast Guard helps rescue Hawaii 17-year-old who spent 'nearly 12 hours treading water and clinging to kayak',FoxNews,2024-10-18,2024,https://www.foxnews.com/us/coast-guard-helps-rescue-hawaii-17-year-old-who-spent-nearly-12-hours-treading-water-clinging-kayak.print,starter
"23+ Best Under-Eye Patches of 2026, Tested and Reviewed | NBC Select",NBC,2026-01-07,2026,https://www.nbcnews.com/select/shopping/best-under-eye-patches-masks-ncna1246428,starter
Sneakers generated $70B last year. Black retailers saw little of that.,NBC,2021-10-23,2021,https://www.nbcnews.com/news/nbcblk/sneakers-generated-70b-last-year-black-retailers-saw-little-rcna3546,starter
The best pet care and grooming products: Select Pet Awards 2023,NBC,2023-06-27,2023,https://www.nbcnews.com/select/shopping/best-grooming-care-pet-awards-ncna1305982,starter
One Direction singer Liam Payne's cause of death revealed in preliminary autopsy report,FoxNews,2024-10-17,2024,https://www.foxnews.com/entertainment/one-direction-singer-liam-payne-cause-death-revealed-preliminary-autopsy-report.print,starter
"Mike Pence: 2024 bid will 'test' whether GOP changed, Trump and others 'walking away from US leadership'",FoxNews,2023-06-07,2023,https://www.foxnews.com/media/mike-pence-2024-bid-test-gop-changed-trump-others-walking-away-us-leadership,starter
Biden admin backs down on key eco regulations after Supreme Court ruling,FoxNews,2023-08-29,2023,https://www.foxnews.com/politics/biden-admin-backs-down-key-eco-regulations-supreme-court-ruling,starter
Hamas announces Yahya Sinwar as new political head following Ismail Haniyeh assassination,NBC,2024-08-06,2024,https://www.nbcnews.com/news/world/hamas-says-chosen-yahya-sinwar-mastermind-oct-7-attacks-new-leader-rcna165437,starter
"Michigan Democrats, community leaders sound alarm bells after thousands of voters protest Biden in swing state",FoxNews,2024-02-29,2024,https://www.foxnews.com/media/michigan-democrats-community-leaders-sound-alarm-bells-after-thousands-voters-protest-biden-swing-state,starter
Hard-liner Raisi's 'engineered' Iran election win entrenches conservative rule,NBC,2021-06-21,2021,https://www.nbcnews.com/news/world/hard-liner-raisi-s-engineered-iran-election-win-entrenches-conservative-n1271616,starter
Elon Musk uses X to push his own story about the platform’s suspension in Brazil,NBC,2024-09-05,2024,https://www.nbcnews.com/tech/social-media/musk-uses-x-push-story-platforms-suspension-brazil-rcna169380,starter
"On this day in history, January 8, 1790, George Washington delivers first-ever State of the Union address",FoxNews,2024-01-08,2024,https://www.foxnews.com/lifestyle/this-day-history-jan-8-1790-george-washington-delivers-first-state-union-address,starter
Pennsylvania Republicans to draft bill to relocate migrants on Biden DHS flights to Delaware,FoxNews,2022-01-13,2022,https://www.foxnews.com/politics/pennsylvania-republicans-to-draft-bill-diverting-illegal-immigrants-from-secretive-biden-dhs-flights-to-delawa,starter
"On this day in history, September 18, 1870, Old Faithful geyser in Wyoming is documented and named",FoxNews,2024-09-18,2024,https://www.foxnews.com/lifestyle/this-day-history-september-18-1870-old-faithful-geyser-wyoming-discovered-named.print,starter
PGA of America director defends record-high Ryder Cup prices at Bethpage Black: 'Tier 1 event',FoxNews,2024-10-17,2024,https://www.foxnews.com/sports/pga-america-director-defends-record-high-ryder-cup-prices-bethpage-black-tier-1-event.print,starter
Hispanic House Dems accuse Biden of leaving them in dark on possible executive action at border,FoxNews,2024-02-23,2024,https://www.foxnews.com/politics/hispanic-house-dems-accuse-biden-leaving-them-dark-possible-executive-action-border,starter
GOP donors pour hundreds of millions into pro-Trump super PACs before Election Day,NBC,2024-10-16,2024,https://www.nbcnews.com/politics/2024-election/gop-donors-pour-hundreds-millions-trump-super-pacs-election-day-rcna175705,starter
U.S. still sending weapons to Israel despite Biden's Rafah invasion warning,NBC,2024-05-10,2024,https://www.nbcnews.com/news/world/israel-stand-alone-netanyahu-biden-rafah-weapons-hamas-rcna151608,starter
"Democratic National Convention features CNN, MSNBC figures in plum speaking roles",FoxNews,2024-08-23,2024,https://www.foxnews.com/media/democratic-national-convention-features-cnn-msnbc-figures-plum-speaking-roles,starter
"Blind Michigan judge drives race car — and inspires others to follow their dreams, too",FoxNews,2022-09-03,2022,https://www.foxnews.com/lifestyle/blind-michigan-judge-drives-race-car-inspires-follow-dreams,starter
Happy birthday to America's first presidential centenarian,FoxNews,2024-10-01,2024,https://www.foxnews.com/opinion/happy-birthday-americas-first-presidential-centenarian,starter
A tense new Jan. 6 video shows Republican congressmen admonishing rioters trying to enter House chamber,NBC,2024-01-06,2024,https://www.nbcnews.com/politics/justice-department/tense-new-jan-6-video-shows-republican-congressmen-admonishing-rioters-rcna132625,starter
"On this day in history, January 17, 1706, Benjamin Franklin, Founding Father, is born in Boston",FoxNews,2024-01-17,2024,https://www.foxnews.com/lifestyle/on-this-day-history-jan-17-1706-benjamin-franklin-founding-father-born-boston,starter
Harrison Ford mocks Conan O’Brien after 'Star Wars' dis: ‘You can't f---ing remember',FoxNews,2023-07-06,2023,https://www.foxnews.com/entertainment/harrison-ford-mocks-conan-obrien-star-wars-dis-cant-f-ing-remember,starter
Back to school: Tips for homeschooling the kids as more parents ditch classrooms,FoxNews,2022-09-07,2022,https://www.foxnews.com/lifestyle/tips-for-homeschool-parents-kids.print,starter
Some Palestinians are proud of Sinwar's defiant last stand,NBC,2024-10-18,2024,https://www.nbcnews.com/news/world/sinwar-killed-hamas-gaza-israel-war-rcna176064,starter
"Months after Ahmaud Arbery's death, Georgia governor plans to sign hate crimes bill",NBC,2020-06-24,2020,https://www.nbcnews.com/news/us-news/months-after-ahmaud-arbery-death-georgia-governor-plans-sign-hate-n1232049,starter
How long will the Kamala Harris honeymoon in the polls against Donald Trump last?,FoxNews,2024-07-29,2024,https://www.foxnews.com/politics/how-long-kamala-harris-honeymoon-polls-against-donald-trump-last,starter
Evan Gershkovich: Jailed U.S. reporter's family speak after a year in Russian prison,NBC,2024-03-29,2024,https://www.nbcnews.com/news/world/jailed-us-reporters-friends-family-speak-year-russian-prison-rcna145422,starter
4th gen farmer blasts Biden admin for sending billions to Ukraine as US farmers suffer: 'Facing extinction',FoxNews,2024-02-18,2024,https://www.foxnews.com/politics/4th-gen-farmer-blasts-biden-admin-for-sending-billions-to-ukraine-as-u-s-farmers-suffer-facing-extinction,starter
Kamala Harris talks up McDonald's gig in criticizing Trump's economic plans,NBC,2024-09-25,2024,https://www.nbcnews.com/politics/2024-election/kamala-harris-talks-mcdonalds-gig-criticizing-trumps-economic-plans-rcna172763,starter
50 Cent says ‘vote for Trump’ in light of Biden's tax plan: 'IM OUT',FoxNews,2020-10-19,2020,https://www.foxnews.com/entertainment/50-cent-voting-trump-over-biden-tax-plan,starter
Harrison Ford responds to compliment from reporter at Cannes: ‘Blessed with this body’,FoxNews,2023-05-21,2023,https://www.foxnews.com/entertainment/harrison-ford-responds-compliment-from-reporter-cannes-blessed-with-this-body,starter
"Jan. 6 panel issues subpoenas to Trump's 'alternate electors,' former spokesman",NBC,2022-01-28,2022,https://www.nbcnews.com/politics/donald-trump/jan-6-committee-issues-subpoenas-trump-s-alternate-electors-n1288180,starter
Champion cyclist says she would serve in IDF right now amid removal from International Women's Day event,FoxNews,2024-02-20,2024,https://www.foxnews.com/sports/champion-cyclist-says-she-would-serve-idf-right-now-removal-womens-day-event,starter
"Canadian PM Justin Trudeau announces separation from his wife, Sophie Grégoire Trudeau",NBC,2023-08-02,2023,https://www.nbcnews.com/news/world/canadian-prime-minister-justin-trudeau-announces-separation-wife-sophi-rcna97778,starter
VP Harris mocked for being 'too scared' to do interview without Walz: 'She simply cannot be left unattended',FoxNews,2024-08-28,2024,https://www.foxnews.com/media/vp-harris-mocked-being-too-scared-do-interview-without-walz-she-simply-cannot-left-unattended,starter
15 best skincare products for acne-prone skin in 2026,NBC,2019-07-25,2019,https://www.nbcnews.com/select/shopping/what-are-best-skin-care-products-acne-prone-skin-look-ncna1032911,starter
"'Bloodied' Little Havana demonstrator slams Biden: 'Cubans don't want vaccines, they want freedom'",FoxNews,2021-07-22,2021,https://www.foxnews.com/media/bloodied-pro-cuba-demonstrator-slams-biden-cubans-dont-want-vaccines-they-want-freedom,starter
5 Thanksgiving turkey facts from registered dietitians,FoxNews,2024-11-28,2024,https://www.foxnews.com/lifestyle/5-little-known-facts-thanksgiving-turkey-registered-dieticians,starter
Transgender athlete defeated by woman competitor at major UK competition championship in epic comeback,FoxNews,2024-10-16,2024,https://www.foxnews.com/sports/transgender-athlete-defeated-woman-competitor-major-uk-competition-championship-epic-comeback.print,starter
Maple butter offers a sweet and secret taste of springtime in North America,FoxNews,2024-03-18,2024,https://www.foxnews.com/lifestyle/maple-butter-offers-sweet-secret-taste-springtime-north-america,starter
Trump says he was 'surprised' VP Kamala Harris skipped Al Smith dinner: 'Terrible decision',FoxNews,2024-10-18,2024,https://www.foxnews.com/media/trump-says-he-surprised-vp-kamala-harris-skipped-al-smith-dinner-terrible-decision.print,starter
Trump takes detour to ultra-blue California to spotlight Harris' home turf's failed policies: 'Paradise lost',FoxNews,2024-10-12,2024,https://www.foxnews.com/politics/trump-takes-detour-ultra-blue-california-spotlight-harris-home-turfs-failed-policies-paradise-lost,starter
"'The Jefferson Bible' spotlights complex faith, remarkable intellect of Founding Father",FoxNews,2023-07-04,2023,https://www.foxnews.com/lifestyle/the-jefferson-bible-spotlights-complex-faith-remarkable-intellect-founding-father,starter
"Suspect in Wadea Al-Fayoume death was obsessed with Israel-Hamas war, prosecutors say",NBC,2023-10-16,2023,https://www.nbcnews.com/news/us-news/suspect-wadea-al-fayoume-death-was-obsessed-israel-hamas-war-prosecuto-rcna120589,starter
"Stephen Colbert apologizes for Kate Middleton jokes before she revealed cancer diagnosis, wishes her recovery",FoxNews,2024-03-26,2024,https://www.foxnews.com/media/stephen-colbert-apologizes-kate-middleton-jokes-before-revealed-cancer-diagnosis-wishes-recovery.print,starter
"Biden privately in 'rivalry' with Obama, former president's staff predicted Biden 'would suck as president'",FoxNews,2024-03-18,2024,https://www.foxnews.com/media/biden-privately-rivalry-obama-former-presidents-staff-predicted-biden-would-suck-as-president,starter
"Archbishop of Canterbury condemns gay marriage, but Anglican bishops remain divided",FoxNews,2022-08-07,2022,https://www.foxnews.com/faith-values/archbishop-canterbury-condemns-gay-marriage-anglican-bishops-remain-divided,starter
Sydney Sweeney says paparazzi yelled at her family to force her out of home in a bikini,FoxNews,2024-10-03,2024,https://www.foxnews.com/entertainment/sydney-sweeney-says-paparazzi-yelled-her-family-force-her-out-home-bikini,starter
"Sinwar, mastermind of Oct. 7 attacks, was long sought by Israeli forces",NBC,2024-10-17,2024,https://www.nbcnews.com/news/world/hamas-leader-yahya-sinwar-israel-investigating-dead-rcna175892,starter
Vance spox blasts AP for 'brazenly lying' with out of context school shooting quote: 'Lost all credibility',FoxNews,2024-09-05,2024,https://www.foxnews.com/media/vance-spox-blasts-ap-brazenly-lying-out-context-quote-lost-any-all-credibility,starter
"15 best grilling accessories, according to food experts",NBC,2020-08-14,2020,https://www.nbcnews.com/select/shopping/best-grill-grilling-accessories-ncna1236602,starter
New Jersey couple just sitting in their backyard when massive object falls from sky 'out of nowhere',FoxNews,2024-06-15,2024,https://www.foxnews.com/us/new-jersey-couple-just-sitting-backyard-when-massive-object-falls-from-sky-out-nowhere.print,starter
"Trump declares border a 'war zone,' dings Newsom for doing 'terrible job' as migrant epicenter shifts",FoxNews,2024-02-29,2024,https://www.foxnews.com/media/trump-declares-border-war-zone-dings-newsom-terrible-job-migrant-epicenter-shifts,starter
Top five moments from Secret Service director's hours-long grilling after Trump assassination attempt,FoxNews,2024-07-23,2024,https://www.foxnews.com/politics/top-five-moments-secret-service-directors-hours-long-grilling-after-trump-assassination-attempt,starter
Andy Beshear draws rebuke from Vance over abortion comments,NBC,2024-08-20,2024,https://www.nbcnews.com/politics/2024-election/andy-beshear-draws-rebuke-vance-abortion-comments-rcna167388,starter
Heat in one Arizona county played a role in 645 deaths last year,NBC,2024-03-13,2024,https://www.nbcnews.com/science/environment/heat-one-arizona-county-played-role-645-deaths-last-year-rcna143274,starter
Idaho man charged with threatening to kill Trump in phone calls to Mar-a-Lago,NBC,2024-09-24,2024,https://www.nbcnews.com/politics/donald-trump/idaho-man-charged-threatening-kill-trump-phone-calls-mar-lago-rcna172374,starter
5 Best Facial Cleansing Brushes of 2026,NBC,2020-08-26,2020,https://www.nbcnews.com/select/shopping/best-facial-cleansing-brush-ncna1235250,starter
"Boxer Imane Khelif, previously barred from women's events, wins first Paris Olympics fight",NBC,2024-08-01,2024,https://www.nbcnews.com/nbc-out/out-news/imane-khelif-boxing-win-olympics-gender-eligibility-rcna164662,starter
Two more storms gain strength in Atlantic following devastation of Hurricane Helene,NBC,2024-10-03,2024,https://www.nbcnews.com/news/weather/two-storms-gain-strength-atlantic-devastation-hurricane-helene-rcna173799,starter
Hard-line GOP effort to decentralize Senate leader authority dashed by McConnell ally,FoxNews,2024-10-18,2024,https://www.foxnews.com/politics/hardline-gop-effort-decentralize-senate-leader-authority-dashed-mcconnell-ally.print,starter
"Amy Brown, wife of GOP Senate candidate Sam Brown, opens up about her abortion for the first time publicly",NBC,2024-02-21,2024,https://www.nbcnews.com/politics/2024-election/sam-amy-brown-abortion-nevada-gop-republican-senate-race-rcna136826,starter
37+ Best Gifts for Her: Top Gift Ideas for Women,NBC,2023-12-19,2023,https://www.nbcnews.com/select/shopping/best-gifts-for-her-rcna119276,starter
Pat Sajak staying on as board chair of conservative Hillsdale College,FoxNews,2023-06-19,2023,https://www.foxnews.com/politics/pat-sajak-staying-board-chair-conservative-hillsdale-college,starter
Biden privately remains torn between defiance and acceptance amid calls to step aside,NBC,2024-07-04,2024,https://www.nbcnews.com/politics/2024-election/biden-privately-remains-torn-defiance-acceptance-debate-rcna160274,starter
Weary Israelis endure more Hamas rocket barrages,NBC,2021-05-15,2021,https://www.nbcnews.com/news/world/weary-israelis-endure-more-hamas-rocket-barrages-n1267371,starter
Killer mom Susan Smith disciplined behind bars weeks before parole hearing,FoxNews,2024-10-16,2024,https://www.foxnews.com/us/killer-mom-susan-smith-disciplined-behind-bars-weeks-before-parole-hearing,starter
"On Trump calling Harris 'comrade,' top Democrat surrogates argue 'that boat doesn’t float'",FoxNews,2024-08-22,2024,https://www.foxnews.com/politics/trump-calling-harris-comrade-top-democrat-surrogates-argue-that-boat-doesnt-float,starter
A massive U.S. dock to help deliver aid to Gaza is completed,NBC,2024-05-15,2024,https://www.nbcnews.com/news/world/massive-us-dock-deliver-food-humanitarian-aid-will-reach-gaza-tonight-rcna147623,starter
Far-right Israeli lawmaker's visit sparks Jerusalem unrest before contentious flag march,NBC,2022-05-29,2022,https://www.nbcnews.com/news/world/visit-far-right-israeli-lawmaker-sparks-jerusalem-unrest-ahead-content-rcna31011,starter
Puerto Rico sees more pain and little progress three years after Hurricane Maria,NBC,2020-09-20,2020,https://www.nbcnews.com/news/latino/puerto-rico-sees-more-pain-little-progress-three-years-after-n1240513,starter
FLASHBACK: CNN's Brian Stelter claimed Chris Cuomo upheld journalistic 'boundaries' during Colbert interview,FoxNews,2021-12-01,2021,https://www.foxnews.com/media/cnn-brian-stelter-chris-cuomo-late-show-stephen-colbert,starter
Turkey's Erdogan threatens to invade Israel over war in Gaza as regional tensions grow,FoxNews,2024-07-29,2024,https://www.foxnews.com/world/turkeys-erdogan-threatens-to-invade-israel-over-war-in-gaza-regional-tensions-grow,starter
Trump throws support behind Republican businessman looking to flip Wisconsin Senate seat: 'Go out and win',FoxNews,2024-04-03,2024,https://www.foxnews.com/politics/trump-support-republican-businessman-looking-flip-wisconsin-senate-seat-go-win,starter
"Heat waves hitting U.S. and Europe 'virtually impossible' without climate change, researchers say",NBC,2023-07-25,2023,https://www.nbcnews.com/science/environment/heat-waves-hitting-us-europe-virtually-impossible-climate-change-resea-rcna95956,starter
"Obama, stumping for Harris in key battleground, charges Trump 'will makes problems worse'",FoxNews,2024-10-10,2024,https://www.foxnews.com/politics/obama-stumping-harris-key-battleground-charges-trump-will-makes-problems-worse,starter
Blinken arrives in Israel to strengthen Gaza cease-fire,NBC,2021-05-25,2021,https://www.nbcnews.com/news/world/blinken-arrives-israel-shore-gaza-cease-fire-n1268447,starter
U.S. officially points the finger at Saudi Crown Prince Mohammed bin Salman for Khashoggi killing,NBC,2021-02-26,2021,https://www.nbcnews.com/politics/national-security/u-s-officially-points-finger-saudi-crown-prince-mohammed-bin-n1258987,starter
Israelis protest Netanyahu's contentious plan to overhaul judicial system,NBC,2023-02-14,2023,https://www.nbcnews.com/news/world/israel-protest-netanyahus-judicial-overhaul-rcna70535,starter
"Blinken meets Qatar PM, says Israeli actions are not 'retaliation,' but 'defending the lives of its people'",FoxNews,2023-10-13,2023,https://www.foxnews.com/politics/blinken-meets-with-qatars-prime-minister.print,starter
Liam Payne’s death has One Direction creator Simon Cowell feeling ‘empty’,FoxNews,2024-10-18,2024,https://www.foxnews.com/entertainment/liam-paynes-death-has-one-direction-creator-simon-cowell-feeling-empty,starter
Auburn cheerleader knocks down Oklahoma player running onto field while performing stunts,FoxNews,2024-09-28,2024,https://www.foxnews.com/sports/auburn-cheeleader-knocks-down-oklahoma-player-running-onto-field-while-performing-stunts.print,starter
"The 13+ Best Flat Irons of 2026, According to Experts | NBC Select",NBC,2025-10-22,2025,https://www.nbcnews.com/select/shopping/best-flat-irons-hair-straighteners-ncna1234372,starter
"Migrant gang taking over Colorado apartment complex ‘not an isolated occurrence,' former resident says",FoxNews,2024-08-31,2024,https://www.foxnews.com/media/migrant-gang-taking-over-colorado-apartment-complex-not-isolated-occurrence-former-resident-says,starter
"Biden's case for re-election is improving, but his polling against Trump is still shaky",NBC,2024-03-27,2024,https://www.nbcnews.com/politics/2024-election/bidens-improving-polling-trump-shaky-rcna143968,starter
'Has done nothing': GOP Senate hopeful rips Dem opponent for not holding Biden-Harris accountable on key issue,FoxNews,2024-10-12,2024,https://www.foxnews.com/politics/gop-senate-hopeful-rips-dem-opponent-not-holding-biden-harris-accountable-key-issue,starter
5 things to know about the special counsel’s indictment of Trump,NBC,2023-08-02,2023,https://www.nbcnews.com/politics/donald-trump/key-takeaways-trump-indictment-jack-smith-2020-election-rcna97648,starter
"On July 4, 'remember the blessing of living in the most free and prosperous society' on Earth",FoxNews,2023-07-04,2023,https://www.foxnews.com/lifestyle/july-4-remember-blessing-living-most-free-prosperous-society-earth,starter
Democratic heavyweights to speak at party's convention; preparing for large Palestinian protests,FoxNews,2024-08-12,2024,https://www.foxnews.com/politics/democratic-heavyweights-speak-partys-convention-preparing-large-palestinian-protests,starter
Mudslinging candidates in heated House race face voters on big primary day,FoxNews,2024-05-14,2024,https://www.foxnews.com/politics/mudslinging-candidates-heated-house-race-face-voters-big-primary-day,starter
"Putin didn't order plane crash to kill Prigozhin, Kremlin says",NBC,2023-08-25,2023,https://www.nbcnews.com/news/world/kremlin-denies-prigozhin-plane-crash-ordered-putin-assassination-rcna101764,starter
Biden gives historic interview to LGBTQ newspaper,NBC,2024-09-16,2024,https://www.nbcnews.com/nbc-out/out-news/biden-gives-historic-interview-lgbtq-newspaper-washington-blade-rcna171349,starter
Hakeem Jeffries boasts Democrats are 'effectively' governing as the majority in the House: 'Just the facts',FoxNews,2024-05-07,2024,https://www.foxnews.com/media/hakeem-jeffries-boasts-democrats-effectively-governing-majority-house-just-facts,starter
Trump-hatted rioter sentenced for bear-spraying 8 officers on Jan. 6,NBC,2023-11-06,2023,https://www.nbcnews.com/politics/justice-department/trump-hatted-rioter-sentenced-bear-spraying-8-officers-jan-6-rcna123792,starter
Environmentalists are blocking forest management methods saving iconic sequoias amid Yosemite wildfire,FoxNews,2022-07-14,2022,https://www.foxnews.com/politics/environmentalists-blocking-forest-management-methods-saving-sequoias-yosemite-wildfire,starter
Kamala Harris may have locked down her first electoral vote this week,NBC,2024-09-26,2024,https://www.nbcnews.com/politics/2024-election/harris-may-locked-first-electoral-vote-nebraska-omaha-rcna172841,starter
Virginia teacher shot by 6-year-old student in classroom says she'll 'never forget the look on his face',FoxNews,2023-03-21,2023,https://www.foxnews.com/us/virginia-teacher-shot-6-year-old-student-classroom-says-shell-never-forget-look-face,starter
"Airline passenger captures 'manspreading' moment in viral TikTok, sparking debate",FoxNews,2024-09-06,2024,https://www.foxnews.com/travel/airline-passenger-captures-manspreading-moment-viral-tiktok-sparking-debate.print,starter
Denise Richards says losing out on lead role of ‘90s cult classic was a ‘blessing’,FoxNews,2024-10-18,2024,https://www.foxnews.com/entertainment/denise-richards-says-losing-out-lead-role-90s-cult-classic-blessing.print,starter
"Earthquake hits Puerto Rico, island jolted by 5.8 magnitude quake",NBC,2020-01-06,2020,https://www.nbcnews.com/news/us-news/earthquake-hits-puerto-rico-island-jolted-5-7-magnitude-quake-n1111046,starter
"Election news: January 3, 2024",NBC,2024-01-03,2024,https://www.nbcnews.com/politics/2024-election/live-blog/election-2024-live-updates-rcna131517/rcrd29050?canonicalCard=true,starter
Israel strikes Hezbollah targets inside Lebanon; IDF warns residents to stay near bomb shelters,FoxNews,2024-09-19,2024,https://www.foxnews.com/world/israel-strikes-hezbollah-targets-inside-lebanon-idf-warns-residents-stay-near-bomb-shelters,starter
"U.S., Microsoft seize over 100 websites allegedly used by Russian spies",NBC,2024-10-03,2024,https://www.nbcnews.com/tech/security/us-microsoft-seize-100-websites-allegedly-used-russian-spies-rcna173784,starter
'Woke' DA sued by his own office for allegedly protecting ethics chief charged with felonies,FoxNews,2024-09-13,2024,https://www.foxnews.com/us/woke-da-sued-by-own-office-allegedly-protecting-ethics-chief-charged-with-felonies,starter
Israel-Hezbollah live updates: Netanyahu orders 'full force' in Lebanon despite U.S. push for cease-fire,NBC,2024-09-26,2024,https://www.nbcnews.com/news/world/live-blog/live-updates-israel-hezbollah-lebanon-cease-fire-strikes-rcna172793,starter
Trump appears on Logan Paul’s podcast in a bid for young voters,NBC,2024-06-14,2024,https://www.nbcnews.com/tech/social-media/trump-logan-paul-podcast-interview-video-youtube-rcna157193,starter
"GOP Sen. Murkowski says she will vote against witnesses, calls impeachment articles 'rushed and flawed'",NBC,2020-01-31,2020,https://www.nbcnews.com/politics/trump-impeachment-inquiry/gop-sen-murkowski-says-she-will-vote-against-witnesses-calls-n1127381,starter
Lexi Thompson reflects on 'emotional week' playing for USA for likely last time at Solheim Cup,FoxNews,2024-09-27,2024,https://www.foxnews.com/sports/lexi-thompson-reflects-emotional-week-playing-usa-likely-last-time-solheim-cup,starter
‘Euphoria’ star Sydney Sweeney’s dad ‘walked out’ during her explicit scenes after watching show,FoxNews,2023-06-03,2023,https://www.foxnews.com/entertainment/euphoria-star-sydney-sweeneys-dad-walked-out-explicit-scenes-watching-show.print,starter
Columbia anti-Israel agitators to reach ‘crescendo of intimidation’ as school suffers latest black eye,FoxNews,2024-09-09,2024,https://www.foxnews.com/us/columbia-anti-israel-agitators-reach-crescendo-intimidation-school-suffers-latest-black-eye,starter
CBS '60 Minutes' airs two different answers from VP Harris to the same question,FoxNews,2024-10-08,2024,https://www.foxnews.com/media/cbs-60-minutes-airs-two-different-answers-from-vp-harris-same-question.print,starter
Harris visits crucial border state as immigration record sparks scrutiny: A timeline,FoxNews,2024-09-27,2024,https://www.foxnews.com/politics/harris-visits-crucial-border-state-immigration-record-sparks-scrutiny-timeline,starter
Rapper 50 Cent shares why people 'identify' with Trump after assassination attempt,FoxNews,2024-09-23,2024,https://www.foxnews.com/media/rapper-50-cent-shares-why-people-identify-trump-after-assassination-attempt,starter
Jan. 6 rioter who charged police while carrying a gun sentenced to 7 years,NBC,2023-07-19,2023,https://www.nbcnews.com/politics/justice-department/jan-6-rioter-charged-police-carrying-gun-sentenced-7-years-rcna94940,starter
Ask a doctor: ‘Why do I keep eating foods that I know are bad for me?’,FoxNews,2024-06-17,2024,https://www.foxnews.com/health/ask-doctor-why-keep-eating-foods-know-bad-me,starter
"Israel-Hamas cease-fire close to the goal line, Blinken says",NBC,2024-07-20,2024,https://www.nbcnews.com/news/world/israel-hamas-cease-fire-close-goal-line-blinken-rcna162823,starter
What is Angelman syndrome? Colin Farrell’s son is living with this rare disease,FoxNews,2024-08-09,2024,https://www.foxnews.com/health/angelman-syndrome-colin-farrells-son-living-rare-disease.print,starter
NJ announces emergency dune repairs in shore town penalized for doing them itself,FoxNews,2024-04-26,2024,https://www.foxnews.com/politics/nj-announces-emergency-dune-repairs-shore-town-penalized-doing-itself,starter
"Trump spars with Harris, moderators during heated presidential debate: 'She doesn't have a plan'",FoxNews,2024-09-10,2024,https://foxnews.com/politics/trump-spars-harris-moderators-during-heated-presidential-debate-doesnt-have-plan,starter
Caregiver fatigue in America rising at unprecedented rate: reports,FoxNews,2022-03-17,2022,https://www.foxnews.com/health/caregiver-fatigue-america-unprecedented-rise-report,starter
You’ll laugh at who MSNBC brought to whine about Trump’s alleged affair,FoxNews,2024-05-19,2024,https://www.foxnews.com/opinion/youll-laugh-msnbc-brought-whine-about-trumps-alleged-affair,starter
Bill Maher roasts woke 'presentism': 'A magic moral time machine' where you always win,FoxNews,2022-09-17,2022,https://www.foxnews.com/media/bill-maher-roasts-woke-presentism-magic-moral-time-machine-you-always-win,starter
Trump says presidential civilian award is 'better' than top military honor whose recipients are 'dead' or 'hit' by bullets,NBC,2024-08-16,2024,https://www.nbcnews.com/politics/2024-election/trump-says-presidential-civilian-award-better-top-military-honor-whose-rcna166855,starter
Harris now backing away from several far-left stances she once promoted,FoxNews,2024-07-30,2024,https://www.foxnews.com/politics/harris-now-backing-away-several-far-left-stances-she-once-promoted,starter
"Hamas 'affiliates' reportedly call hostage families with threats, harassment: 'you won't see your loved ones'",FoxNews,2024-08-24,2024,https://www.foxnews.com/world/hamas-affiliates-reportedly-call-hostage-families-threats-harassment-you-wont-see-your-loved-ones,starter
Trump says Howard Stern was great until he ‘went woke’ and ratings have 'gone down the tubes',FoxNews,2024-09-19,2024,https://www.foxnews.com/media/trump-says-howard-stern-great-went-woke-ratings-down-tubes,starter
"Why Biden did the debate throwdown, Trump agreed, and the risks for each side",FoxNews,2024-05-16,2024,https://www.foxnews.com/politics/why-biden-did-debate-throwdown-trump-agreed-risks-each-side,starter
Trump says crime is out of control. The numbers tell a different story.,NBC,2024-10-02,2024,https://www.nbcnews.com/investigations/trump-says-crime-up-fbi-numbers-say-crime-historic-lows-rcna173590,starter
"Texas woman accidentally swallows partial dentures, here's how a medical team saved the day",FoxNews,2023-07-23,2023,https://www.foxnews.com/lifestyle/texas-woman-accidentally-swallows-partial-dentures-how-medical-team-saved,starter
"NY teacher, US Coast Guard member who lost an eye won't allow 'freak accident' to define his life",FoxNews,2022-10-26,2022,https://www.foxnews.com/lifestyle/ny-teacher-us-coast-guard-member-lost-eye-wont-allow-freak-accident-define-life,starter
Good Samaritan helps drag wounded Houston cop out of highway gunfight,FoxNews,2023-11-14,2023,https://www.foxnews.com/us/good-samaritan-helps-drag-wounded-houston-cop-out-highway-gunfight.print,starter
Phoenix weathers 100 days of 100-plus degree temperatures,NBC,2024-09-03,2024,https://www.nbcnews.com/science/environment/phoenix-100-days-100-degree-temperatures-rcna169438,starter
Schumer’s anti-Netanyahu speech strengthens Bibi in Israel's war to defeat Hamas,FoxNews,2024-03-16,2024,https://www.foxnews.com/world/schumers-anti-netanyahu-speech-strengthens-bibi-israels-war-defeat-hamas,starter
Baltimore bridge collapse: Congressional leaders considering federal assistance,FoxNews,2024-03-26,2024,https://www.foxnews.com/politics/baltimore-bridge-collapse-congressional-leaders-considering-federal-assistance,starter
"Dark money group linked to foreign billionaire infused millions of dollars to major Dem, left-wing causes",FoxNews,2022-12-29,2022,https://www.foxnews.com/politics/dark-money-group-linked-foreign-billionaire-infused-millions-dollars-major-dem-left-wing-causes,starter
"Trump launches GoFundMe to help Hurricane Helene victims, raises more than $1M",FoxNews,2024-09-30,2024,https://www.foxnews.com/us/trump-launches-gofundme-help-hurricane-helene-victims-raises-more-1m,starter
20 best Father's Day fishing gifts for dad,NBC,2021-06-11,2021,https://www.nbcnews.com/select/shopping/fathers-day-fishing-gifts-ncna1270469,starter
"Farmers, ranchers, landowners take aim at Biden admin for latest crackdown",FoxNews,2023-09-01,2023,https://www.foxnews.com/politics/farmers-ranchers-landowners-take-aim-biden-admin-latest-crackdown.print,starter
Trump calls people charged and convicted for Jan. 6 riots 'hostages',NBC,2023-11-03,2023,https://www.nbcnews.com/meet-the-press/meetthepressblog/trump-calls-people-charged-convicted-jan-6-riots-hostages-rcna123617,starter
Vice President Kamala Harris names Minnesota Gov. Tim Walz as her running mate,FoxNews,2024-08-06,2024,https://www.foxnews.com/politics/vice-president-kamala-harris-names-minnesota-gov-tim-walz-her-running-mate,starter
'Top Thrill 2' roller coaster at Cedar Point closes indefinitely just days after long-awaited opening,FoxNews,2024-05-14,2024,https://www.foxnews.com/travel/top-thrill-2-roller-coaster-cedar-point-closes-indefinitely-days-after-opening,starter
This epidemic is America's modern civil rights challenge,FoxNews,2024-02-04,2024,https://www.foxnews.com/opinion/epidemic-americas-modern-civil-rights-challenge,starter
Judge rules against RFK Jr.'s bid to appear on New York ballot this fall,NBC,2024-08-12,2024,https://www.nbcnews.com/politics/2024-election/judge-rules-rfk-jrs-bid-appear-new-york-ballot-fall-rcna166316,starter
First on Fox: Top outside group backing Senate Republicans showcases fundraising haul,FoxNews,2024-10-15,2024,https://www.foxnews.com/politics/first-fox-top-outside-group-backing-senate-republicans,starter
Trump crushing Harris in Pennsylvania bakery's election 'cookie poll': 'People are upset',FoxNews,2024-09-14,2024,https://www.foxnews.com/media/trump-crushing-harris-pennsylvania-bakerys-election-cookie-poll-people-upset.print,starter
Biden says he's 'not surprised' by judge's 'specious' decision to toss Trump documents case,NBC,2024-07-16,2024,https://www.nbcnews.com/politics/joe-biden/biden-says-not-surprised-judges-specious-decision-toss-trump-documents-rcna162000,starter
Would-be Trump assassin wants Judge Cannon to recuse herself for dismissing document case,FoxNews,2024-10-18,2024,https://www.foxnews.com/us/would-be-trump-assassin-wants-judge-cannon-recuse-herself-dismissing-document-case.print,starter
FEMA head denies agency is short on money for disaster relief because funds went to illegal immigrants,FoxNews,2024-10-06,2024,https://www.foxnews.com/media/fema-head-denies-agency-short-money-disaster-relief-because-funds-went-illegal-immigrants,starter
Trump's name will appear on coronavirus relief checks,NBC,2020-04-15,2020,https://www.nbcnews.com/politics/donald-trump/trump-s-name-will-appear-coronavirus-relief-checks-n1184026,starter
Palestinians reel from repeated strikes on 'humanitarian zones',NBC,2024-06-22,2024,https://www.nbcnews.com/news/world/palestinians-reel-repeated-strikes-humanitarian-zones-rcna158126,starter
Taylor Swift's songs reappear on TikTok ahead of pop star's new album release despite dispute,FoxNews,2024-04-11,2024,https://www.foxnews.com/entertainment/taylor-swifts-songs-reappear-tiktok-ahead-pop-stars-new-album-release-despite-dispute,starter
Jan. 6 hearing highlights: What to expect as former White House aide Cassidy Hutchinson testifies,NBC,2022-06-28,2022,https://www.nbcnews.com/politics/live-blog/jan-6-hearing-expect-top-trump-admin-aide-testifies-rcna35551,starter
"Tom Cruise, Harrison Ford, Charlize Theron suffer brutal injuries risking their bodies on set",FoxNews,2023-06-12,2023,https://www.foxnews.com/entertainment/tom-cruise-harrison-ford-charlize-theron-suffer-brutal-injuries-risking-their-bodies-on-set,starter
Alert St. Louis hotel staff helps save kidnapped Florida women from captors: report,FoxNews,2023-11-03,2023,https://www.foxnews.com/us/alert-st-louis-hotel-staff-helps-save-kidnapped-florida-women-from-captors-report,starter
Israeli woman kidnapped by Hamas: I won’t stop fighting for hostages,NBC,2024-09-24,2024,https://www.nbcnews.com/news/world/israeli-woman-kidnapped-by-hamas-fighting-for-hostages-rcna172509,starter
"Anti-Asian bias rose after media, officials used 'China virus,' report shows",NBC,2020-09-29,2020,https://www.nbcnews.com/news/asian-america/anti-asian-bias-rose-after-media-officials-used-china-virus-n1241364,starter
"Intricacies of St Augustine, the oldest city in the United States",FoxNews,2024-08-15,2024,https://www.foxnews.com/lifestyle/st-augustine-oldest-city-united-states,starter
Trump stages Mar-a-Lago press conference in 'stark contrast' with Harris as she avoids media,FoxNews,2024-08-08,2024,https://www.foxnews.com/politics/trump-stage-mar-a-lago-press-conference-stark-contrast-harris-she-avoids-media,starter
Border Patrol Union endorses controversial Senate border deal: ‘far better than the status quo’,FoxNews,2024-02-05,2024,https://www.foxnews.com/politics/border-patrol-union-endorses-controversial-senate-border-deal-far-better-status-quo,starter
Can Israel take out the tunnels that Hamas uses to move its fighters and weapons?,NBC,2023-10-13,2023,https://www.nbcnews.com/news/world/can-israel-take-out-tunnels-hamas-uses-move-fighters-weapons-rcna120315,starter
Foo Fighters drummer Taylor Hawkins dead at 50,FoxNews,2022-03-25,2022,https://www.foxnews.com/entertainment/foo-fighters-drummer-taylor-hawkins-dead-at-50,starter
Victims of Hamas attack in Israel and their families blame Iran in new federal lawsuit,NBC,2024-01-31,2024,https://www.nbcnews.com/news/world/victims-hamas-attack-israel-families-blame-iran-new-federal-lawsuit-rcna136571,starter
"The most popular gifts this season, according to Google",NBC,2021-11-10,2021,https://www.nbcnews.com/select/shopping/google-shopping-holiday-100-2021-ncna1283647,starter
Biden-Harris HHS secretary sidesteps backing any limit on late-term abortion,FoxNews,2024-08-21,2024,https://www.foxnews.com/politics/biden-harris-hhs-secretary-sidesteps-backing-any-limit-late-term-abortion,starter
Biden admin carefully ramps up criticism of Israel over the Gaza war but stops short of cutting off military aid,NBC,2024-03-05,2024,https://www.nbcnews.com/politics/national-security/biden-increases-criticism-israel-gaza-still-provides-military-aid-rcna141775,starter
Trump says ABC debate moderators favored Kamala Harris: 'It was three to one',FoxNews,2024-09-11,2024,https://www.foxnews.com/media/trump-says-abc-debate-moderators-favored-kamala-harris-three-one,starter
"Kate Moss, 50, takes Victoria's Secret fashion show by storm in surprise appearance with daughter Lila, 22",FoxNews,2024-10-16,2024,https://www.foxnews.com/entertainment/kate-moss-50-victorias-secret-fashion-show-surprise-appearance-daughter-lila-22,starter
"Apparent Trump plot suspect Ryan Routh wrote 'This was an assassination attempt,' court filing shows",NBC,2024-09-23,2024,https://www.nbcnews.com/news/us-news/man-charged-apparent-trump-plot-wrote-assassination-attempt-court-rcna172199,starter
'The View' returns with glowing endorsement of Kamala Harris' 'flawless' campaign,FoxNews,2024-09-03,2024,https://www.foxnews.com/media/the-view-returns-glowing-endorsement-kamala-harris-flawless-campaign.print,starter
Peptides in Skin Care: What They Do and the Best Products to Try,NBC,2026-02-09,2026,https://www.nbcnews.com/select/shopping/best-peptides-for-skin-rcna156798,starter
How 'sex addiction' has historically been used to absolve white men,NBC,2021-03-20,2021,https://www.nbcnews.com/news/asian-america/how-sex-addiction-has-historically-been-used-absolve-white-men-n1261623,starter
Harris barnstorms Wisconsin in 1-day swing state tour targeting young voters,FoxNews,2024-10-17,2024,https://www.foxnews.com/politics/harris-barnstorms-wisconsin-1-day-swing-state-tour-targeting-young-voters,starter
A Trump employee told the FBI that the former president ordered staff to move boxes of documents at Mar-a-Lago,NBC,2022-10-13,2022,https://www.nbcnews.com/politics/donald-trump/trump-employee-told-fbi-former-president-ordered-staff-move-boxes-docu-rcna52019,starter
Trump announces 'Operation Aurora' to target illegal immigrant gang members in Colorado,FoxNews,2024-10-11,2024,https://www.foxnews.com/politics/trump-announces-operation-aurora-target-illegal-immigrant-gang-members-colorado,starter
Dementia advice: Here are 16 safe things to say to your loved one,FoxNews,2024-08-27,2024,https://www.foxnews.com/health/dementia-advice-16-safe-things-say-loved-one,starter
Tested and Reviewed: 15+ Best Vitamin C Serums of 2026,NBC,2025-10-29,2025,https://www.nbcnews.com/select/shopping/best-vitamin-c-serums-ncna1262849,starter
Nashville school shooting: Audrey Hale police bodycams released,FoxNews,2023-03-28,2023,https://www.foxnews.com/us/nashville-school-shooting-audrey-hale-police-bodycams-released.print,starter
The feds say they're in for the long haul on Jan. 6 investigation,NBC,2023-01-06,2023,https://www.nbcnews.com/politics/justice-department/feds-say-long-haul-jan-6-investigation-rcna61728,starter
"The Best Cat Litter Boxes of 2026, According to Veterinarians",NBC,2023-03-27,2023,https://www.nbcnews.com/select/shopping/best-cat-litter-boxes-ncna1303837,starter
"In protests against Israel, 'American way of freedom' is being 'deeply challenged,' says author and historian",FoxNews,2023-11-13,2023,https://www.foxnews.com/lifestyle/protests-against-israel-american-way-freedom-deeply-challenged-says-author-historian,starter
When campaign and football season collide: Harris and Trump battle for sports fans: From the Politics Desk,NBC,2024-10-18,2024,https://www.nbcnews.com/politics/harris-trump-battle-sports-fans-politcs-desk-rcna176181,starter
"Best Disposable Face Masks, According to Doctors | NBC Select",NBC,2021-01-05,2021,https://www.nbcnews.com/select/shopping/best-disposable-face-mask-ncna1252865,starter
Inside the effort to create a far-reaching U.S.-Saudi-Israeli pact to end the war,NBC,2024-01-18,2024,https://www.nbcnews.com/investigations/effort-create-far-reaching-us-saudi-israeli-pact-end-war-rcna134396,starter
"Shane Jenkins, Jan. 6 rioter who smashed Capitol window, sentenced to 7 years",NBC,2023-10-07,2023,https://www.nbcnews.com/politics/justice-department/shane-jenkins-trump-supporter-jan-6-riot-prison-7-years-rcna119294,starter
"Demi Moore on isolating with ex Bruce Willis, daughters: 'It was amazing'",FoxNews,2021-02-04,2021,https://www.foxnews.com/entertainment/demi-moore-isolating-bruce-willis-daughters-amazing,starter
Heat waves overlap as warming climate makes extreme temperatures more likely,NBC,2022-07-19,2022,https://www.nbcnews.com/science/environment/heat-waves-overlap-warming-climate-makes-extreme-temperatures-likely-rcna38866,starter
How to stay focused when you're working from home,NBC,2020-03-20,2020,https://www.nbcnews.com/select/shopping/best-tech-devices-focus-ncna1164246,starter
Voters in Obama's backyard weigh in on 'dangerous' Kamala and 2024 race: 'I'm a Trump fan',FoxNews,2024-08-22,2024,https://www.foxnews.com/politics/voters-obamas-backyard-weigh-dangerous-kamala-2024-race-im-trump-fan,starter
DNC chair says majority of delegates have voted to give Harris the Democratic nomination,NBC,2024-08-02,2024,https://www.nbcnews.com/politics/2024-election/dnc-chair-says-majority-delegates-voted-give-harris-democratic-nominat-rcna164743,starter
The Covid summer wave is here,NBC,2024-06-24,2024,https://www.nbcnews.com/health/health-news/covid-summer-wave-rcna158638,starter
'It'll upend the community': PA town roiled by talk of migrant housing in Civil War-era orphanage building,FoxNews,2024-09-13,2024,https://www.foxnews.com/politics/itll-upend-community-pa-town-roiled-talk-migrant-housing-civil-war-era-orphanage-building.print,starter
"Israel, Morocco agree to normalize relations in U.S.-brokered deal",NBC,2020-12-10,2020,https://www.nbcnews.com/news/world/israel-morocco-agree-normalize-relations-u-s-brokered-deal-n1250746,starter
Trump spox battles CNN host over Harris as the 'change' candidate: She's in White House 'right now',FoxNews,2024-08-29,2024,https://www.foxnews.com/media/trump-spox-battles-cnn-host-over-harris-change-candidate-shes-white-house-right-now.print,starter
The Washington Post wages war on Elon Musk as he takes over Twitter,FoxNews,2022-04-27,2022,https://www.foxnews.com/media/the-washington-post-elon-musk-war-twitter-takeover,starter
"Mahsa Amini did not die from blows to body, Iranian coroner says amid widespread protests",NBC,2022-10-07,2022,https://www.nbcnews.com/news/world/mahsa-amini-death-iran-morality-police-protests-coroner-report-rcna51169,starter
31 best tech gifts: Select Giftable Tech Awards 2023,NBC,2023-10-24,2023,https://www.nbcnews.com/select/shopping/best-tech-gifts-giftable-tech-awards-rcna121422,starter
Lady Liberty stands tall – amid lightning strike in NY Harbor,FoxNews,2020-07-23,2020,https://www.foxnews.com/us/lady-liberty-stands-tall-amid-lightning-strike-in-ny-harbor,starter
"Russia says Ukrainian intel chief responsible for Crimea bridge attack, increasing assassination risk",FoxNews,2022-10-12,2022,https://www.foxnews.com/world/russia-says-ukrainian-intel-chief-responsible-crimea-bridge-attack-increasing-assassination-risk,starter
"Colorado video shows Tren de Aragua gang beating apartment complex worker in extortion bid, company says",FoxNews,2024-10-16,2024,https://www.foxnews.com/us/colorado-video-shows-tren-de-aragua-gang-beating-apartment-complex-worker-extortion-bid-company-says,starter
Harrison Ford’s 80th birthday: A look back at some of his best roles,FoxNews,2022-07-13,2022,https://www.foxnews.com/entertainment/harrison-fords-80th-birthday-look-back-some-best-roles,starter
Trump set to host rally in Biden's home state ahead of hush money trial,FoxNews,2024-04-13,2024,https://www.foxnews.com/politics/trump-set-host-rally-bidens-home-state-hush-money-trial,starter
Why fewer adults are ‘extremely proud’ to be American: Experts warn people are focused on ‘individualism’,FoxNews,2023-08-05,2023,https://www.foxnews.com/media/fewer-adults-extremely-proud-american-experts-warn-people-focused-individualism,starter
"Netanyahu speech cheered in Congress, decried by hostage families",NBC,2024-07-25,2024,https://www.nbcnews.com/news/world/netanyahu-speech-congress-israel-hostage-families-gaza-hamas-rcna163581,starter
Republicans block another vote on IVF protections as Harris makes it a 2024 issue,NBC,2024-09-17,2024,https://www.nbcnews.com/politics/congress/republicans-block-another-vote-ivf-protections-harris-makes-2024-issue-rcna171463,starter
"4.8M borrowers — including 1M in public service — have had student debt forgiven, Biden admin says",NBC,2024-10-17,2024,https://www.nbcnews.com/politics/white-house/48-million-borrowers-1-million-public-service-student-debt-forgiven-bi-rcna175889,starter
Voters react to Vance 'non-answer' when asked if Trump won 2020 election,FoxNews,2024-10-02,2024,https://www.foxnews.com/politics/voters-react-vance-non-answer-when-asked-trump-won-2020-election,starter
Trans child molester sentenced for killing friend with a rock in fight over $100,FoxNews,2023-12-08,2023,https://www.foxnews.com/us/trans-child-molester-sentenced-killing-friend-rock-fight-over-100,starter
Crunch time: Harris to team up with Barack and Michelle Obama next week in key battlegrounds,FoxNews,2024-10-18,2024,https://www.foxnews.com/politics/crunch-time-harris-team-up-barack-michelle-obama-next-week-key-battlegrounds,starter
"'Swifties for Kamala' joins forces with Carole King and Elizabeth Warren to raise $142,000",NBC,2024-08-28,2024,https://www.nbcnews.com/pop-culture/taylor-swift-fans-kamala-harris-fundraiser-zoom-carole-king-rcna168607,starter
"India election: How Modi, BJP lost majority in election surprise",NBC,2024-06-05,2024,https://www.nbcnews.com/news/world/india-election-modi-bjp-lost-majority-election-surprise-rcna155557,starter
Christmas trees are just one part of the allure that a Vermont family brings to NYC each December,FoxNews,2022-12-14,2022,https://www.foxnews.com/lifestyle/christmas-trees-part-allure-vermont-family-nyc-december,starter
FBI failures before the Capitol siege avoided the Jan. 6 committee's scorn. Not for long.,NBC,2022-07-31,2022,https://www.nbcnews.com/politics/justice-department/fbi-failures-capitol-siege-avoided-jan-6-committees-scorn-not-long-rcna38615,starter
"CNN taps new president, current executive producer of 'The Late Show' to replace Jeff Zucker",FoxNews,2022-02-26,2022,https://www.foxnews.com/media/cnn-chris-licht-replaces-jeff-zucker-president,starter
Bruce Willis shares sweet embrace with daughter Tallulah and makes funny faces in playful snaps,FoxNews,2023-01-14,2023,https://www.foxnews.com/entertainment/bruce-willis-shares-sweet-embrace-daughter-tallulah-makes-funny-faces-playful-snaps.print,starter
Harris calls for eliminating filibuster to pass 'Roe' abortion bill into federal law,FoxNews,2024-09-24,2024,https://www.foxnews.com/politics/harris-calls-eliminating-filibuster-pass-roe-abortion-bill-federal-law,starter
Cuban president Miguel Díaz-Canel blasts 'interventionist' U.S. amid protests over shortages,NBC,2024-03-19,2024,https://www.nbcnews.com/news/latino/cuban-president-miguel-diaz-canel-blasts-interventionist-us-protests-s-rcna144122,starter
Trump says the death of Hamas leader Yahya Sinwar makes a peace deal ‘easier’,NBC,2024-10-18,2024,https://www.nbcnews.com/politics/2024-election/trump-death-hamas-yahya-sinwar-peace-deal-easier-rcna176179,starter
"The Best Point-and-Shoot Cameras of 2026, Tested and Reviewed",NBC,2025-02-19,2025,https://www.nbcnews.com/select/shopping/best-point-and-shoot-cameras-rcna130454,starter
'American Idol' judge Katy Perry suffers wardrobe malfunction during show,FoxNews,2024-04-16,2024,https://www.foxnews.com/entertainment/american-idol-judge-katy-perry-suffers-wardrobe-malfunction-during-show.print,starter
Spicy grilled shrimp and olive skewers for dinner: Try the recipe,FoxNews,2024-05-24,2024,https://www.foxnews.com/lifestyle/spicy-grilled-shrimp-olive-skewers-dinner-try-recipe,starter
"2022 likely to be deadliest year for Palestinians in the occupied West Bank, U.N. says",NBC,2022-10-29,2022,https://www.nbcnews.com/news/world/israel-west-bank-palestinians-deadliest-year-united-nations-report-rcna54643,starter
Secretary of State Blinken arrives in Israel in show of solidarity following Hamas terrorist attacks,FoxNews,2023-10-12,2023,https://www.foxnews.com/politics/secretary-state-blinken-arrives-israel-show-solidarity-following-hamas-terrorist-attacks,starter
Opinion: Biden’s Title IX rule adds discrimination against women through the backdoor,FoxNews,2024-04-18,2024,https://www.foxnews.com/sports/bidens-title-ix-rule-adds-discrimination-against-women-through-backdoor-opinion,starter
One Direction’s Liam Payne mourned by Hollywood after death at 31: ‘Absolutely heartbreaking’,FoxNews,2024-10-16,2024,https://www.foxnews.com/entertainment/one-directions-liam-payne-mourned-hollywood-after-death-31-absolutely-heartbreaking.print,starter
Former Secret Service agent questions why Trump was allowed on stage amid threat concerns: 'Why not delay?',FoxNews,2024-07-19,2024,https://www.foxnews.com/media/former-secret-service-agent-questions-why-trump-rushed-stage-amid-threat-concerns,starter
Inside the $100 million door-knocking effort to boost Ron DeSantis,NBC,2023-06-16,2023,https://www.nbcnews.com/politics/2024-election/100-million-door-knocking-effort-boost-ron-desantis-rcna89517,starter
"Researchers find sources of four brain disorders, which could lead to new treatments",FoxNews,2024-03-05,2024,https://www.foxnews.com/health/researchers-sources-four-brain-disorders-new-treatments,starter
"On this day in history, August 24, 1814, British troops ransacked, torched White House and Capitol",FoxNews,2022-08-24,2022,https://www.foxnews.com/lifestyle/this-day-history-august-24-british-troops-ransack-torch-white-house-capitol,starter
"NYT, MSNBC, PBS journalists pressed on how they covered Biden's age: We probably need to do 'soul-searching'",FoxNews,2024-09-26,2024,https://www.foxnews.com/media/nyt-msnbc-pbs-journalists-pressed-how-covered-bidens-age-we-probably-need-do-soul-searching.print,starter
Trump wins Nevada and Virgin Islands GOP caucuses: Highlights,NBC,2024-02-08,2024,https://www.nbcnews.com/politics/2024-election/live-blog/nevada-caucus-live-updates-rcna137685#rcrd33541,starter
Biden ends bid for second term in White House as he drops out of his 2024 rematch with Trump,FoxNews,2024-07-21,2024,https://www.foxnews.com/politics/biden-ends-bid-second-term-white-house-he-drops-out-his-2024-rematch-trump,starter
"Anxious Cubans brace for price hikes, austerity measures",NBC,2024-02-01,2024,https://www.nbcnews.com/news/latino/anxious-cubans-brace-price-hikes-austerity-measures-rcna136627,starter
Inside Israel’s allegations against UNRWA in Gaza,NBC,2024-03-13,2024,https://www.nbcnews.com/news/world/israel-allegations-unrwa-gaza-hamas-rcna142116,starter
Texas congressman becomes first elected Dem to call on Biden to withdraw from election: 'Too much is at stake',FoxNews,2024-07-02,2024,https://www.foxnews.com/politics/texas-congressman-becomes-first-elected-dem-call-biden-withdraw-from-election-too-much-stake,starter
Eric Trump condemns NY 'set-up': My father built NYC skyline and this is his thanks,FoxNews,2024-02-16,2024,https://www.foxnews.com/media/eric-trump-condemns-ny-set-up-father-built-nyc-skyline-this-his-thanks,starter
"Super Tuesday highlights: Trump, Biden bring in major primary wins as Haley faces a tough delegate outlook",NBC,2024-03-05,2024,https://www.nbcnews.com/politics/2024-election/live-blog/super-tuesday-live-updates-rcna140438#rcrd36247,starter
LGBT advocate claims in House hearing ‘detransitioning’ is not ‘a real thing’,FoxNews,2022-12-14,2022,https://www.foxnews.com/politics/lgbt-advocate-claims-house-hearing-detransitioning-not-real-thing,starter
Goldman Environmental Prize awarded to Latina organizer fighting air pollution crisis,NBC,2024-04-29,2024,https://www.nbcnews.com/news/latino/goldman-environmental-prize-awarded-latina-organizer-fighting-air-poll-rcna149449,starter
Illegal immigrant suspected in Maryland mom Rachel Morin's murder faces maximum penalty if convicted,FoxNews,2024-07-12,2024,https://www.foxnews.com/us/illegal-immigrant-suspected-maryland-mom-rachel-morins-murder-faces-maximum-penalty-convicted,starter
"Drag Queen Story Hour disrupted by men shouting slurs, authorities say",NBC,2022-06-13,2022,https://www.nbcnews.com/news/us-news/drag-queen-story-hour-disrupted-men-shouting-slurs-authorities-say-rcna33184,starter
First on Fox: Top outside group backing House Republicans sets fundraising record,FoxNews,2024-10-08,2024,https://www.foxnews.com/politics/top-outside-group-backing-house-republicans-showcases-fundraising-prowess,starter
"Former Obama fundraiser calls Trump's fine 'so wrong,' attempt to inflict 'pain' before NY loses in appeal",FoxNews,2024-03-22,2024,https://www.foxnews.com/media/former-obama-fundraiser-calls-trumps-fine-so-wrong-attempt-inflict-pain-before-ny-loses-appeal.print,starter
Beatle Ringo Starr reflects on spreading 'peace and love' following the '60s: 'It was part of how we felt',FoxNews,2022-06-01,2022,https://www.foxnews.com/entertainment/beatle-ringo-starr-peace-love-all-starr-tour.print,starter
Cookie Monster hides Sen. Bob Casey's reply on X after Dem sought campaign donation: 'Can you chip in?',FoxNews,2024-03-05,2024,https://www.foxnews.com/media/cookie-monster-hides-sen-bob-caseys-reply-x-dem-sought-campaign-donation-sesame-street-muppet.print,starter
Schumer calls for new Israeli leader to replace Netanyahu in Senate floor speech,FoxNews,2024-03-14,2024,https://www.foxnews.com/politics/schumer-calls-for-new-israeli-leader-to-replace-netanyahu-in-senate-floor-speech,starter
Karine Jean-Pierre answers point-blank if Biden suffers from dementia after disastrous debate,FoxNews,2024-07-02,2024,https://www.foxnews.com/politics/karine-jean-pierre-answers-point-blank-biden-suffers-from-dementia-following-disastrous-debate,starter
"When a parent must care for a parent: How to avoid caregiving burnout, according to experts",FoxNews,2024-05-01,2024,https://www.foxnews.com/health/when-parent-must-care-parent-how-avoid-caregiving-burnout-according-experts,starter
This pro-Trump TV show is mixing conservative commentary and end-times prophecy,NBC,2024-05-03,2024,https://www.nbcnews.com/news/us-news/flashpoint-trump-republican-christian-tv-show-rcna150303,starter
Here are the massive tax increases coming your way in a second Biden term,FoxNews,2024-04-15,2024,https://www.foxnews.com/opinion/massive-tax-increases-coming-second-biden-term,starter
"Bruce Willis' daughter Tallulah gets emotional over photos with dad, 'my whole damn heart'",FoxNews,2023-11-18,2023,https://www.foxnews.com/entertainment/bruce-willis-daughter-tallulah-gets-emotional-photos-dad-my-whole-damn-heart,starter
Liberal theory trying to dismiss Supreme Court win for Christian graphic designer shot down by legal experts,FoxNews,2023-07-05,2023,https://www.foxnews.com/media/liberal-theory-trying-dismiss-supreme-court-win-christian-graphic-designer-shot-down-legal-experts,starter
"Draft opinion indicates Supreme Court will overturn Roe v. Wade, Politico reports in extraordinary leak",NBC,2022-05-03,2022,https://www.nbcnews.com/politics/supreme-court/draft-supreme-court-opinion-indicates-roe-v-wade-will-overturned-polit-rcna27026,starter
NewJeans says they’re more than solely K-pop stars as they break global barriers,NBC,2023-11-02,2023,https://www.nbcnews.com/news/asian-america/new-jeans-billboard-award-rcna123225,starter
Hakeem Jeffries pitches calm governance over chaos as Democrats seek the House majority,NBC,2024-10-15,2024,https://www.nbcnews.com/politics/2024-election/hakeem-jeffries-democrats-house-majority-2024-election-calm-governance-rcna174499,starter
Musk pushes debunked Dominion voting conspiracy theory as he stumps for Trump,NBC,2024-10-18,2024,https://www.nbcnews.com/tech/tech-news/musk-pushes-debunked-dominion-voting-conspiracy-theory-campaign-appear-rcna175985,starter
Federal prosecutors formally charge suspect Ryan Routh with attempted assassination of Trump,FoxNews,2024-09-24,2024,https://www.foxnews.com/us/federal-prosecutors-charge-ryan-routh-attempted-assassination-trump,starter
How the Uluburun shipwreck was discovered accidentally by a sponge diver,FoxNews,2024-10-18,2024,https://www.foxnews.com/world/how-uluburun-shipwreck-discovered-accidentally-sponge-diver.print,starter
McConnell says he would 'absolutely' support Trump as 2024 nominee,NBC,2021-02-26,2021,https://www.nbcnews.com/politics/politics-news/mcconnell-says-he-would-absolutely-support-trump-2024-nominee-n1258911,starter
Election 2024: Trump campaigns in Pennsylvania ahead of Biden's U.N. speech,NBC,2024-09-23,2024,https://www.nbcnews.com/politics/2024-election/live-blog/harris-trump-presidential-election-live-updates-rcna172152/rcrd56258?canonicalCard=true,starter
"Gus Walz brought to tears, shares emotional moment with father Tim during DNC speech: 'That's my Dad'",FoxNews,2024-08-22,2024,https://www.foxnews.com/politics/gus-walz-brought-tears-shares-emotional-moment-father-tim-during-dnc-speech-thats-my-dad,starter
"On this day in history, Sept. 16, 1620, Mayflower departs Plymouth, England",FoxNews,2022-09-16,2022,https://www.foxnews.com/lifestyle/this-day-history-sept-16-mayflower-departs-plymouth-england,starter
MSNBC contributor complains of 'crisis' as Latinos move away from Democrats,FoxNews,2021-07-06,2021,https://www.foxnews.com/media/msnbc-contributor-crisis-latinos-democratic-party,starter
Texas AG files lawsuit against Biden administration for new gun sale requirements: 'Come and take it',FoxNews,2024-05-02,2024,https://www.foxnews.com/politics/texas-ag-files-lawsuit-against-biden-administration-new-gun-sale-requirements-take,starter
"Russian money was funneled to right-wing creators through a pro-Trump media outlet, prosecutors say",NBC,2024-09-05,2024,https://www.nbcnews.com/politics/justice-department/russian-money-was-funneled-right-wing-creators-trump-media-outlet-pros-rcna169611,starter
Keep your CDC vaccine card safe with these Covid vaccination card holders,NBC,2021-08-31,2021,https://www.nbcnews.com/select/shopping/vaccine-card-holders-covid-ncna1278122,starter
Hurricane Helene: Over 220 dead as some communities struggle to get basic supplies,NBC,2024-10-04,2024,https://www.nbcnews.com/news/weather/live-blog/hurricane-helene-live-updates-rcna173973,starter
'President Trump is wrong': Pence rejects claim he could have 'overturned the election',NBC,2022-02-04,2022,https://www.nbcnews.com/politics/donald-trump/president-trump-wrong-mike-pence-rejects-claim-overturned-election-rcna14952,starter
"John Lennon’s final days were blissful as he thrived on music, book says: ‘You can feel this positive emotion'",FoxNews,2020-12-08,2020,https://www.foxnews.com/entertainment/john-lennon-final-days-1980-music-dakota,starter
"Biden's friendly Seth Meyers sit-down no 'substitute' for real interviews, White House journalists say",FoxNews,2024-02-28,2024,https://www.foxnews.com/media/bidens-friendly-seth-meyers-sit-down-no-substitute-real-interviews-white-house-journalists-say,starter
ChatGPT and AI might redefine how we think about consciousness,NBC,2023-02-28,2023,https://www.nbcnews.com/tech/tech-news/chatgpt-ai-consciousness-rcna71777,starter
8 Dermatologist-Recommended Shampoos That Clear Scalp Acne Fast,NBC,2021-07-23,2021,https://www.nbcnews.com/select/shopping/best-scalp-acne-shampoos-treatments-ncna1274741,starter
107 days: Kamala Harris has yet to do formal press conference since emerging as Democratic nominee,FoxNews,2024-11-02,2024,https://www.foxnews.com/media/44-days-kamala-harris-has-yet-do-formal-press-conference-since-emerging-democratic-nominee,starter
Kamala Harris plans to skip historic Al Smith dinner despite long-standing tradition,FoxNews,2024-09-21,2024,https://www.foxnews.com/politics/kamala-harris-plans-skip-historic-al-smith-dinner-despite-long-standing-tradition-report,starter
"Tony Bennett blames NIL for retirement, calls for 'change' in college sports in emotional conference",FoxNews,2024-10-18,2024,https://www.foxnews.com/sports/tony-bennett-blames-nil-retirement-calls-change-college-sports-emotional-conference.print,starter
Ex-CNN host Brian Stelter says he still doesn't know why 'Reliable Sources' was canceled,FoxNews,2023-02-01,2023,https://www.foxnews.com/media/ex-cnn-host-brian-stelter-doesnt-know-reliable-sources-canceled.print,starter
"Protests erupt in Santiago over power outages, food shortages as Cuba faces economic crisis",FoxNews,2024-03-18,2024,https://www.foxnews.com/world/protests-erupt-santiago-power-outages-food-shortages-cuba-faces-economic-crisis,starter
China raises Middle East diplomatic ambitions with talks between Hamas and rival Fatah,NBC,2024-07-20,2024,https://www.nbcnews.com/news/world/china-hamas-fatah-palestinian-unity-middle-east-diplomacy-rcna162825,starter
"Trump, Harris shake hands in show of unity at Ground Zero for 9/11 commemoration",FoxNews,2024-09-11,2024,https://www.foxnews.com/politics/trump-harris-travel-new-york-city-shanksville-commemorate-9-11-attacks-just-hours-after-debate,starter
U.S. military members discuss seeking conscientious objector status over support of Israel in Gaza,NBC,2024-06-21,2024,https://www.nbcnews.com/politics/politics-news/us-military-members-conscientious-objector-status-israel-gaza-war-rcna158265,starter
"Guilty but unashamed, Trump says he will see Biden in November",NBC,2024-05-30,2024,https://www.nbcnews.com/politics/donald-trump/trump-guilty-biden-november-election-rcna154786,starter
Two Alabama fertility clinics say they will resume IVF services after bill to protect doctors passes,NBC,2024-03-07,2024,https://www.nbcnews.com/health/health-news/alabama-fertility-clinic-says-will-resume-ivf-services-bill-passes-pro-rcna141682,starter
"Trump assassination plot exposes Ryan Routh's bomb bust, barricade with illegal gun in professional demise",FoxNews,2024-09-18,2024,https://www.foxnews.com/us/trump-assassination-plot-exposes-ryan-rouths-bomb-bust-barricade-illegal-gun-professional-demise.print,starter
"Alzheimer’s and other dementia diagnoses can vary by zip code, new study finds",FoxNews,2024-08-26,2024,https://www.foxnews.com/health/alzheimers-dementia-diagnoses-vary-zip-code-study-finds,starter
Jan. 6 panel warns of attempts to 'influence' witnesses by Trump allies,NBC,2022-06-28,2022,https://www.nbcnews.com/politics/congress/jan-6-panel-warns-attempts-influence-witnesses-trump-allies-rcna35800,starter
'High School Musical' star Joshua Bassett says he is 'sick' over 'absolutely false' sex assault accusation,FoxNews,2020-06-27,2020,https://www.foxnews.com/entertainment/high-school-musical-joshua-bassett-absolutely-false-sex-assault-accusation,starter
Putin fires Shoigu as Russia defense minister,NBC,2024-05-13,2024,https://www.nbcnews.com/news/world/putin-fires-shoigu-defense-minister-russia-war-economy-ukraine-west-rcna151920,starter
Ted Nugent slams wannabe 'tyrants' on 'Tucker Carlson Today': We don't need the 'king's permission' in America,FoxNews,2021-08-04,2021,https://www.foxnews.com/media/ted-nugent-tucker-carlson-fox-nation-constitution-bear-arms.print,starter
Harris calls Trump 'one of the biggest losers ever' during economy speech in key battleground,FoxNews,2024-09-25,2024,https://www.foxnews.com/politics/harris-claims-trump-one-biggest-losers-ever-economy-speech,starter
China halts foreign adoptions of its children,NBC,2024-09-05,2024,https://www.nbcnews.com/news/asian-america/china-halts-foreign-adoptions-children-rcna169787,starter
Farmers 'brutalized' as costs 'go through the roof' in last days of Biden's America,FoxNews,2024-08-19,2024,https://www.foxnews.com/lifestyle/farmers-brutalized-costs-through-roof-last-days-bidens-america,starter
"Cuba power outage: Entire island goes dark, 10 million affected after electrical grid fails",NBC,2024-10-18,2024,https://www.nbcnews.com/news/latino/power-goes-entire-island-cuba-leaving-10-million-people-dark-rcna176169,starter
Best Programmable Coffee Makers | NBC Select,NBC,2026-03-13,2026,https://www.nbcnews.com/select/shopping/best-programmable-coffee-makers-ncna1289263,starter
Colorado district equity docs reveal methodical system to deceive parents on in-school social transitions,FoxNews,2023-04-04,2023,https://www.foxnews.com/media/colorado-district-created-methodical-system-deceive-parents-in-school-social-transitions,starter
Rosh Hashanah prompts Museum of the Bible to display oldest Jewish book in the world,FoxNews,2024-09-30,2024,https://www.foxnews.com/travel/oldest-jewish-book-world-display-museum-bible-ahead-rosh-hashanah,starter
FCC looks to fine conservative activists $5 million for false mail voting robocalls,NBC,2021-08-24,2021,https://www.nbcnews.com/politics/elections/fcc-looks-fine-conservative-activists-5-million-false-mail-voting-n1277569,starter
"NYC officers scuffle with 14-year-old girl they handcuffed over selling fruit in a park, video shows",NBC,2024-06-04,2024,https://www.nbcnews.com/news/us-news/nyc-officers-scuffle-14-year-old-girl-handcuffed-selling-fruit-park-vi-rcna155357,starter
Webpage that rated Kamala Harris the 'most liberal' senator in 2019 suddenly disappears,FoxNews,2024-07-24,2024,https://www.foxnews.com/media/webpage-rated-kamala-harris-most-liberal-senator-2019-suddenly-disappears,starter
Supreme Court stays out of fight over transgender student bathroom access,NBC,2024-01-16,2024,https://www.nbcnews.com/politics/supreme-court/supreme-court-stays-fight-transgender-student-bathroom-access-rcna132245,starter
Israel targets Hezbollah leader Nasrallah in strike on Beirut headquarters,FoxNews,2024-09-27,2024,https://www.foxnews.com/world/israel-strikes-hezbollah-headquarters-beirut-idf-says,starter
Israel genocide case at ICJ comes amid Gaza displacement talk,NBC,2024-01-10,2024,https://www.nbcnews.com/news/world/south-africa-israel-genocide-case-icj-gaza-displacement-rcna132021,starter
Florida school board candidates ride DeSantis endorsements to victory,NBC,2022-11-10,2022,https://www.nbcnews.com/politics/politics-news/desantis-florida-school-board-endorsements-election-rcna56423,starter
Venezuelan gang Tren de Aragua gives ‘green light’ to members to attack cops: officials,FoxNews,2024-07-30,2024,https://www.foxnews.com/politics/venezuelan-gang-tren-de-aragua-given-green-light-members-kill-cops.print,starter
The Democrats who could be Kamala Harris' potential vice presidential pick,NBC,2024-07-21,2024,https://www.nbcnews.com/politics/2024-election/kamala-harris-running-mates-democratic-presidential-ticket-rcna162848,starter
Israel's ground invasion into Lebanon imminent as cabinet approves next phase of the war,FoxNews,2024-09-30,2024,https://www.foxnews.com/world/israels-ground-invasion-lebanon-imminent-cabinet-approves-next-phase-war.print,starter
17 Best Hyaluronic Acid Serums and Creams for Hydrated Skin 2026,NBC,2022-03-01,2022,https://www.nbcnews.com/select/shopping/best-hyaluronic-acid-serums-creams-ncna1290282,starter
"52 confirmed dead, 20 missing after flash floods devastate Indonesia’s Sumatra Island",FoxNews,2024-05-14,2024,https://www.foxnews.com/world/52-confirmed-dead-20-missing-flash-floods-devastate-indonesias-sumatra-island,starter
Harvard faculty members urge university not to oust president Claudine Gay after congressional hearing,NBC,2023-12-11,2023,https://www.nbcnews.com/news/education/hundreds-harvard-faculty-members-urge-university-not-oust-embattled-pr-rcna129027,starter
Democrats ramp up efforts to turn out Puerto Rican voters in Pennsylvania,NBC,2024-09-23,2024,https://www.nbcnews.com/news/latino/democrats-ramp-efforts-turn-puerto-rican-voters-pennsylvania-rcna172216,starter
'Life-threatening' storm surge likely as Hurricane Milton takes aim at Florida,NBC,2024-10-09,2024,https://www.nbcnews.com/science/science-news/hurricane-milton-storm-surge-florida-rcna174597,starter
"Palestinian gunman wounds 2 in Jerusalem, a day after 7 were killed",NBC,2023-01-28,2023,https://www.nbcnews.com/news/world/2-wounded-new-jerusalem-attack-israeli-paramedics-say-rcna67996,starter
Atlanta-area spa shooter to serve 4 life sentences in Cherokee County slayings,NBC,2021-07-27,2021,https://www.nbcnews.com/news/us-news/atlanta-area-spa-shootings-suspect-pleads-guilty-cherokee-county-charges-n1275139,starter
"Harris proposes raising the corporate tax rate to 28%, rolling back a Trump law",NBC,2024-08-19,2024,https://www.nbcnews.com/politics/2024-election/harris-proposes-raising-corporate-tax-rate-28-rolling-back-trump-law-rcna167208,starter
Ethics Committee investigating Rep. Matt Gaetz over alleged drug use and sexual misconduct,NBC,2024-06-18,2024,https://www.nbcnews.com/politics/congress/ethics-committee-investigating-allegations-sexual-misconduct-drug-use-rcna157719,starter
"Best Pregnancy-Safe Skin Care Products, According to Experts",NBC,2023-08-16,2023,https://www.nbcnews.com/select/shopping/best-pregnancy-safe-skin-care-rcna100065,starter
Kamala Harris dodges Colbert's question on what 'major changes' she'd bring versus Biden presidency,FoxNews,2024-10-09,2024,https://www.foxnews.com/media/kamala-harris-dodges-colberts-question-what-major-changes-shed-bring-versus-biden-presidency.print,starter
"Josh Shapiro is declared the winner of the 2022 Pennsylvania Governor midterm election, defeating Doug Mastriano",NBC,2022-11-09,2022,https://www.nbcnews.com/politics/2022-election/josh-shapiro-declared-winner-2022-pennsylvania-governor-midterm-electi-rcna55169,starter
Kristi Noem faces lawsuit after promoting Texas dentist on social media,NBC,2024-03-14,2024,https://www.nbcnews.com/politics/politics-news/kristi-noem-faces-lawsuit-promoting-texas-dentist-social-media-rcna143325,starter
Tyra Banks defends Olivia Jade being on 'Dancing with the Stars' Season 30,FoxNews,2021-09-16,2021,https://www.foxnews.com/entertainment/tyra-banks-defends-olivia-jade-dancing-with-the-stars,starter
Greek yogurt vs. regular yogurt: Is one 'better' for you than the other?,FoxNews,2024-05-21,2024,https://www.foxnews.com/food-drink/greek-yogurt-vs-regular-yogurt-is-one-better-than-other,starter
Indian Prime Minister Modi makes first visit to ally Russia since Ukraine invasion,NBC,2024-07-08,2024,https://www.nbcnews.com/news/world/russia-ukraine-war-vladimir-putin-india-narendra-modi-moscow-visit-rcna160646,starter
Pennsylvania Republicans seek to levy illegal immigrants' remittances to fund property tax relief,FoxNews,2022-04-08,2022,https://www.foxnews.com/politics/pennsylvania-republicans-illegal-immigrant-remittance-fee-property-tax-relief,starter
Best smart home devices for 2020,NBC,2019-12-20,2019,https://www.nbcnews.com/select/shopping/best-smart-home-ready-devices-thermostats-lights-smart-plugs-ncna1102186,starter
"Parents of two find their 'American Dream Home' in Beaufort, South Carolina: 'So special'",FoxNews,2022-11-19,2022,https://www.foxnews.com/lifestyle/parents-two-american-dream-home-beauford-south-carolina-special,starter
"Russia confirms U.S. soldier Gordon Black arrested on theft charges, will be held until July",NBC,2024-05-07,2024,https://www.nbcnews.com/news/world/russia-us-soldier-gordon-black-arrested-theft-charges-vladivostok-rcna150992,starter
"Kamala Harris staff contending with low morale, internal tensions: reports",FoxNews,2021-06-30,2021,https://www.foxnews.com/politics/kamala-harris-staff-low-morale-internal-tensions,starter
IDF kills Hezbollah commander behind brutal attack on children's soccer field: officials,FoxNews,2024-07-30,2024,https://www.foxnews.com/world/idf-kills-hezbollah-commander-brutal-attack-childrens-soccer-field-officials,starter
"Trump, Harris locked in dead heat in 7 battleground states, poll finds: 'Could not be closer'",FoxNews,2024-10-11,2024,https://www.foxnews.com/politics/trump-harris-locked-dead-heat-7-battleground-states-poll-finds-could-not-closer.print,starter
"Best Rosacea Products for Redness Relief, According to Dermatologists",NBC,2022-10-17,2022,https://www.nbcnews.com/select/shopping/best-skin-care-products-rosacea-ncna1299897,starter
Make these 'can't-go-wrong' lobster rolls with family and friends this weekend: Try the easy recipe,FoxNews,2024-07-25,2024,https://www.foxnews.com/food-drink/make-cant-go-wrong-lobster-rolls-family-friends-weekend-easy-recipe,starter
Hurricane Milton: Storm's eye wall begins to move onshore near Tampa,NBC,2024-10-09,2024,https://www.nbcnews.com/weather/hurricanes/live-blog/hurricane-milton-live-updates-rcna174624,starter
Trump guilty verdict reveals split among former GOP presidential primary opponents,FoxNews,2024-05-31,2024,https://www.foxnews.com/politics/trump-guilty-verdict-reveals-split-former-gop-presidential-primary-opponents.print,starter
Thomas Jefferson statue's removal from New York City Hall a 'disgrace': Douglas Murray,FoxNews,2021-11-24,2021,https://www.foxnews.com/media/thomas-jefferson-statues-removal-from-new-york-city-hall-a-disgrace-douglas-murray,starter
Israel braces for weekend violence after spate of shootings and eviction protests,NBC,2021-05-07,2021,https://www.nbcnews.com/news/world/israel-braces-weekend-violence-after-spate-shootings-eviction-protests-n1266697,starter
"Walz appointee with apparent CCP ties could expose potential veep's national security weakness, lawmaker says",FoxNews,2024-09-17,2024,https://www.foxnews.com/politics/walz-appointee-chang-wangs-chinese-political-ties-highlight-potential-veeps-natsec-weakness-lawmaker-says,starter
15 Bestselling Car Accessories on Amazon in 2026,NBC,2023-03-13,2023,https://www.nbcnews.com/select/shopping/best-car-accessories-amazon-ncna1303524,starter
The best digital photo frames to personalize your home this year,NBC,2021-12-13,2021,https://www.nbcnews.com/select/shopping/best-digital-photo-frames-ncna1285876,starter
Caregiving for a spouse during good times and bad: One military man's incredible story,FoxNews,2023-02-17,2023,https://www.foxnews.com/lifestyle/caregiving-spouse-good-times-bad-military-man-incredible-story,starter
9/11 survivor recounts haunting escape from 81st floor of World Trade Center tower,FoxNews,2024-09-11,2024,https://www.foxnews.com/us/9-11-survivor-recounts-haunting-escape-from-81st-floor-world-trade-center-tower,starter
"Prigozhin plane likely sabotage, officials and experts say",NBC,2023-08-25,2023,https://www.nbcnews.com/news/world/prigozhin-plane-crash-sabotage-explosion-evidence-rcna101756,starter
"Harris makes gains in Latino voter support, but many voters still in play, poll finds",NBC,2024-08-14,2024,https://www.nbcnews.com/news/latino/harris-poll-latino-voter-support-rcna166532,starter
Who is the alleged Georgia school shooter? What we know,FoxNews,2024-09-04,2024,https://www.foxnews.com/us/who-georgia-school-shooter-what-we-know,starter
"Hero Trump rally victim Corey Comperatore died shielding family and 'would've done it again,' friend says",FoxNews,2024-07-15,2024,https://www.foxnews.com/us/hero-trump-rally-victim-corey-comperatore-died-shielding-family-wouldve-done-again-friend-says,starter
How a tight circle of aides is trying to keep Trump out of trouble,NBC,2023-04-08,2023,https://www.nbcnews.com/politics/donald-trump/tight-circle-aides-trying-keep-trump-trouble-rcna78335,starter
Biden orders declassification of Sept. 11 investigation documents,NBC,2021-09-03,2021,https://www.nbcnews.com/politics/white-house/biden-orders-declassification-sept-11-investigation-documents-n1278487,starter
"'We are the underdogs': Harris introduces running mate Walz as a coach, veteran and protector of reproductive rights",NBC,2024-08-07,2024,https://www.nbcnews.com/politics/2024-election/-are-underdogs-harris-introduces-running-mate-walz-coach-veteran-prote-rcna165350,starter
"Iranian attack on Israel was a 'spectacular failure,' says CIA director William Burns",NBC,2024-04-19,2024,https://www.nbcnews.com/politics/national-security/cia-director-iranian-attack-israel-was-spectacular-failure-rcna148461,starter
Fox Nation Patriot Awards moves to New York with tickets now on sale,FoxNews,2024-09-27,2024,https://www.foxnews.com/media/fox-nation-patriot-awards-moves-new-york-tickets-now-sale.print,starter
Harris heads to southern border looking to flip script on immigration criticisms,FoxNews,2024-09-27,2024,https://www.foxnews.com/politics/harris-heads-southern-border-looking-flip-script-immigration-criticisms,starter
"Tim Walz's selection as Harris running mate draws skepticism, even among anti-Trump figures",FoxNews,2024-08-07,2024,https://www.foxnews.com/media/tim-walzs-selection-harris-running-mate-draws-skepticism-even-among-anti-trump-figures,starter
Most people think the U.S. crime rate is rising. They're wrong.,NBC,2023-12-16,2023,https://www.nbcnews.com/news/us-news/people-think-crime-rate-up-actually-down-rcna129585,starter
Back to the Cold War: Russia uses Mexico as a hub for spying on the U.S.,NBC,2024-09-21,2024,https://www.nbcnews.com/investigations/cold-war-russia-uses-mexico-hub-spying-us-rcna171819,starter
Bears legend Dick Butkus takes shot at Packers' Aaron Rodgers after getting verified on Twitter,FoxNews,2022-01-22,2022,https://www.foxnews.com/sports/bears-dick-butkus-takes-shot-packers-aaron-rodgers-after-verified-twitter,starter
"'We’re dying, and everyone is watching': Humanitarian crisis threatens Gaza",NBC,2023-10-15,2023,https://www.nbcnews.com/news/world/humanitarian-crisis-grips-gaza-rcna120467,starter
5 key takeaways from Kamala Harris' '60 Minutes' interview,FoxNews,2024-10-08,2024,https://www.foxnews.com/politics/5-key-takeaways-from-kamala-harris-60-minutes-interview.print,starter
FDA authorizes Novavax's updated Covid vaccine,NBC,2023-10-03,2023,https://www.nbcnews.com/health/health-news/fda-authorizes-novavaxs-updated-covid-vaccine-rcna118665,starter
Biden sets 10-year deadline for U.S. cities to replace lead pipes,NBC,2024-10-08,2024,https://www.nbcnews.com/science/environment/lead-pipes-biden-sets-10-year-deadline-cities-replace-rcna174465,starter
The 43+ Best Gifts for Mom in 2024 | NBC Select,NBC,2024-10-22,2024,https://www.nbcnews.com/select/shopping/best-gift-ideas-mom-ncna1286378,starter
Historical time capsule containing letter from President Coolidge unveiled at National WWI Museum,FoxNews,2024-10-18,2024,https://www.foxnews.com/travel/historical-time-capsule-containing-letter-president-coolidge-unveiled-national-wwi-museum,starter
Vietnam War formally ends: This Day in History,FoxNews,2020-01-27,2020,https://www.foxnews.com/world/vietnam-war-formally-ends-this-day-in-history,starter
Charges in Beverly Hills attack on Jewish couple could amount to life in prison,NBC,2023-12-13,2023,https://www.nbcnews.com/news/us-news/charges-beverly-hills-attack-jewish-couple-amount-life-prison-rcna129432,starter
Middle-class new homeowners are increasingly cost-burdened,NBC,2024-10-14,2024,https://www.nbcnews.com/data-graphics/middle-class-new-homeowners-cost-burdened-house-poor-rcna163853,starter
JD Vance says it would be 'very hard' for Trump to win without North Carolina,NBC,2024-09-14,2024,https://www.nbcnews.com/politics/2024-election/jd-vance-says-hard-trump-win-north-carolina-rcna171162,starter
"Yazidi woman held hostage for 10 years in Gaza rescued in Israel, US operation",FoxNews,2024-10-03,2024,https://www.foxnews.com/world/yazidi-woman-held-captive-10-years-gaza-freed-israel-us-operation,starter
Migrant crisis roils Boston area as school stands firm on contentious residency policy,FoxNews,2024-08-28,2024,https://www.foxnews.com/politics/migrant-crisis-roils-boston-area-school-stands-firm-residency-policy-amid-state-influx,starter
Kamala Harris struggling to say how she's different than Biden on 'The View' surprises CNN panel,FoxNews,2024-10-09,2024,https://www.foxnews.com/media/kamala-harris-struggling-how-shes-different-biden-the-view-surprises-cnn-panel.print,starter
Georgia abortion law: A look back at what Hollywood production companies have said about filming in the state,FoxNews,2022-07-29,2022,https://www.foxnews.com/entertainment/production-companies-said-filming-georgia-states-abortion-law.print,starter
"Democratic candidate Vicente Gonzalez claims Mayra Flores, supporters 'stole' Texas special election",FoxNews,2022-09-10,2022,https://www.foxnews.com/politics/democratic-candidate-vicente-gonzalez-claims-mayra-flores-supporters-stole-texas-special-election,starter
"Taylor Swift nude deepfake goes viral on X, despite platform rules",NBC,2024-01-25,2024,https://www.nbcnews.com/tech/misinformation/taylor-swift-nude-deepfake-goes-viral-x-platform-rules-rcna135669,starter
17 hostages released in second group amid temporary cease-fire in Gaza,NBC,2023-11-25,2023,https://www.nbcnews.com/news/world/17-hostages-released-second-group-israel-hamas-pause-fighting-gaza-rcna126651,starter
Jets acquire WR Davante Adams from Raiders,NBC,2024-10-15,2024,https://www.nbcnews.com/sports/nfl/jets-davante-adams-raiders-rcna173669,starter
Trump campaign targets Haley for first time on New Hampshire airwaves,NBC,2024-01-04,2024,https://www.nbcnews.com/politics/2024-election/trump-campaign-targets-haley-first-time-new-hampshire-airwaves-rcna132192,starter
"North Korea has most likely sent missiles to Russia, South says",NBC,2023-11-03,2023,https://www.nbcnews.com/news/world/north-korea-missiles-russia-ukraine-rcna123453,starter
Election 2024: Trump campaigns in Georgia; Harris weighs trip to southern border,NBC,2024-09-24,2024,https://www.nbcnews.com/politics/2024-election/live-blog/trump-harris-presidential-election-live-updates-rcna172156/rcrd56341?canonicalCard=true,starter
"Air Force general predicts war with China in 2025, tells officers to get ready",NBC,2023-01-27,2023,https://www.nbcnews.com/politics/national-security/us-air-force-general-predicts-war-china-2025-memo-rcna67967,starter
DNC 2024 highlights: Biden passes torch to Harris in Democratic convention speech,NBC,2024-08-19,2024,https://www.nbcnews.com/politics/2024-election/live-blog/dnc-2024-live-updates-rcna165226/rcrd52541?canonicalCard=true,starter
The Taliban publish vice laws that ban women's voices and bare faces in public,NBC,2024-08-23,2024,https://www.nbcnews.com/news/world/taliban-publish-laws-ban-womens-voices-bare-faces-public-rcna167904,starter
Top senators briefed on 'major errors' leading up to Trump assassination attempt,FoxNews,2024-09-13,2024,https://www.foxnews.com/politics/top-senators-briefed-major-errors-leading-up-trump-assassination-attempt,starter
What a ‘complete’ Israel siege of the Gaza Strip could look like,NBC,2023-10-09,2023,https://www.nbcnews.com/news/world/israel-promises-complete-siege-gaza-strip-look-rcna119552,starter
"5 Best Handheld Gaming Consoles, According to Experts | NBC Select",NBC,2023-03-03,2023,https://www.nbcnews.com/select/shopping/best-handheld-gaming-systems-ncna1291097,starter
Modi accused of hate speech for calling Muslims 'infiltrators' at a rally days into India's election,NBC,2024-04-23,2024,https://www.nbcnews.com/news/world/india-modi-accused-hate-speech-calling-muslims-infiltrators-rcna148916,starter
Israel-Hamas war: Palestinians return to Khan Younis; Hamas studying Gaza cease-fire proposal,NBC,2024-04-09,2024,https://www.nbcnews.com/news/world/live-blog/israel-hamas-war-live-updates-rcna146956,starter
States are rapidly adopting laws regulating political deepfakes,NBC,2024-08-07,2024,https://www.nbcnews.com/tech/tech-news/states-are-rapidly-adopting-laws-regulating-political-deepfakes-rcna164578,starter
"The Best Treatments for Acne Scars, According to Dermatologists | NBC Select",NBC,2021-07-17,2021,https://www.nbcnews.com/select/shopping/best-acne-scar-treatments-ncna1273575,starter
"In 9/11 speech, Bush pays tribute to 'America I know,' calls out domestic terrorism threat",NBC,2021-09-11,2021,https://www.nbcnews.com/news/us-news/9-11-speech-bush-pays-tribute-america-i-know-calls-n1278986,starter
Trump Media plummets 10% as post-lockup selloff picks up steam,NBC,2024-09-23,2024,https://www.nbcnews.com/business/business-news/trump-media-stock-scrapes-new-52-week-low-heavy-trading-djt-lockup-lif-rcna172272,starter
The Trump campaign's big bet on a new GOTV strategy worries some Republicans,NBC,2024-09-15,2024,https://www.nbcnews.com/politics/2024-election/trump-campaign-big-bet-new-gotv-strategy-worries-republicans-rcna170516,starter
New Jersey governor appoints former aide to fill Sen. Bob Menendez's seat,NBC,2024-08-16,2024,https://www.nbcnews.com/politics/congress/new-jersey-governor-appoints-former-aide-fill-sen-bob-menendezs-seat-rcna166679,starter
"Florida Senate primary winners Rick Scott, Debbie Mucarsel-Powell to face off in November election",NBC,2024-08-21,2024,https://www.nbcnews.com/politics/2024-election/rick-scott-debbie-mucarsel-powell-florida-primary-senate-rcna167143,starter
Walz mocked after being caught on video struggling to load his own shotgun,FoxNews,2024-10-13,2024,https://www.foxnews.com/politics/walz-mocked-after-being-caught-video-struggling-load-his-own-shotgun.print,starter
"BTS’ V pens letter as Jungkook and Jimin, final two members joining South Korean military, begin service",NBC,2023-12-12,2023,https://www.nbcnews.com/news/asian-america/bts-v-pens-letter-jungkook-jimin-final-two-members-joining-south-korea-rcna129288,starter
"These 10 restaurants are considered the 'best of the best' in the US, says Tripadvisor",FoxNews,2024-09-25,2024,https://www.foxnews.com/food-drink/10-restaurants-best-best-us-says-tripadvisor,starter
Hamas leader Ismail Haniyeh killed in Iran,NBC,2024-07-31,2024,https://www.nbcnews.com/news/world/live-blog/live-updates-hamas-leader-ismail-haniyeh-killed-iran-rcna164428,starter
"Lebanese fear a return to the 2006 war with Israel, or worse — a situation like Gaza",NBC,2024-09-26,2024,https://www.nbcnews.com/news/world/lebanese-fear-return-2006-war-israel-worse-situation-gaza-rcna172583,starter
"On this day in history, August 10, 1776, Declaration of Independence reaches London",FoxNews,2024-08-10,2024,https://www.foxnews.com/lifestyle/this-day-history-august-10-declaration-independence-reaches-london,starter
Trump discusses using military to expel illegal immigrants in second term: 'These aren't civilians',FoxNews,2024-04-30,2024,https://www.foxnews.com/media/trump-discusses-using-military-expel-illegal-immigrants-second-term-arent-civilians.print,starter
This robot can cook a burger in less than 60 seconds,FoxNews,2023-10-26,2023,https://www.foxnews.com/tech/robot-cook-burger-less-60-seconds,starter
"Coronavirus isolation raises concerns for domestic violence survivors, experts say",NBC,2020-03-20,2020,https://www.nbcnews.com/news/us-news/coronavirus-isolation-raises-concerns-domestic-violence-survivors-experts-say-n1165316,starter
Thanksgiving casserole preferences vary state-by-state,FoxNews,2021-11-24,2021,https://www.foxnews.com/lifestyle/thanksgiving-casserole-preferences-state-google-trends,starter
"Sandwich from New England, a most unusual treat, has fascinating story, plus 5 fun facts",FoxNews,2024-06-24,2024,https://www.foxnews.com/food-drink/sandwich-new-england-most-unusual-treat-fascinating-story-5-cool-facts,starter
A Black conservative radio host invoked 'field' and 'house' slaves in arguing why some Black men back Trump,NBC,2024-10-17,2024,https://www.nbcnews.com/news/nbcblk/black-conservative-radio-host-field-house-slaves-arguing-black-rcna175945,starter
Dems pour $25M into ground game as GOP inches closer to Senate majority,FoxNews,2024-09-16,2024,https://www.foxnews.com/politics/dems-pour-25m-ground-game-gop-inches-closer-senate-majority,starter
GOP-led House committees release lengthy report alleging President Biden committed impeachable offenses,NBC,2024-08-19,2024,https://www.nbcnews.com/politics/congress/gop-led-house-committees-release-lengthy-report-alleging-president-bid-rcna166954,starter
Iran and Saudi Arabia agree to restore diplomatic relations,NBC,2023-03-10,2023,https://www.nbcnews.com/news/world/iran-saudi-arabia-agree-restore-diplomatic-relations-china-rcna74314,starter
"CNN's Dana Bash snags Harris-Walz interview, has history of ripping Trump",FoxNews,2024-08-29,2024,https://www.foxnews.com/media/cnns-dana-bash-snags-harris-walz-interview-has-history-ripping-trump.print,starter
America's military and veterans with PTSD have a fighting chance to heal,FoxNews,2022-07-01,2022,https://www.foxnews.com/lifestyle/america-military-veterans-ptsd-fighting-chance,starter
Biden campaign set to double down on Black voter outreach with visits to Georgia and Detroit this weekend,NBC,2024-05-17,2024,https://www.nbcnews.com/news/nbcblk/biden-campaign-black-voter-outreach-georgia-detroit-rcna152731,starter
Social media disturbed by Gov. Noem's story about shooting her 14-month-old dog: ‘Not normal',FoxNews,2024-04-27,2024,https://www.foxnews.com/media/social-media-disturbed-gov-noems-story-shooting-her-14-month-old-dog-not-normal,starter
University of Pennsylvania president steps down amid criticism of antisemitism testimony,NBC,2023-12-09,2023,https://www.nbcnews.com/news/us-news/university-pennsylvania-president-steps-criticism-antisemitism-testimo-rcna128712,starter
Charlie Daniels ‘would be proud’ as nonprofit marks 10 years of helping America’s veterans,FoxNews,2024-09-11,2024,https://www.foxnews.com/lifestyle/charlie-daniels-proud-nonprofit-marks-10-years-helping-america-veterans,starter
MSNBC guest claims Latinos 'want to be White' while discussing their shift toward GOP,FoxNews,2024-09-30,2024,https://www.foxnews.com/media/msnbc-guest-claims-latinos-want-white-while-discussing-shift-towards-gop,starter
Harris-Trump showdown: New polls indicate who has the edge in the Blue Wall battle,FoxNews,2024-09-18,2024,https://www.foxnews.com/politics/harris-trump-showdown-new-polls-indicate-who-has-edge-blue-wall-battle,starter
"Climate change made U.K. heat wave hotter and more likely, study finds",NBC,2022-07-29,2022,https://www.nbcnews.com/news/world/climate-change-made-uk-heat-wave-hotter-likely-study-finds-rcna40680,starter
Jelly Roll gives powerful testimony to Congress on fentanyl: 'I was part of the problem',FoxNews,2024-01-11,2024,https://www.foxnews.com/entertainment/jelly-roll-gives-powerful-testimony-congress-fentanyl-part-problem,starter
Parents' rights groups are the newest addition to Southern Poverty Law Center's 'Hate and Extremism' report,FoxNews,2023-06-06,2023,https://www.foxnews.com/media/parents-rights-groups-newest-addition-southern-poverty-law-centers-hate-extremism-report,starter
"Best sunscreens for skiing and snowboarding, according to experts",NBC,2024-10-17,2024,https://www.nbcnews.com/select/shopping/best-sunscreen-skiing-snowboarding-rcna175919,starter
National Prayer Breakfast 2022: What is it?,FoxNews,2022-02-03,2022,https://www.foxnews.com/faith-values/national-prayer-breakfast-2022-what-is-it,starter
FBI fears Venezuela migrant gang members could potentially team up with MS-13 killers,FoxNews,2024-02-14,2024,https://www.foxnews.com/us/fbi-fears-venezuela-migrant-gangbangers-teaming-up-ms-13-killers.print,starter
Toronto police respond to viral video of officers delivering coffee to anti-Israel protester,FoxNews,2024-01-07,2024,https://www.foxnews.com/world/toronto-police-respond-viral-video-officers-delivering-coffee-anti-israel-protester,starter
Harris' new ad hits Trump's age in criticizing Vance,NBC,2024-10-01,2024,https://www.nbcnews.com/politics/2024-election/harris-launches-new-ad-hits-trumps-age-criticizing-vance-rcna173526,starter
"Trump shooting site gives bird's-eye view of 'disorganized' rally scene, witnesses say",FoxNews,2024-07-22,2024,https://www.foxnews.com/us/trump-shooting-site-gives-birds-eye-view-disorganized-rally-scene-witnesses-say,starter
Top US states to visit where people have claimed UFO sightings,FoxNews,2024-10-14,2024,https://www.foxnews.com/travel/top-us-states-visit-where-people-have-claimed-ufo-sightings,starter
Israel and Gaza conflict in photos,NBC,2023-10-07,2023,https://www.nbcnews.com/news/world/israel-gaza-conflict-photos-rcna119327,starter
"Biden's 'disaster' debate performance sparks media meltdown, calls for him to withdraw from 2024 race",FoxNews,2024-06-28,2024,https://www.foxnews.com/media/bidens-disaster-debate-performance-sparks-media-meltdown-calls-withdraw-2024-race,starter
NY Times investigating own reporter after she didn't disclose Michael Phelps book deal: 'Significant lapse',FoxNews,2021-07-16,2021,https://www.foxnews.com/media/ny-times-michael-phelps-book-deal,starter
"8 Best UPF Sun Hats in 2026, According to Experts",NBC,2026-04-10,2026,https://www.nbcnews.com/select/shopping/best-sun-hats-upf-ncna1235377,starter
Kamala Harris has avoided interviews for more than two weeks since becoming Dem nominee,FoxNews,2024-08-07,2024,https://www.foxnews.com/media/kamala-harris-avoided-interviews-two-weeks-since-becoming-presumptive-dem-nominee,starter
"What to know about Juan Merchan, the judge in the Trump indictment case",NBC,2023-03-31,2023,https://www.nbcnews.com/politics/donald-trump/know-juan-merchan-judge-trump-indictment-case-rcna77611,starter
South Korea spy agency says Kim Jong Un’s daughter is likely heir to dictatorship,FoxNews,2024-01-04,2024,https://www.foxnews.com/world/south-korea-spy-agency-kim-jong-uns-daughter-likely-heir-dictatorship,starter
"Laken Riley murder suspect Jose Ibarra pleads not guilty, mother sobs in court",FoxNews,2024-05-31,2024,https://www.foxnews.com/us/laken-riley-murder-suspect-jose-ibarra-pleads-not-guilty,starter
Ketanji Brown Jackson speaks out on Trump immunity decision: 'I was concerned',FoxNews,2024-08-28,2024,https://www.foxnews.com/media/ketanji-brown-jackson-speaks-out-trump-immunity-decision-i-concerned,starter
911 call reveals shock of Utah mommy bloggers' alleged child abuse: 'She's a bad lady',FoxNews,2023-09-09,2023,https://www.foxnews.com/us/911-call-reveals-shock-utah-mommy-bloggers-alleged-child-abuse-shes-bad-lady,starter
"Egypt warned Israel of attack, House Foreign Affairs chairman claims",FoxNews,2023-10-12,2023,https://www.foxnews.com/media/egypt-warned-israel-attack-house-foreign-affairs-chairman-claims.print,starter
Mitch McConnell will step down as Senate Republican leader at the end of 2024,NBC,2024-02-28,2024,https://www.nbcnews.com/politics/congress/sen-mitch-mcconnell-will-step-republican-leader-term-rcna99337,starter
Former leader of Walz's battalion publishes scathing message aimed at governor's military career: Report,FoxNews,2024-08-12,2024,https://www.foxnews.com/politics/former-leader-walzs-battalion-publishes-scathing-message-aimed-governors-military-career-report,starter
Johnson's plan to avoid government shutdown goes down in flames as Republicans rebel,FoxNews,2024-09-18,2024,https://www.foxnews.com/politics/johnsons-plan-avoid-government-shutdown-goes-down-flames-republicans-rebel,starter
U.S. and allies propose 21-day cease-fire between Israel and Hezbollah,NBC,2024-09-26,2024,https://www.nbcnews.com/news/world/us-allies-propose-21-day-cease-fire-israel-hezbollah-rcna172786,starter
Elton John bids farewell to Philly with 'Philadelphia Freedom' performance,FoxNews,2022-07-16,2022,https://www.foxnews.com/entertainment/elton-john-bids-farewell-philadelphia-freedom-performance,starter
Harris campaign celebrates after Georgia judge blocks hand-count ballot rule,FoxNews,2024-10-16,2024,https://www.foxnews.com/politics/harris-campaign-celebrates-georgia-judge-blocking-hand-count-ballot-rule.print,starter
Cracks in the wall of media praise for Harris? Multiple outlets eviscerate VP over price control plan,FoxNews,2024-08-17,2024,https://www.foxnews.com/media/cracks-wall-media-praise-harris-multiple-outlets-eviscerate-vp-over-price-control-plan,starter
Former One Direction band member Niall Horan announces new solo music and festivals in 2023,FoxNews,2022-10-28,2022,https://www.foxnews.com/entertainment/former-one-direction-band-member-niall-horan-announces-new-solo-music-festivals-2023,starter
Team USA beats Pakistan historic World Cup victory,NBC,2024-06-07,2024,https://www.nbcnews.com/sports/cricket/us-pakistan-cricket-world-cup-historic-upset-rcna155977,starter
South Carolina Republican primary highlights: Trump beats Nikki Haley,NBC,2024-02-24,2024,https://www.nbcnews.com/politics/2024-election/live-blog/south-carolina-republican-primary-live-updates-rcna139423#rcrd35032,starter
Historian who predicted almost every election since 1984 reveals who is likely to win in Trump-Harris matchup,FoxNews,2024-07-29,2024,https://www.foxnews.com/politics/historian-predicted-election-1984-reveals-likely-win-trump-harris-matchup,starter
Israel says troops searched a Gaza cemetery for dead hostages,NBC,2024-01-19,2024,https://www.nbcnews.com/news/world/israel-troops-searched-gaza-cemetery-dead-hostages-rcna134762,starter
Why 'I can't breathe' is resonating with environmental justice activists,NBC,2020-06-10,2020,https://www.nbcnews.com/science/environment/why-i-can-t-breathe-resonating-environmental-justice-activists-n1228561,starter
"Sultan Qaboos bin Said, who modernized Oman, dies at 79",NBC,2020-01-11,2020,https://www.nbcnews.com/news/world/sultan-qaboos-bin-said-who-modernized-oman-dies-79-n1113991,starter
"Most purchased cleaning, tech, fitness and kitchen products",NBC,2020-04-03,2020,https://www.nbcnews.com/select/shopping/most-purchased-uv-light-sanitizing-tech-products-march-ncna1176011,starter
Tim Walz turns down NY Times interview requests about response to George Floyd riots,FoxNews,2024-08-14,2024,https://www.foxnews.com/media/tim-walz-turns-down-ny-times-interview-requests-about-response-george-floyd-riots,starter
New poll reveals Republican Senate candidate deadlocked with Dem in crucial deep blue state,FoxNews,2024-08-27,2024,https://www.foxnews.com/politics/republican-aiming-flip-key-senate-seat-dark-blue-state-deadlocked-democrat-poll,starter
"Harris does about-face on several far-left policies, distances herself from Biden",FoxNews,2024-08-15,2024,https://www.foxnews.com/politics/harris-does-about-face-several-far-left-policies-distances-herself-from-biden,starter
NYC police commissioner resigns amid nightclub probe,NBC,2024-09-12,2024,https://www.nbcnews.com/news/investigations/nyc-police-commissioner-expected-resign-today-nightclub-probe-sources-rcna170792,starter
Secret Service Director Kimberly Cheatle reacts to independent review of Trump assassination plot,FoxNews,2024-07-21,2024,https://www.foxnews.com/us/secret-service-director-kimberly-cheatle-reacts-independent-review-trump-assassination-plot,starter
Italy drought reveals WWII bomb in waters of River Po,NBC,2022-08-08,2022,https://www.nbcnews.com/news/world/italy-drought-ww2-bomb-water-river-po-rcna41965,starter
Should You Trim Your Cuticles? Experts Weigh In,NBC,2025-12-05,2025,https://www.nbcnews.com/select/shopping/cuticle-care-oils-cutters-pushers-ncna1279777,starter
"Iowa school shooter showed 'warning signs' and 'copycat behavior,' police say",NBC,2024-10-18,2024,https://www.nbcnews.com/news/us-news/iowa-school-shooter-showed-warning-signs-copycat-behavior-police-say-rcna176136,starter
Banned political ads found on TikTok weeks ahead of 2024 election,NBC,2024-09-23,2024,https://www.nbcnews.com/tech/social-media/tiktok-ads-videos-election-politics-2024-rcna161234,starter
Freed hostage Noa Argamani returns to the dance floor to celebrate life,NBC,2024-08-24,2024,https://www.nbcnews.com/news/world/noa-argamani-israeli-celebrates-life-rcna168035,starter
Palestinian President Mahmoud Abbas threatens to cut security ties over U.S. Mideast plan,NBC,2020-02-01,2020,https://www.nbcnews.com/news/world/palestinian-president-mahmoud-abbas-threatens-cut-security-ties-over-u-n1128201,starter
Georgia judge blocks rule requiring counties to hand-count Election Day ballots,NBC,2024-10-16,2024,https://www.nbcnews.com/politics/2024-election/georgia-judge-blocks-rule-requiring-counties-hand-count-ballots-rcna175632,starter
Progressive House Dems made secret 'human rights' trip to Cuba amid worsening border crisis at home,FoxNews,2024-02-28,2024,https://www.foxnews.com/politics/progressive-house-dems-made-secret-trip-cuba-discuss-human-rights-border-crisis.print,starter
"Man with gun, knife arrested near Justice Kavanaugh's house",NBC,2022-06-08,2022,https://www.nbcnews.com/politics/supreme-court/man-gun-arrested-justice-kavanaughs-residence-rcna32535,starter
"Ozempic, the happy drug? Study suggests weight-loss medications could reduce depression, anxiety",FoxNews,2024-02-17,2024,https://www.foxnews.com/health/ozempic-happy-drug-study-suggests-weight-loss-medications-reduce-depression-anxiety,starter
IDF uncovers massive smuggling tunnel for vehicles on Gaza-Egypt border,FoxNews,2024-08-04,2024,https://www.foxnews.com/world/idf-uncovers-massive-smuggling-tunnel-vehicles-gaza-egypt-border,starter
Trump safe after shots fired in his vicinity at golf course; suspect in custody after apparent assassination attempt,NBC,2024-09-15,2024,https://www.nbcnews.com/politics/donald-trump/trump-campaign-says-former-president-safe-possible-gunshots-vicinity-rcna171206,starter
"James Carville warns Biden every time he listens to the left, he's 'screwed'",FoxNews,2024-06-13,2024,https://www.foxnews.com/media/james-carville-warns-biden-every-time-he-listens-left-hes-screwed,starter
"Nearly 20 years since 9/11 terror attacks, first FDNY chief on scene honors 'Ordinary Heroes'",FoxNews,2021-09-07,2021,https://www.foxnews.com/us/pfeifer-fdny-9-11-terror-attacks-fdny-chief-groud-zero-heroes,starter
Family selling dream home to fund life-saving treatment for 5-year-old daughter,FoxNews,2024-10-18,2024,https://www.foxnews.com/health/family-selling-dream-home-fund-life-saving-treatment-daughter.print,starter
An Israeli found dead after being shot in the West Bank as deadly strikes hit northern Gaza,NBC,2024-06-22,2024,https://www.nbcnews.com/news/world/israeli-found-dead-shot-west-bank-rcna158428,starter
"Biden, Trump win New Hampshire primary: Highlights",NBC,2024-01-23,2024,https://www.nbcnews.com/politics/2024-election/live-blog/new-hampshire-primary-live-updates-rcna134576#rcrd31938,starter
Alabama murderer gives up appeals and asks to be executed so that victims’ families have ‘justice’,NBC,2024-04-04,2024,https://www.nbcnews.com/news/us-news/alabama-murderer-gives-appeals-asks-executed-victims-families-justice-rcna146404,starter
Healthy breakfast smoothie could help kickstart better eating habits in the New Year,FoxNews,2021-12-19,2021,https://www.foxnews.com/lifestyle/healthy-breakfast-smoothie-kickstart-better-eating-new-year,starter
"Levin blasts BLM's endorsement of Cuban dictatorship, media's history of ‘friendliness’ to autocrats",FoxNews,2021-07-16,2021,https://www.foxnews.com/media/levin-blm-endorsement-cuban-dictatorship,starter
Who is Imane Khelif: The Algerian Olympic boxer deemed to have male chromosomes,FoxNews,2024-08-01,2024,https://www.foxnews.com/sports/who-imane-khelif-algerian-olympic-boxer-deemed-have-male-chromosomes.print,starter
The Best Last-Minute Father’s Day Gifts on Amazon in 2026,NBC,2025-06-06,2025,https://www.nbcnews.com/select/shopping/amazon-fathers-day-gifts-ncna1296034,starter
Elected official from Connecticut admits he entered Capitol during Jan. 6 attack,NBC,2022-10-29,2022,https://www.nbcnews.com/politics/politics-news/elected-official-connecticut-admits-entered-capitol-jan-6-attack-rcna54579,starter
Former NFL QB Jay Cutler arrested on charges of DUI and gun possession after minor crash in Tennessee,NBC,2024-10-18,2024,https://www.nbcnews.com/news/us-news/former-nfl-qb-jay-cutler-arrested-charges-dui-gun-possession-minor-cra-rcna176111,starter
"How to choose the best salt for cooking, according to chefs",NBC,2024-02-09,2024,https://www.nbcnews.com/select/shopping/best-salt-for-cooking-baking-rcna138094,starter
Guardians use long ball to pull off miraculous walk-off win after squandering late lead,FoxNews,2024-10-17,2024,https://www.foxnews.com/sports/guardians-use-long-ball-pull-off-miraculous-walk-off-win-after-squandering-late-lead,starter
Poll: Democrats' advantage with Latino voters continues to shrink,NBC,2024-09-29,2024,https://www.nbcnews.com/politics/2024-election/poll-harris-trump-democrats-advantage-latino-voters-continues-shrink-rcna172686,starter
Harris branches out while Trump preaches to the choir in divergent media strategies,NBC,2024-10-16,2024,https://www.nbcnews.com/politics/2024-election/harris-branches-trump-preaches-choir-diverging-media-strategies-rcna175395,starter
"With Harris, the Democratic convention is a hot ticket",NBC,2024-08-08,2024,https://www.nbcnews.com/politics/2024-election/harris-democratic-convention-hot-ticket-rcna165249,starter
"Hezbollah pagers that exploded were made in Hungary, Taiwanese company says",FoxNews,2024-09-18,2024,https://www.foxnews.com/world/hezbollah-pagers-exploded-were-made-hungary-taiwanese-company-says,starter
Bangladesh’s top court scales back government jobs quota after deadly unrest that has killed scores,NBC,2024-07-21,2024,https://www.nbcnews.com/news/world/bangladesh-court-scales-back-government-jobs-quota-deadly-protests-rcna162885,starter
"NYT, MSNBC's Mara Gay: 'Disturbing' to see 'dozens of American flags' on trucks in Long Island",FoxNews,2021-06-08,2021,https://www.foxnews.com/media/msnbc-analyst-disturbing-dozens-american-flags-flown-pickup-trucks-trump-supporters,starter
Kamala Harris deepfake shared by Musk sparks free speech debate,NBC,2024-08-01,2024,https://www.nbcnews.com/tech/misinformation/kamala-harris-deepfake-shared-musk-sparks-free-speech-debate-rcna164119,starter
"The Best Sunscreens for Dark Skin Tones in 2026, According to Experts and Editors",NBC,2026-04-21,2026,https://www.nbcnews.com/select/shopping/sunscreen-dark-skin-tones-rcna96902,starter
Mystery food bags bought at Whole Foods on deep discount go TikTok viral: 'Hit or miss',FoxNews,2024-10-02,2024,https://www.foxnews.com/food-drink/food-bags-bought-whole-foods-discount-go-tiktok-viral-hit-miss,starter
Israel says ground operation at its 'most intense day',NBC,2023-12-05,2023,https://www.nbcnews.com/news/world/live-blog/israel-hamas-war-live-updates-rcna128049/rcrd27249?canonicalCard=true,starter
Unearthed photo shows Tim Walz appointee decorated house with posters of murderous communist dictators,FoxNews,2024-10-01,2024,https://www.foxnews.com/politics/unearthed-photo-shows-tim-walz-appointee-decorated-house-posters-communist-dictators,starter
Meet the American who made us flip for fast food: White Castle founder Billy Ingram,FoxNews,2022-10-21,2022,https://www.foxnews.com/lifestyle/meet-american-made-flip-fast-food-white-castle-founder-billy-ingram,starter
"Amid global adoption reckoning, adoptees fight long-standing narrative they should be 'grateful'",NBC,2024-10-18,2024,https://www.nbcnews.com/news/asian-america/chinese-korea-global-adoption-adoptees-grateful-rcna175785,starter
"White House grilled on Harris' gun ownership, mandatory gun buybacks",FoxNews,2024-09-26,2024,https://www.foxnews.com/politics/white-house-grilled-harris-gun-ownership-mandatory-gun-buybacks.print,starter
Gretchen Whitmer rejects polls showing Harris up 5 points against Trump in Michigan: 'It's just not true',FoxNews,2024-09-06,2024,https://www.foxnews.com/media/gretchen-whitmer-rejects-polls-showing-harris-up-5-points-against-trump-michigan-not-true,starter
Israel has a long track record of assassinating its enemies. Will it work against Hamas?,NBC,2024-01-09,2024,https://www.nbcnews.com/news/world/israel-mossad-assassinates-enemies-munich-olympics-hamas-rcna132908,starter
"On this day in history, September 10, 1987, Pope John Paul II arrives in Miami, is warmly welcomed by Reagans",FoxNews,2024-09-10,2024,https://www.foxnews.com/lifestyle/this-day-history-september-10-1987-pope-john-paul-ii-arrives-miami-welcomed-reagans.print,starter
"Meeting with Zelenskyy, Trump says he will negotiate a Ukraine-Russia deal 'that's good for both sides'",NBC,2024-09-27,2024,https://www.nbcnews.com/politics/donald-trump/meeting-zelenskyy-trump-says-will-negotiate-ukraine-russia-deal-good-b-rcna172987,starter
Trump fan gets eight years for assaulting officers during Jan. 6 Capitol breach,NBC,2024-09-20,2024,https://www.nbcnews.com/politics/justice-department/trump-fan-gets-eight-years-assaulting-officers-jan-6-capitol-breach-rcna171991,starter
Flashback: DA Harris' plan to prosecute drug dealers starting on their 3rd offense shot down by police,FoxNews,2024-09-10,2024,https://www.foxnews.com/politics/flashback-da-harris-plan-prosecute-drug-dealers-starting-third-offense-shot-down-police,starter
House votes to condemn Biden and Kamala Harris over Afghanistan withdrawal,NBC,2024-09-25,2024,https://www.nbcnews.com/politics/congress/house-vote-condemn-biden-kamala-harris-others-2021-afghanistan-withdra-rcna172619,starter
Israeli troops raid Lions' Den hideout in Nablus; 5 Palestinians killed,NBC,2022-10-25,2022,https://www.nbcnews.com/news/world/israeli-troops-raid-lions-den-nablus-palestinians-killed-rcna53841,starter
14 best fitness accessories you can buy on Amazon,NBC,2023-05-15,2023,https://www.nbcnews.com/select/shopping/best-amazon-fitness-products-ncna1305002,starter
"Majority of Black swing-state voters back Harris, as Trump makes inroads with Black men: poll",FoxNews,2024-09-19,2024,https://www.foxnews.com/politics/overwhelming-majority-black-swing-state-voters-back-harris-across-all-age-groups-poll,starter
"7 Best Turkish Towels of 2026, Recommended by Experts",NBC,2021-06-28,2021,https://www.nbcnews.com/select/shopping/best-turkish-beach-towels-ncna1272529,starter
Harris undergoes a '60 Minutes' grilling as Trump sits it out,NBC,2024-10-08,2024,https://www.nbcnews.com/politics/2024-election/harris-undergoes-60-minutes-grilling-trump-sits-rcna174415,starter
House impeaches Trump for second time; Senate must now weigh conviction,NBC,2021-01-13,2021,https://www.nbcnews.com/politics/congress/house-poised-impeach-trump-second-time-incitement-insurrection-n1254051,starter
J-Hope from BTS finishes military service in South Korea,NBC,2024-10-18,2024,https://www.nbcnews.com/pop-culture/pop-culture-news/j-hope-bts-finishes-military-service-south-korea-rcna176105,starter
Kamala Harris supporters unsure when asked about VP's policy accomplishments,FoxNews,2024-07-31,2024,https://www.foxnews.com/media/kamala-harris-supporters-struggle-list-policy-accomplishments-during-her-time-politics,starter
COUNTDOWN: Harris has just 4 days left to make good on sit-down interview proclamation,FoxNews,2024-08-27,2024,https://www.foxnews.com/politics/countdown-harris-has-just-4-days-left-make-good-sit-down-interview-proclamation,starter
"Milton's gone, but the political storm keeps raging over federal government's hurricane efforts",FoxNews,2024-10-11,2024,https://www.foxnews.com/politics/miltons-gone-political-storm-keeps-raging-over-federal-governments-hurricane-efforts,starter
Jorge Ramos’ daughter sounds alarm that Latinos are 'walking away’ from Democratic Party,FoxNews,2022-09-23,2022,https://www.foxnews.com/media/jorge-ramos-daughter-sounds-alarm-latinos-walking-away-from-democratic-party,starter
Dozens killed as '4 schools in the last 4 days' struck in Gaza,NBC,2024-07-10,2024,https://www.nbcnews.com/news/world/israel-hamas-war-schools-struck-gaza-dozens-killed-rcna161064,starter
The media's sudden rejection of Kamala Harris' 'border czar' label,FoxNews,2024-07-25,2024,https://www.foxnews.com/media/medias-sudden-rejection-kamala-harris-border-czar-label.print,starter
Charlie Sheen's ex Denise Richards vows to ‘support’ their daughter Sami after actor disapproves OnlyFans page,FoxNews,2022-06-15,2022,https://www.foxnews.com/entertainment/charlie-sheen-denise-richards-support-sami-sheen-onlyfans,starter
Beijing floods: 20 dead and 27 missing in China rain,NBC,2023-08-01,2023,https://www.nbcnews.com/news/world/flooding-beijing-china-rain-rcna97473,starter
Nevada abortion rights groups submit signatures to advance ballot measure,NBC,2024-05-20,2024,https://www.nbcnews.com/politics/nevada-abortion-rights-groups-signatures-ballot-measure-rcna146116,starter
"On Memorial Day, Lee Greenwood remembers America's heroes: 'Never take freedom for granted'",FoxNews,2023-05-29,2023,https://www.foxnews.com/lifestyle/memorial-day-lee-greenwood-remembers-americas-heroes-never-take-freedom-granted,starter
Eddie Van Halen's brother wants AI to complete the band's unreleased music,FoxNews,2024-10-18,2024,https://www.foxnews.com/entertainment/eddie-van-halens-brother-wants-ai-complete-bands-unreleased-music,starter
"UN ambassador criticizes Israeli military, calls for 'fundamental changes'",FoxNews,2024-09-17,2024,https://www.foxnews.com/politics/un-ambassador-criticizes-israeli-military-calls-fundamental-changes,starter
"Michigan State sets aside 'Unconditional Love Fund,' but only 'LGBTQIA2S+' students are eligible",FoxNews,2023-02-02,2023,https://www.foxnews.com/us/michigan-state-sets-aside-unconditional-love-fund-only-lgbtqia2s-students-are-eligible,starter
"Pennsylvania court tosses school mask mandate, health secretary appeals",FoxNews,2021-11-10,2021,https://www.foxnews.com/us/pennsylvania-court-school-mask-mandate,starter
Kamala Harris' tough-on-migration pitch at the border points to a shifting national mood,NBC,2024-09-28,2024,https://www.nbcnews.com/politics/2024-election/kamala-harris-tough-migration-pitch-border-points-shifting-national-mo-rcna172850,starter
Federal judge appoints special master to review documents seized at Mar-a-Lago,NBC,2022-09-15,2022,https://www.nbcnews.com/politics/politics-news/federal-judge-appoints-special-master-review-documents-seized-mar-lago-rcna48013,starter
"North Korean troops now fighting for Russia in Ukraine, Seoul says",FoxNews,2024-10-09,2024,https://www.foxnews.com/politics/north-korean-troops-now-fighting-russia-ukraine-seoul-says,starter
'The View' co-host Joy Behar begs Republicans to vote for Democratic Party: 'Just do it this one time',FoxNews,2024-10-04,2024,https://www.foxnews.com/media/view-co-host-joy-behar-begs-republicans-vote-democratic-party-just-one-time.print,starter
Fitbit Charge 6 Review | NBC Select,NBC,2024-03-26,2024,https://www.nbcnews.com/select/shopping/fitbit-charge-6-review-rcna144998,starter
'Kamala Era': DNC launches Taylor Swift-themed campaign in pitch to young voters,FoxNews,2024-10-18,2024,https://www.foxnews.com/politics/kamala-era-dnc-launches-taylor-swift-themed-campaign-pitch-young-voters,starter
"Black swing-state voters overwhelmingly back Harris — with key divides on age and gender, Howard poll shows",NBC,2024-09-19,2024,https://www.nbcnews.com/politics/elections/howard-poll-black-swing-state-voters-overwhelmingly-back-harris-rcna171467,starter
‘Uncommitted’ Democratic voters creating negative press for Biden as progressives protest support for Israel,FoxNews,2024-03-07,2024,https://www.foxnews.com/media/uncommitted-democratic-voters-creating-negative-press-biden-progressives-protest-support-israel,starter
"On this day in history, November 6, 1984, Ronald Reagan wins re-election to the White House by a landslide",FoxNews,2023-11-06,2023,https://www.foxnews.com/lifestyle/this-day-history-november-6-1984-ronald-reagan-wins-re-election-white-house-landslide.print,starter
Secret Service boosts protection around Donald Trump,NBC,2024-09-24,2024,https://www.nbcnews.com/politics/donald-trump/secret-service-boosts-protection-donald-trump-rcna172368,starter
Veterans increasingly calling out Walz's military record: 'Shameful',FoxNews,2024-08-13,2024,https://www.foxnews.com/politics/veterans-increasingly-calling-out-walzs-military-record-shameful,starter
"Sydney Sweeney’s move to LA 'was a catalyst' for parents' bankruptcy, divorce",FoxNews,2024-10-18,2024,https://www.foxnews.com/entertainment/sydney-sweeneys-move-la-catalyst-parents-bankruptcy-divorce,starter
‘Shōgun’ dominates 2024 Emmys with several wins including best drama,NBC,2024-09-16,2024,https://www.nbcnews.com/news/asian-america/shogun-emmys-wins-awards-2024-rcna171040,starter
Michael Avenatti sentenced to 4 years in prison for stealing from Stormy Daniels,NBC,2022-06-02,2022,https://www.nbcnews.com/news/us-news/michael-avenatti-sentenced-4-years-stealing-stormy-daniels-rcna31611,starter
Chocolate ice cream vs. vanilla ice cream: Which dessert is 'better' for you? Here's the cold hard truth,FoxNews,2024-07-21,2024,https://www.foxnews.com/food-drink/chocolate-ice-cream-vanilla-ice-cream-better-heres-cold-hard-truth.print,starter
Poll: Half of voters plan to cast their ballots early — with a stark partisan divide,NBC,2024-10-15,2024,https://www.nbcnews.com/politics/2024-election/poll-half-voters-plan-cast-ballots-early-stark-partisan-divide-rcna175253,starter
Brazil’s top court orders nationwide suspension of Elon Musk’s X,NBC,2024-08-30,2024,https://www.nbcnews.com/tech/social-media/x-brazil-ban-elon-musk-rcna169072,starter
"In Arizona speech, Vance says next president must put Americans first, slams FEMA money for migrants",FoxNews,2024-10-09,2024,https://www.foxnews.com/politics/arizona-speech-vance-next-president-americans-first-slams-fema-money-migrants,starter
Trump says he 'probably took a bullet to the head' due to Dem rhetoric,FoxNews,2024-09-10,2024,https://foxnews.com/politics/trump-says-he-probably-took-bullet-head-due-dem-rhetoric,starter
North Korea says it is suspending military pact with South,NBC,2023-11-23,2023,https://www.nbcnews.com/news/world/north-korea-vows-deploy-new-weapons-border-south-rcna126463,starter
"ACLU, LGBT groups sue Missouri AG over gender transition emergency rule",FoxNews,2023-04-25,2023,https://www.foxnews.com/politics/aclu-lgbt-groups-sue-missouri-ag-gender-transition-emergency-rule,starter
Far-right election denier Mastriano wins GOP race for governor in Pennsylvania,NBC,2022-05-18,2022,https://www.nbcnews.com/politics/2022-election/far-right-election-denier-mastriano-wins-gop-race-governor-pennsylvani-rcna29136,starter
'Abuse of power': House GOP opens probe into Ukrainian president's trip to battleground Pennsylvania,FoxNews,2024-09-25,2024,https://www.foxnews.com/politics/abuse-power-house-gop-opens-probe-ukrainian-presidents-trip-battleground-pennsylvania,starter
"Trump unleashes on Harris, talking immigration, China in exclusive 'Life, Liberty & Levin' interview",FoxNews,2024-08-31,2024,https://www.foxnews.com/media/trump-unleashes-harris-talking-immigration-china-exclusive-life-liberty-levin-interview.print,starter
From the 'Shark Tank' to the campaign trail: Mark Cuban teams up with Kamala Harris,FoxNews,2024-10-17,2024,https://www.foxnews.com/politics/from-shark-tank-campaign-trail-mark-cuban-teams-up-kamala-harris.print,starter
Palestinian father hails ‘miracle’ daughters who were pulled from rubble in Gaza,NBC,2024-01-24,2024,https://www.nbcnews.com/news/world/palestinian-father-miracle-daughters-gaza-israel-airstrike-rcna135034,starter
"Father of Israeli-American hostage pleads for deal 'with Satan' before Biden, Harris enter Situation Room",FoxNews,2024-09-02,2024,https://www.foxnews.com/politics/father-american-israeli-hostage-pleads-deal-with-satan-before-biden-harris-enter-situation-room,starter
Trump's lawyers seek post-Election Day delay for court fight over immunity decision fallout in interference case,NBC,2024-08-31,2024,https://www.nbcnews.com/politics/2024-election/trumps-lawyers-seek-post-election-day-delay-court-fight-immunity-decis-rcna169022,starter
"How to Get Rid of Fleas, According to Veterinarians | NBC Select",NBC,2021-04-01,2021,https://www.nbcnews.com/select/shopping/how-get-rid-fleas-ncna1262654,starter
Mossimo Giannulli reports to prison to begin 5-month sentence in the college admissions scandal,FoxNews,2020-11-19,2020,https://www.foxnews.com/entertainment/mossimo-giannulli-prison-5-month-sentence-college-admissions-scandal,starter
Trump refuses to acknowledge his 2020 loss and dodges debate question about his Jan. 6 actions,NBC,2024-09-11,2024,https://www.nbcnews.com/politics/justice-department/trump-refuses-acknowledge-2020-loss-dodges-debate-question-jan-6-actio-rcna170540,starter
Boxers previously barred from women's events will fight in Paris Olympics,NBC,2024-07-30,2024,https://www.nbcnews.com/nbc-out/out-news/boxers-olympics-imane-khelif-lin-yu-ting-gender-eligibility-rcna164257,starter
Chip Roy says voters 'don't give 2 flying s---s' about government shutdown fight,FoxNews,2024-09-03,2024,https://www.foxnews.com/politics/chip-roy-says-voters-dont-give-two-flying-s-s-about-government-shutdown-fight,starter
Hurricane Milton: Category 5 storm prompts Florida evacuation orders,NBC,2024-10-07,2024,https://www.nbcnews.com/news/weather/live-blog/hurricane-milton-live-updates-rcna174253,starter
South Korea responds to North’s trash balloons with loudspeaker broadcasts,NBC,2024-07-21,2024,https://www.nbcnews.com/news/world/korea-trash-balloons-loudspeaker-broadcasts-rcna162883,starter
Republicans' anti-Trump effort flounders,NBC,2023-09-25,2023,https://www.nbcnews.com/politics/2024-election/republicans-anti-trump-effort-flounders-rcna116977,starter
Country music is typically a white space. Mickey Guyton is ready to change it.,NBC,2020-07-25,2020,https://www.nbcnews.com/news/nbcblk/country-music-typically-white-space-mickey-guyton-ready-change-it-n1234821,starter
"Kamala Harris claims she's got a gun, but Second Amendment supporters say good luck getting yours",FoxNews,2024-10-14,2024,https://www.foxnews.com/politics/kamala-harris-said-she-owns-glock-despite-history-backing-handgun-bans,starter
The Best Solar Pool Covers of 2026,NBC,2021-09-24,2021,https://www.nbcnews.com/select/shopping/solar-pool-covers-top-rated-ncna1280026,starter
VP Kamala Harris could name one of these 5 Democrats as her running mate,FoxNews,2024-07-30,2024,https://www.foxnews.com/politics/vp-kamala-harris-could-name-one-5-democrats-her-running-mate,starter
McConnell and Trump aides have been discussing an endorsement of the former president,NBC,2024-02-26,2024,https://www.nbcnews.com/politics/congress/mcconnell-trump-aides-discussing-endorsement-former-president-rcna140509,starter
Biden plans to 'trigger Trump' in new 'aggressive' election strategy: report,FoxNews,2024-03-05,2024,https://www.foxnews.com/media/biden-plans-trigger-trump-new-aggressive-election-strategy-report,starter
Judge in Georgia election interference case dismisses three counts against Trump,NBC,2024-03-13,2024,https://www.nbcnews.com/politics/donald-trump/judge-georgia-election-interference-case-dismisses-three-counts-trump-rcna143182,starter
"Taylor Swift steals NYC spotlight during dinner with Blake Lively, Sophie Turner and Brittany Mahomes",FoxNews,2023-10-01,2023,https://www.foxnews.com/entertainment/taylor-swift-steals-nyc-spotlight-dinner-blake-lively-sophie-turner-brittany-mahomes,starter
"'Warning signs flashing': Biden, Trump struggle to lock up base voters ahead of first debate",FoxNews,2024-05-18,2024,https://www.foxnews.com/politics/biden-trump-struggle-lock-up-base-voters-ahead-first-debate,starter
31 best Amazon organization products for your home,NBC,2023-04-21,2023,https://www.nbcnews.com/select/shopping/best-amazon-organization-products-home-ncna1304466,starter
Hackers rally behind Kamala Harris' presidential campaign,NBC,2024-08-09,2024,https://www.nbcnews.com/tech/security/hackers-rally-kamala-harris-presidential-campaign-def-con-las-vegas-rcna165459,starter
"Former Secret Service agent warns agency ‘stretched thin’ with new responsibilities, lack of manpower",FoxNews,2024-07-15,2024,https://www.foxnews.com/us/former-secret-service-agent-warns-agency-stretched-thin-new-responsibilities-lack-manpower,starter
False claims about FEMA disaster funds and migrants pushed by Trump,NBC,2024-10-04,2024,https://www.nbcnews.com/politics/donald-trump/false-claims-fema-disaster-funds-migrants-pushed-trump-rcna173955,starter
"The Best Vitamin E Skin Sare Products of 2026, According to Experts",NBC,2023-09-08,2023,https://www.nbcnews.com/select/shopping/best-vitamin-e-skin-care-products-rcna103948,starter
Harris-Trump showdown: Group of former law enforcement leaders takes sides in presidential election,FoxNews,2024-09-23,2024,https://www.foxnews.com/politics/harris-trump-showdown-leading-law-enforcement-group-takes-sides-presidential-election,starter
Fighting the disturbing spiral of Jew-hatred in Canada,FoxNews,2024-09-12,2024,https://www.foxnews.com/opinion/fighting-disturbing-spiral-jew-hatred-canada.print,starter
"On this day in history, August 15, 1935, entertainer Will Rogers, aviator Wiley Post killed in plane crash",FoxNews,2024-08-15,2024,https://www.foxnews.com/lifestyle/this-day-history-august-15-entertainer-will-rogers-aviator-wiley-post-killed,starter
Florida House Primary Election 2024 Live Results,NBC,2024-08-20,2024,https://www.nbcnews.com/politics/2024-primary-elections/florida-house-results,starter
Colorado World War II veteran to celebrate 100th birthday this month: 'Pleased to serve my country',FoxNews,2023-11-11,2023,https://www.foxnews.com/lifestyle/colorado-world-war-ii-veteran-celebrate-100th-birthday-month-pleased-serve-country,starter
A historically Black community grapples with lasting impacts after Baltimore bridge collapse,NBC,2024-10-18,2024,https://www.nbcnews.com/news/nbcblk/historically-black-community-grapples-lasting-impacts-baltimore-bridge-rcna176143,starter
Stormy Daniels must pay $300k to Donald Trump after losing defamation case appeal,NBC,2022-03-22,2022,https://www.nbcnews.com/politics/donald-trump/stormy-daniels-must-pay-300k-donald-trump-losing-defamation-case-appea-rcna21002,starter
"Israel sets new war goal, adding to signs of Hezbollah military action",NBC,2024-09-17,2024,https://www.nbcnews.com/news/world/israel-new-war-goal-hezbollah-military-action-lebanon-gaza-rcna171417,starter
Trump has long used degrading language toward immigrants,NBC,2024-09-19,2024,https://www.nbcnews.com/politics/donald-trump/trump-degrading-language-immigrants-rcna171120,starter
"On this day in history, August 22, 1776, the British invade Brooklyn by sea",FoxNews,2024-08-22,2024,https://www.foxnews.com/lifestyle/this-day-history-august-22-british-invade-brooklyn-sea,starter
"Political storm: On Trump 'onslaught of lies,' Biden urges former president to 'get a life man'",FoxNews,2024-10-10,2024,https://www.foxnews.com/politics/political-storm-trump-lies-biden-urges-former-president-get-life-man,starter
Minnesota House Primary Election 2024 Live Results,NBC,2024-08-13,2024,https://www.nbcnews.com/politics/2024-primary-elections/minnesota-house-results,starter
Stateside Puerto Ricans demand answers on unused hurricane aid to Puerto Rico,NBC,2020-03-10,2020,https://www.nbcnews.com/news/latino/stateside-puerto-ricans-demand-answers-unused-hurricane-aid-puerto-rico-n1154236,starter
"Despite last-minute cleanup efforts, Helene's debris piles remain a threat during Hurricane Milton",NBC,2024-10-09,2024,https://www.nbcnews.com/weather/hurricanes/debris-piles-remain-threat-hurricane-milto-rcna174685,starter
"Iran to blame for violence that killed Mahsa Amini, U.N. finds",NBC,2024-03-08,2024,https://www.nbcnews.com/news/world/iran-blame-violence-killed-mahsa-amini-un-finds-rcna142504,starter
Dak Prescott gets engaged with help from seven-month-old daughter: 'Daddy has a question for you',FoxNews,2024-10-18,2024,https://www.foxnews.com/sports/dak-prescott-gets-engaged-help-from-7-month-old-daughter-daddy-has-question-you.print,starter
"Chicago schools' sex ed curriculum teaches elementary school kids about gender identity, puberty blockers",FoxNews,2024-08-23,2024,https://www.foxnews.com/politics/chicago-schools-sex-ed-curriculum-teaches-elementary-school-kids-about-gender-identity-puberty-blockers,starter
"On this day in history, May 13, 1981, Pope John Paul II survives assassination attempt",FoxNews,2024-05-13,2024,https://www.foxnews.com/lifestyle/this-day-history-may-13-1981-pope-john-paul-ii-survives-assassination-attempt,starter
"5 key things to watch at the DNC: Harris’ strategy, Biden’s role and Trump comparisons",NBC,2024-08-19,2024,https://www.nbcnews.com/politics/2024-election/dnc-what-watch-for-harris-biden-democratic-convention-rcna165264,starter
Mark Robinson vows to stay in N.C. governor's race following report he made inflammatory comments on a porn site,NBC,2024-09-19,2024,https://www.nbcnews.com/politics/2024-election/mark-robinson-vows-stay-north-carolina-governor-race-cnn-report-rcna171860,starter
Abortion rights to expand in blue states after Roe v Wade overturned in Dobbs decision,FoxNews,2022-06-24,2022,https://www.foxnews.com/politics/abortion-rights-expand-blue-states-roe-v-wade-overturned-dobbs-decision,starter
"Heroism, bravery displayed on 9/11 by plane passengers who made phone calls from hijacked aircraft",FoxNews,2023-09-10,2023,https://www.foxnews.com/us/9-11-flight-phone-calls,starter
"Afghan accused of plotting terror attack worked as CIA guard, officials say",NBC,2024-10-09,2024,https://www.nbcnews.com/news/afghan-accused-plotting-terror-attack-worked-cia-guard-officials-say-rcna174783,starter
Delaware man stole $11K worth of cigarettes from Walgreens: state police,FoxNews,2024-06-17,2024,https://www.foxnews.com/us/delaware-man-stole-11k-worth-cigarettes-walgreens-state-police,starter
WATCH: Florida police officers lift car off man trapped underneath — 'somebody pull him out!',FoxNews,2023-11-03,2023,https://www.foxnews.com/us/watch-florida-police-officers-lift-car-off-man-trapped-underneath.print,starter
Matt Damon's advice to Josh Hartnett while filming 'Oppenheimer' was ‘so unhelpful’,FoxNews,2024-07-27,2024,https://www.foxnews.com/entertainment/matt-damons-advice-josh-hartnett-while-filming-oppenheimer-so-unhelpful,starter
"Senate hopeful Sam Brown, Tulsi Gabbard show support for Nevada women's volleyball team amid SJSU trans drama",FoxNews,2024-10-17,2024,https://www.foxnews.com/sports/senate-hopeful-sam-brown-tulsi-gabbard-show-support-nevada-womens-volleyball-team-amid-sjsu-trans-drama.print,starter
Israel battles regrouped Hamas in northern Gaza; U.S. warns Rafah assault risks 'anarchy',NBC,2024-05-13,2024,https://www.nbcnews.com/news/world/israel-battles-hamas-northern-gaza-jabaliya-regrouped-rafah-blinken-rcna151919,starter
"Ratan Tata, who put India's Tata Group on the global map, dies at 86",NBC,2024-10-10,2024,https://www.nbcnews.com/news/world/ratan-tata-put-indias-tata-group-global-map-dies-86-rcna174802,starter
"Josh Radnor talks shedding 'How I Met Your Mother' character, creating new music",FoxNews,2021-05-06,2021,https://www.foxnews.com/entertainment/josh-radnor-talks-shedding-how-i-met-your-mother-character-new-music.print,starter
Harris' 'word salad' answer on Israel alliance confounds social media users: 'Someone please interpret',FoxNews,2024-10-07,2024,https://www.foxnews.com/media/harris-word-salad-answer-israel-alliance-confounds-social-media-users-someone-please-interpret,starter
"'Clear the Capitol,' Pence pleaded, timeline of riot shows",NBC,2021-04-10,2021,https://www.nbcnews.com/politics/congress/clear-capitol-pence-pleaded-timeline-riot-shows-n1263729,starter
Taylor Swift announces new music after being scared by seemingly possessed piano during Eras Tour,FoxNews,2023-05-24,2023,https://www.foxnews.com/entertainment/taylor-swift-new-music-scared-seemingly-possessed-piano-during-eras-tour,starter
Wisconsin kicks off election season with first widely available absentee ballots,FoxNews,2024-09-19,2024,https://www.foxnews.com/politics/wisconsin-kicks-off-election-season-first-widely-available-absentee-ballots.print,starter
Trump pushes false claims about mail-in vote fraud. Here are the facts.,NBC,2020-04-10,2020,https://www.nbcnews.com/politics/donald-trump/trump-pushes-false-claims-about-mail-vote-fraud-here-are-n1180566,starter
Demi Moore addresses Bruce Willis' dementia battle: 'He's doing very well',FoxNews,2024-01-31,2024,https://www.foxnews.com/entertainment/demi-moore-addresses-bruce-willis-dementia-battle.print,starter
White House repeatedly dodges on if Biden thinks Netanyahu is an 'obstacle for peace:' 'Not answered 3 times',FoxNews,2024-03-15,2024,https://www.foxnews.com/media/white-house-repeatedly-dodges-biden-thinks-netanyahu-obstacle-peace-not-answered-3-times,starter
"Russia operated nearly 1,000 sock puppet accounts on X, Justice Department says",NBC,2024-07-09,2024,https://www.nbcnews.com/tech/misinformation/russia-operated-nearly-1000-sock-puppet-accounts-x-justice-department-rcna161004,starter
Judge orders Jan. 6 rioter who showed up outside Obama's home detained until trial,NBC,2023-07-12,2023,https://www.nbcnews.com/politics/justice-department/judge-orders-jan-6-rioter-showed-obamas-home-detained-trial-rcna93411,starter
Sydney Sweeney 'so glad' mother stopped her from getting breast reduction as a teen: 'They're my best friends',FoxNews,2023-12-21,2023,https://www.foxnews.com/entertainment/sydney-sweeney-glad-mother-stopped-getting-breast-reduction-teen,starter
"Andre Rush, Army veteran and celebrity chef, brings fresh awareness to PTSD, suicide prevention",FoxNews,2022-02-11,2022,https://www.foxnews.com/lifestyle/andre-rush-army-veteran-chef-ptsd-suicide,starter
"Looming Mideast peace deal amounts to Netanyahu-Trump pact, experts say",NBC,2020-01-28,2020,https://www.nbcnews.com/news/world/looming-mideast-peace-deal-amounts-netanyahu-trump-pact-experts-say-n1124481,starter
University of Virginia's student newspaper calls to removing Thomas Jefferson's name from campus,FoxNews,2022-08-23,2022,https://www.foxnews.com/media/university-virginias-student-newspaper-calls-removing-thomas-jeffersons-name-from-campus.print,starter
Reagan-appointed judge warns GOP's 'preposterous' claims about Jan. 6 could pose threat,NBC,2024-01-25,2024,https://www.nbcnews.com/politics/justice-department/reagan-appointed-judge-warns-gops-preposterous-claims-jan-6-pose-threa-rcna135754,starter
Elon Musk's PAC offers $47 payouts to refer swing state voters to sign petition,NBC,2024-10-07,2024,https://www.nbcnews.com/tech/tech-news/musk-pac-signature-47-pay-refer-swing-state-voters-sign-petition-rcna174310,starter
U.N. General Assembly votes for cease-fire resolution opposed by U.S. and Israel,NBC,2023-12-12,2023,https://www.nbcnews.com/news/world/live-blog/israel-hamas-war-live-updates-us-israel-increasingly-isolated-growing-rcna129223,starter
Israel’s hunt for Hamas terror group leader Yahya Sinwar: 'Dead man walking',FoxNews,2023-10-17,2023,https://www.foxnews.com/world/israels-hunt-hamas-terror-group-leader-yahya-sinwar-dead-man-walking.print,starter
"Bruce Willis diagnosed with aphasia, 'stepping away' from acting, family reveals",FoxNews,2022-03-30,2022,https://www.foxnews.com/entertainment/bruce-willis-diagnosed-aphasia-stepping-away-acting,starter
"In a win for abortion-rights supporters, Ohio voters reject Issue 1",NBC,2023-08-09,2023,https://www.nbcnews.com/politics/elections/ohio-issue-one-reject-loss-abortion-rights-ballot-measure-rcna98842,starter
USA Today under fire for allowing Stacey Abrams to retroactively edit op-ed to downplay boycott support,FoxNews,2021-04-27,2021,https://www.foxnews.com/media/usa-today-under-fire-for-allowing-stacey-abrams-to-retroactively-edit-op-ed-to-downplay-boycott-support,starter
How a fringe online claim about immigrants eating pets made its way to the debate stage,NBC,2024-09-13,2024,https://www.nbcnews.com/politics/donald-trump/trump-fringe-online-claim-immigrants-eating-pets-debate-trump-rcna170759,starter
"'Everybody is scared': As Gaza faces threat of ground invasion, tensions run high in Israel",NBC,2023-10-13,2023,https://www.nbcnews.com/news/world/everybody-scared-gaza-faces-threat-ground-invasion-tensions-run-high-i-rcna120346,starter
Judge narrows election interference case against Trump in Georgia,NBC,2024-09-12,2024,https://www.nbcnews.com/politics/donald-trump/judge-narrows-election-interference-case-trump-georgia-rcna170898,starter
Chinese adoptees say they feel conflicted after China announces end to international adoptions,NBC,2024-09-28,2024,https://www.nbcnews.com/news/asian-america/china-international-adoption-ban-adoptees-rcna172947?cid=sm_in,starter
New York Republican co-sponsors bill defending IVF treatment,FoxNews,2024-03-14,2024,https://www.foxnews.com/politics/new-york-republican-co-sponsors-bill-defending-ivf-treatment,starter
Tampa's Lieutenant Dan says he'll endure Hurricane Milton on boat,NBC,2024-10-09,2024,https://www.nbcnews.com/tech/internet/lieutenant-dan-tampa-florida-hurricane-milton-boat-mayor-cam-gofundme-rcna174647,starter
Democratic Sen. Bob Casey concedes there's no 'videotape' that'll disprove Biden's age concerns,FoxNews,2024-02-20,2024,https://www.foxnews.com/media/democratic-sen-bob-casey-concedes-no-videotape-disprove-bidens-age-concerns.print,starter
Republicans raise alarm as Biden admin prepares plan to protect wolves nationwide,FoxNews,2024-02-01,2024,https://www.foxnews.com/politics/republicans-raise-alarm-biden-admin-prepares-plan-protect-wolves-nationwide.print,starter
National Black Farmers president issues dire warning to Biden admin: 'We're heading for a food shortage',FoxNews,2022-07-20,2022,https://www.foxnews.com/media/national-black-farmers-president-issues-dire-warning-biden-admin-heading-food-shortage,starter
Biden presses allies for Ukraine aid to beat back Russian invasion in speech at UN,NBC,2023-09-19,2023,https://www.nbcnews.com/politics/joe-biden/biden-press-ukraine-aid-beat-back-russian-invasion-speech-un-rcna105713,starter
'Agency in crisis': Secret Service has decade-old staffing shortfall,NBC,2024-07-20,2024,https://www.nbcnews.com/investigations/agency-crisis-secret-service-decade-old-staffing-shortfall-rcna162698,starter
"Battles rage across Gaza as death toll tops 35,000 and tens of thousands evacuate Rafah",NBC,2024-05-12,2024,https://www.nbcnews.com/news/world/israel-hamas-war-gaza-battles-jabalia-rafah-evacuations-rcna151852,starter
U.N. Security Council fails to pass U.S. resolution calling for Gaza cease-fire,NBC,2024-03-22,2024,https://www.nbcnews.com/news/world/un-security-council-cease-fire-resolution-us-rcna144556,starter
"As China’s economy falters, so does middle-class confidence",NBC,2024-04-10,2024,https://www.nbcnews.com/news/world/china-economy-falters-middle-class-confidence-xi-business-rcna145809,starter
"Foreign national Palestinians can cross from Gaza into Egypt on Monday, officials say",NBC,2023-10-15,2023,https://www.nbcnews.com/news/world/live-blog/israel-hamas-war-live-updates-gaza-israel-humanitarian-rcna120479,starter
"As helicopter crash site is discovered, Iranian President Ebrahim Raisi is confirmed dead",NBC,2024-05-19,2024,https://www.nbcnews.com/news/world/helicopter-carrying-irans-president-suffers-hard-landing-state-tv-says-rcna152961,starter
"Anti-Israel agitators shut down traffic, disrupt cities all across US in demand for Gaza cease-fire",FoxNews,2024-04-15,2024,https://www.foxnews.com/us/anti-israel-agitators-shut-down-traffic-disrupt-cities-all-across-us-demand-gaza-ceasefire,starter
How to bet on the Kentucky Derby from home,FoxNews,2023-05-05,2023,https://www.foxnews.com/sports/kentucky-derby-how-bet-horses-home,starter
Conservative activist Charlie Kirk helped oust Ronna McDaniel at the RNC. Now the knives are out for him.,NBC,2024-02-18,2024,https://www.nbcnews.com/politics/donald-trump/charlie-kirk-ronna-mcdaniel-rnc-trump-rcna139288,starter
"MSNBC host rages after seeing polls showing Trump leading, calls Electoral College a ‘suicide pact’",FoxNews,2024-08-31,2024,https://www.foxnews.com/media/msnbc-host-rages-seeing-polls-showing-trump-leading-electoral-college-suicide-pact,starter
Ohio voters enshrine abortion rights in state constitution after fall of Roe v. Wade,NBC,2023-11-08,2023,https://www.nbcnews.com/politics/elections/ohio-voters-enshrine-abortion-rights-state-constitution-fall-roe-v-wad-rcna122077,starter
Jan. 6 participant arrested after hourslong standoff with the FBI,NBC,2022-12-23,2022,https://www.nbcnews.com/politics/justice-department/jan-6-participant-arrested-hours-long-standoff-fbi-rcna63035,starter
"CNN changes: From Chris Cuomo to Brian Stelter, it’s been a wild year for scandal-plagued network",FoxNews,2022-08-19,2022,https://www.foxnews.com/media/cnn-changes-chris-cuomo-brian-stelter-wild-year-scandal-plauged-network,starter
New Mexico county commissioner who participated in Jan 6 riot loses Supreme Court appeal,FoxNews,2024-03-18,2024,https://www.foxnews.com/politics/new-mexico-county-commissioner-who-participated-in-jan-6-riot-loses-supreme-court-appeal,starter
"Sen. Joe Manchin calls on Biden to step aside, pass torch to 'a new generation'",FoxNews,2024-07-21,2024,https://www.foxnews.com/politics/sen-joe-manchin-calls-biden-step-aside-pass-torch-a-new-generation,starter
"Biden repeats false claim about trips to Iraq and Afghanistan, this time to graduating midshipmen",FoxNews,2022-05-27,2022,https://www.foxnews.com/politics/biden-iraq-afghanistan-about-40-times-administration-says-its-half-of-that,starter
Roy Cooper backs out of consideration to be Harris’ running mate,NBC,2024-07-30,2024,https://www.nbcnews.com/politics/2024-election/roy-cooper-backs-consideration-harris-running-mate-rcna164203,starter
Harris deploys Mark Cuban as Elon Musk stumps for Trump,NBC,2024-10-17,2024,https://www.nbcnews.com/politics/2024-election/harris-deploys-mark-cuban-elon-musk-stumps-trump-rcna175930,starter
Gorsuch blasts Sotomayor's dissent in Christian web designer ruling: 'Reimagines' facts from 'top to bottom',FoxNews,2023-06-30,2023,https://www.foxnews.com/politics/gorsuch-blasts-sotomayors-dissent-in-christian-web-designer-ruling-reimagines-facts-from-top-to-bottom.print,starter
DeSantis refuses to take sides in Trump-Pence clash as 2024 speculation grows,NBC,2022-02-07,2022,https://www.nbcnews.com/politics/politics-news/desantis-refuses-take-sides-trump-pence-clash-2024-speculation-grows-rcna15185,starter
LAURA INGRAHAM: This strategy could cost Democrats 'dearly' in November,FoxNews,2024-09-03,2024,https://www.foxnews.com/media/laura-ingraham-strategy-could-cost-democrats-dearly-november.print,starter
San Jose State volleyball player at the center of women's sports controversy spikes ball in opponent’s face,FoxNews,2024-10-11,2024,https://www.foxnews.com/sports/san-jose-state-volleyball-player-center-womens-sports-controversy-spikes-ball-opponents-face.print,starter
Family that lost 11 in Hurricane Helene mudslides says community sacrificed 'life and limb' to save each other,FoxNews,2024-10-15,2024,https://www.foxnews.com/us/family-lost-11-hurricane-helene-mudslides-says-community-sacrificed-life-limb-save-each-other,starter
"Meet the American who 'won the war for us': Andrew Jackson Higgins, World War II New Orleans boatbuilder",FoxNews,2024-06-07,2024,https://www.foxnews.com/lifestyle/meet-american-who-won-war-us-andrew-jackson-higgins-wwii-new-orleans-boatbuilder,starter
DNC uses final leg of Taylor Swift's Eras tour to energize young voters,NBC,2024-10-18,2024,https://www.nbcnews.com/tech/taylor-swifts-eras-tour-miami-dnc-youth-voter-campaign-rcna176005,starter
Justice Ketanji Brown Jackson asks tough questions in first Supreme Court oral argument,FoxNews,2022-10-03,2022,https://www.foxnews.com/politics/justice-ketanji-brown-jackson-asks-tough-questions-first-supreme-court-oral-argument,starter
Sage Steele calls out Obama for 'scolding' Black men for lack of enthusiasm for Kamala Harris: 'Back off!',FoxNews,2024-10-17,2024,https://www.foxnews.com/media/sage-steele-calls-out-obama-scolding-black-men-lack-enthusiasm-kamala-harris-back-off,starter
Biden gives 3-word response when asked when he'll debate Trump,FoxNews,2024-05-09,2024,https://www.foxnews.com/politics/biden-gives-word-response-when-asked-when-hell-debate-trump,starter
Texas husband held on $1M bond in wife's strangulation death that was first reported as suicide,NBC,2024-10-18,2024,https://www.nbcnews.com/news/us-news/texas-husband-held-1m-bond-wifes-strangulation-death-was-first-reporte-rcna176173,starter
"9 Best Dog Dental Chews and Treats of 2026, According to Vets",NBC,2022-10-18,2022,https://www.nbcnews.com/select/shopping/best-dog-dental-chews-ncna1299919,starter
Do Menendez brothers stand a chance at freedom?,FoxNews,2024-10-03,2024,https://www.foxnews.com/us/do-menendez-brothers-stand-chance-freedom-former-investigator-predicts-odds-greedy-rich-kids,starter
"Pink slammed for wearing Biden-Harris shirt, husband Carey Hart comes to her defense: 'Bye Karen'",FoxNews,2020-09-22,2020,https://www.foxnews.com/entertainment/pink-slammed-biden-harris-shirt-husband-carey-hart-defends,starter
Trump says Biden 'is not fit to serve': 'Who is going to be running the country for the next 5 months?',FoxNews,2024-07-21,2024,https://www.foxnews.com/politics/trump-says-biden-is-not-fit-serve-who-going-running-country-next-5-months,starter
Israel sets goal of doubling number of Jewish settlers on Golan Heights,NBC,2021-12-27,2021,https://www.nbcnews.com/news/world/israel-sets-goal-doubling-number-jewish-settlers-golan-heights-rcna10029,starter
"Texas mom, luxury real estate agent missing after party at exclusive private club, husband arrested",FoxNews,2024-10-10,2024,https://www.foxnews.com/us/texas-mom-luxury-real-estate-agent-missing-after-party-exclusive-private-club-husband-arrested,starter
14 Best Reusable Water Bottles of 2026 | NBC Select,NBC,2021-05-19,2021,https://www.nbcnews.com/select/shopping/best-reusable-water-bottles-ncna1267802,starter
"Routh stalked Mar-a-Lago, Trump golf course for weeks, may have planned getaway, documents show",FoxNews,2024-09-24,2024,https://www.foxnews.com/us/routh-stalked-mar-a-lago-trump-golf-course-weeks-may-have-planned-getaway-documents-show.print,starter
"Democrats intensify their IVF messaging in new billboards, tying Trump to the Alabama ruling",NBC,2024-02-27,2024,https://www.nbcnews.com/politics/2024-election/democrats-ivf-messaging-new-billboards-trump-alabama-ruling-rcna140530,starter
Campus protests: Pro-Palestinian demonstrations spread as some schools crack down,NBC,2024-04-24,2024,https://www.nbcnews.com/news/us-news/live-blog/columbia-protests-live-update-encampment-continue-college-negotiates-p-rcna149111,starter
Trump rallies in the South Bronx as he seeks to win over Black and Hispanic voters,NBC,2024-05-24,2024,https://www.nbcnews.com/politics/donald-trump/trump-rallies-south-bronx-win-black-hispanic-voters-rcna153293,starter
Cedar Point theme park unveils record-breaking 'tilt' roller coaster for 2025,FoxNews,2024-09-19,2024,https://www.foxnews.com/travel/cedar-point-theme-park-unveils-record-breaking-tilt-roller-coaster-2025.print,starter
"Parliament for new UK Labour government opens with King's Speech, plans for 'national renewal'",FoxNews,2024-07-17,2024,https://www.foxnews.com/world/kings-speech-opens-parliament-new-uk-labour-government-plans-national-renewal,starter
"Biden blames European trips for debate flop, despite long huddle at Camp David: 'Almost fell asleep onstage'",FoxNews,2024-07-03,2024,https://www.foxnews.com/politics/biden-blames-european-trips-debate-flop-despite-long-huddle-camp-david-almost-fell-asleep-onstage.print,starter
Speaker Mike Johnson and Trump allies who tried to overturn the 2020 election roll out voting 'integrity' bill,NBC,2024-05-08,2024,https://www.nbcnews.com/politics/congress/speaker-johnson-trump-allies-tried-overturn-2020-election-roll-new-vot-rcna151256,starter
Pat Mahomes Sr pleads guilty to DWI 3rd time or more charge,FoxNews,2024-08-27,2024,https://www.foxnews.com/sports/pat-mahomes-sr-pleads-guilty-dwi-3rd-more-charge,starter
Trump-Harris debate: Sen Rick Scott identifies 'biggest thing' that can help former president,FoxNews,2024-09-10,2024,https://www.foxnews.com/politics/trump-harris-debate-sen-rick-scott-identifies-biggest-thing-can-help-former-president,starter
Trump national security adviser Robert O'Brien meets with Netanyahu,NBC,2024-05-21,2024,https://www.nbcnews.com/politics/donald-trump/trump-national-security-adviser-robert-obrien-meets-netanyahu-rcna153185,starter
11 best cooking gifts for home chefs this year,NBC,2021-11-17,2021,https://www.nbcnews.com/select/shopping/best-cooking-gifts-home-chefs-ncna1283939,starter
Yum or yuck? 3 delicious recipes you can make with salty anchovies,FoxNews,2024-05-20,2024,https://www.foxnews.com/lifestyle/yum-yuck-delicious-things-can-do-salty-anchovies,starter
Democrats reportedly anxious about tight race: 'People are nervous... having flashbacks to 2016',FoxNews,2024-10-09,2024,https://www.foxnews.com/media/cnn-says-democrats-anxious-about-tight-race-people-nervous-having-flashbacks-2016.print,starter
Trump indicted a second time in election subversion case brought by special counsel Jack Smith,FoxNews,2024-08-27,2024,https://www.foxnews.com/politics/trump-indicted-second-time-election-subversion-case-brought-special-counsel-jack-smith.print,starter
How to score cheap stuff (to keep or resell),FoxNews,2024-06-19,2024,https://www.foxnews.com/tech/how-score-cheap-stuff-keep-resell,starter
"Israel’s hostage rescue: What we know, and its deadly impact",NBC,2024-06-15,2024,https://www.nbcnews.com/news/world/israel-hostage-rescue-what-we-know-rcna156937,starter
"North Carolina woman eats nothing but sardines, loses 35 pounds: 'This is not a diet'",FoxNews,2024-10-07,2024,https://www.foxnews.com/food-drink/north-carolina-woman-eats-nothing-sardines-loses-35-pounds-this-not-diet,starter
The simple reason Kamala Harris is on The Shade Room,NBC,2024-10-18,2024,https://www.nbcnews.com/news/nbcblk/simple-reason-kamala-harris-shade-room-rcna175931,starter
Fox Nation to debut new American history series hosted by Kelsey Grammer,FoxNews,2022-04-06,2022,https://www.foxnews.com/media/fox-nation-debut-american-history-series-kelsey-grammer,starter
Diet Coke-obsessed mom from Kentucky reveals her viral collection and 'the joy it brings me',FoxNews,2023-11-02,2023,https://www.foxnews.com/lifestyle/diet-coke-obsessed-mom-kentucky-reveals-viral-collection-joy-it-brings-me,starter
"The best KN95 masks for kids, according to experts",NBC,2021-07-29,2021,https://www.nbcnews.com/select/shopping/best-kids-kn95-masks-ncna1275419,starter
CIA director may travel to Israel for more cease-fire talks as hopes fade for last-ditch deal,NBC,2024-05-05,2024,https://www.nbcnews.com/news/world/hamas-israel-cease-fire-talks-ended-rcna150779,starter
How to talk to children about 9/11 and the tragic events that unfolded,FoxNews,2024-09-09,2024,https://www.foxnews.com/lifestyle/educate-talk-to-children-about-september-11,starter
Trump's inconsistent messaging clashes with the RNC's attempted embrace of early voting,NBC,2024-09-18,2024,https://www.nbcnews.com/politics/donald-trump/trumps-inconsistent-messaging-clashes-rncs-attempted-embrace-early-vot-rcna165972,starter
"Americans favor Trump on immigration, support mass deportation of illegal immigrants, poll finds",FoxNews,2024-09-18,2024,https://www.foxnews.com/politics/americans-favor-trump-immigration-support-mass-deportation-illegal-immigrants-poll-finds,starter
How Trump allies stoked election chaos in Detroit in 2020 — and what's planned for 2024,NBC,2024-10-15,2024,https://www.nbcnews.com/politics/2024-election/trump-election-chaos-detroit-misinformation-rcna174091,starter
Senate Dems line up in favor of spiking Biden's Chinese solar handout,FoxNews,2023-04-28,2023,https://www.foxnews.com/politics/senate-dems-line-up-favor-spiking-bidens-chinese-solar-handout,starter
"Palestinian support for ‘armed struggle’ is rising as Gaza death estimate tops 20,000",NBC,2023-12-22,2023,https://www.nbcnews.com/investigations/palestinian-support-armed-struggle-rising-gaza-death-estimate-tops-200-rcna130516,starter
Cuisinart Air Fryer Toaster Oven review: My honest thoughts,NBC,2024-05-09,2024,https://www.nbcnews.com/select/shopping/cuisinart-air-fryer-toaster-oven-review-rcna151460,starter
‘All Eyes on Rafah’ image shared by millions on Instagram,NBC,2024-05-28,2024,https://www.nbcnews.com/tech/internet/-eyes-rafah-image-shared-millions-instagram-rcna154380,starter
"‘Oppenheimer’ stars Matt Damon, Emily Blunt on being neighbors and the one thing they'll never do together",FoxNews,2023-07-13,2023,https://www.foxnews.com/entertainment/oppenheimer-stars-matt-damon-emily-blunt-neighbors,starter
"Team Harris had 'planned' on unmuted mics, left 'scrambling to rewrite' debate strategy: report",FoxNews,2024-09-09,2024,https://www.foxnews.com/media/team-harris-had-planned-unmuted-mics-left-scrambling-rewrite-debate-strategy-report,starter
Democrats continue to joke about false JD Vance rumor after years of criticizing Trump for spreading misinformation,NBC,2024-08-12,2024,https://www.nbcnews.com/politics/2024-election/democrats-false-jd-vance-couch-trump-misinformation-rcna166155,starter
"As Gaza death toll tops 30,000, is Israel on the path to victory or quagmire?",NBC,2024-02-29,2024,https://www.nbcnews.com/news/world/gaza-death-toll-30000-israel-hamas-victory-or-quagmire-rcna140951,starter
Harris supporters sound off on her border blueprint: ‘Her policies will make a difference',FoxNews,2024-08-10,2024,https://www.foxnews.com/politics/harris-supporters-sound-off-her-border-blueprint-her-policies-make-difference,starter
How Often Should You Wash Your Hair? Experts Reveal the Answer,NBC,2024-02-02,2024,https://www.nbcnews.com/select/shopping/how-often-to-wash-hair-rcna136821,starter
'Great weeknight dinner' of classic meatballs with garlic bread a celebrity chef's favorite,FoxNews,2024-10-10,2024,https://www.foxnews.com/food-drink/great-weeknight-dinner-classic-meatballs-garlic-bread-chef-favorite.print,starter
Nobel laureate Yunus arrives in Bangladesh to lead interim government,NBC,2024-08-08,2024,https://www.nbcnews.com/news/world/nobel-laureate-yunus-arrives-bangladesh-lead-interim-government-rcna165731,starter
"After video of armed Venezuelan gang shared by local official goes viral, Colorado city takes action",FoxNews,2024-08-30,2024,https://www.foxnews.com/us/after-video-armed-venezuelan-gang-shared-local-official-goes-viral-colorado-city-takes-action.print,starter
The Latino 10: Recognizing 10 innovators as Hispanic Heritage Month begins,NBC,2024-09-14,2024,https://www.nbcnews.com/news/latino/latino-10-hispanic-heritage-month-recognition-rcna170278,starter
Lori Loughlin's husband Mossimo Giannulli asks to serve remainder of five-month prison sentence at home,FoxNews,2021-01-15,2021,http://www.foxnews.com/entertainment/lori-loughlin-mossimo-giannulli-asks-serve-remainder-prison-sentence-home,starter
11 best skin care products for sensitive skin,NBC,2023-03-06,2023,https://www.nbcnews.com/select/shopping/best-sensitive-skin-products-ncna1303313,starter
"Key Nebraska Republican opposes changing how the state awards electoral votes, blocking Trump push",NBC,2024-09-23,2024,https://www.nbcnews.com/politics/2024-election/key-nebraska-republican-opposes-changing-state-awards-electoral-votes-rcna172276,starter
"Walz's handling of BLM riots, strict COVID rules under microscope after Harris VP pick",FoxNews,2024-08-06,2024,https://www.foxnews.com/politics/walzs-handling-blm-riots-strict-covid-rules-under-microscope-after-harris-vp-pick,starter
Israel Defense Forces confirm 'targeted strike' on Beirut,FoxNews,2024-09-20,2024,https://www.foxnews.com/world/israel-defense-forces-confirm-targeted-strike-beirut,starter
Man refuses to give up meat or alcohol for temporary houseguest at his home: 'Say what now?',FoxNews,2024-07-13,2024,https://www.foxnews.com/lifestyle/man-refuses-give-up-meat-alcohol-temporary-houseguest-say-what-now,starter
Kamala Harris is officially running for president. Will any Democrats challenge her?,NBC,2024-07-21,2024,https://www.nbcnews.com/politics/2024-election/kamala-harris-running-president-democratic-challengers-vp-biden-rcna162939,starter
"Poll: Half of Gen Z voters support Kamala Harris, one-third back Donald Trump",NBC,2024-09-04,2024,https://www.nbcnews.com/politics/2024-election/poll-half-gen-z-voters-support-kamala-harris-one-third-back-donald-tru-rcna169025,starter
Israel's Knesset votes overwhelmingly against Palestinian statehood as Netanyahu prepares for U.S. visit,NBC,2024-07-18,2024,https://www.nbcnews.com/news/world/israels-knesset-votes-overwhelmingly-palestinian-statehood-netanyahu-p-rcna162466,starter
"Hamas' hostage killings, Netanyahu complicating cease-fire deal, U.S. official says",NBC,2024-09-05,2024,https://www.nbcnews.com/news/world/hamas-hostage-killings-netanyahu-complicating-cease-fire-deal-rcna169676,starter
"'God bless America': Tunnel to Towers 5K draws 40,000 people to honor 9/11 first responders in NYC",FoxNews,2023-09-29,2023,https://www.foxnews.com/lifestyle/god-bless-america-tunnel-towers-5k-draws-40000-people-honor-9-11-first-responders-nyc.print,starter
"Dodgers star Mookie Betts sends warning shot to Mets, who are on brink of elimination",FoxNews,2024-10-18,2024,https://www.foxnews.com/sports/dodgers-star-mookie-betts-sends-warning-shot-mets-who-brink-elimination,starter
Netanyahu seals dramatic comeback as he is sworn in as Israel prime minister,NBC,2022-12-29,2022,https://www.nbcnews.com/news/world/benjamin-netanyahu-israel-prime-minister-sworn-in-right-wing-rcna63616,starter
The Best Portable Air Conditioners of 2026 | NBC Select,NBC,2026-04-13,2026,https://www.nbcnews.com/select/shopping/best-portable-air-conditioner-ncna1297644,starter
Jan. 6 rioter who electroshocked Michael Fanone shouts 'Trump won' after he's sentenced to 121⁄2 years,NBC,2023-06-21,2023,https://www.nbcnews.com/politics/justice-department/jan-6-rioter-electroshocked-dc-officer-michael-fanone-sentenced-125-ye-rcna89388,starter
Israel rescues 2 hostages; IDF launches airstrikes on Rafah despite global concern,NBC,2024-02-11,2024,https://www.nbcnews.com/news/world/live-blog/israel-hamas-war-live-updates-rcna138259,starter
Simon Cowell reveals why he turned down an opportunity to have his own talk show,FoxNews,2023-01-04,2023,https://www.foxnews.com/entertainment/simon-cowell-reveals-why-turned-down-opportunity-own-talk-show,starter
Joe Rogan warns Kamala Harris will win because people are 'giving into the bulls---' like never before,FoxNews,2024-07-31,2024,https://www.foxnews.com/media/joe-rogan-warns-kamala-harris-win-because-people-giving-bulls-never-before,starter
Biden dispatches top adviser for talks with Saudi crown prince,NBC,2023-07-28,2023,https://www.nbcnews.com/news/world/biden-top-adviser-saudi-crown-prince-israel-normalization-jake-sulliva-rcna96818,starter
Collapsed Lafayette Square narrative is yet another 'fact-checked' story gone bad,FoxNews,2021-06-11,2021,https://www.foxnews.com/media/collapsed-lafayette-square-fact-checked-story,starter
"15 Best Shampoos for Dry Hair in 2026, According to Experts",NBC,2023-11-16,2023,https://www.nbcnews.com/select/shopping/best-shampoo-for-dry-hair-rcna125381,starter
"On Oct. 7 anniversary, we remember this betrayal of silence",FoxNews,2024-10-06,2024,https://www.foxnews.com/opinion/oct-7-anniversary-we-remember-betrayal-silence.print,starter
Sunbasket Meal Delivery Service Review 2026,NBC,2024-02-26,2024,https://www.nbcnews.com/select/shopping/sunbasket-meal-delivery-service-review-2024-rcna140564,starter
New report warns bloodthirsty Venezuelan gang's footprint will remain in US ‘for decades',FoxNews,2024-10-15,2024,https://www.foxnews.com/politics/new-report-warns-bloodthirsty-venezuelan-gangs-footprint-remain-us-for-decades,starter
"NY Times, AP, Washington Post raise eyebrows with glowing coverage of terror leader Hassan Nasrallah",FoxNews,2024-09-30,2024,https://www.foxnews.com/media/ny-times-ap-washington-post-raise-eyebrows-glowing-coverage-terror-leader-hassan-nasrallah,starter
Iran remembers Hamas leader Yahya Sinwar as a 'martyr' and 'model for the youth and children',FoxNews,2024-10-17,2024,https://www.foxnews.com/world/iran-remembers-hamas-leader-yahya-sinwar-martyr-model-youth-children.print,starter
"Met Gala 2024 sees Kim Kardashian, Rita Ora and Emily Ratajkowski brave red carpet in daring sheer dresses",FoxNews,2024-05-06,2024,https://www.foxnews.com/entertainment/met-gala-2024-kim-kardashian-rita-ora-emily-ratajkowski-brave-red-carpet-daring-sheer-dresses,starter
"Republicans spend over $100 million on Iowa ads, with more to come",NBC,2024-01-02,2024,https://www.nbcnews.com/politics/2024-election/republicans-spend-100-million-iowa-ads-come-rcna130856,starter
Teen recounts horror after his mom and brother were burned alive by Israeli strike on Gaza hospital,NBC,2024-10-17,2024,https://www.nbcnews.com/news/world/teen-burnt-alive-israeli-strike-gaza-hospital-rcna175595,starter
Outspoken critic of Palestinian Authority Nizar Banat dies after violent arrest,NBC,2021-06-24,2021,https://www.nbcnews.com/news/world/outspoken-critic-palestinian-authority-nizar-banat-dies-after-violent-arrest-n1272286,starter
Anti-Israel protesters interrupt Jewish students testifying before Congress on college antisemitism,FoxNews,2023-11-08,2023,https://www.foxnews.com/politics/anti-israel-protesters-interrupt-jewish-students-testifying-congress-college-antisemitism,starter
"Wigs, robotic guns and exploding pagers: Israel has a long history of hunting down its enemies",NBC,2024-09-20,2024,https://www.nbcnews.com/investigations/israel-long-history-targeted-killings-enemies-rcna171888,starter
Hulk Hogan suggests he is willing to 'body-slam' US Vice President Kamala Harris,FoxNews,2024-08-20,2024,https://www.foxnews.com/sports/hulk-hogan-suggest-he-willing-body-slam-us-vice-president-kamala-harris,starter
Liza Colón-Zayas on Tina from ‘The Bear’ revealing her back story in Season 3,NBC,2024-07-02,2024,https://www.nbcnews.com/news/latino/liza-colon-zayaz-tina-the-bear-rcna159806,starter
"Left 'just died' with the emergence of 'Kamala Harris Democrats,' says CNN's Van Jones",FoxNews,2024-08-23,2024,https://www.foxnews.com/media/left-died-emergence-kamala-harris-democrats-cnns-van-jones.print,starter
Trump immunity case: Supreme Court rules ex-presidents have substantial protection from prosecution,FoxNews,2024-07-01,2024,https://www.foxnews.com/politics/trump-immunity-case-supreme-court-rules-ex-presidents-substantial-protection-prosecution.print,starter
"Trump is not immune in 2020 election interference case, appeals court rules",NBC,2024-02-06,2024,https://www.nbcnews.com/politics/supreme-court/appeals-court-rules-trump-presidential-immunity-2020-election-interfer-rcna133234,starter
Delicious no-churn cake ice cream makes perfect use of leftover slices: Try the recipe,FoxNews,2023-10-10,2023,https://www.foxnews.com/lifestyle/delicious-no-churn-cake-ice-cream-recipe-makes-perfect-use-leftover-slices-try-recipe,starter
Crisis on college campuses: What university presidents can learn from the Founding Fathers,FoxNews,2024-02-08,2024,https://www.foxnews.com/lifestyle/crisis-college-campuses-what-university-presidents-learn-founding-fathers.print,starter
"On this day in history, October 14, 1912, Teddy Roosevelt shot in chest, makes campaign stop minutes later",FoxNews,2024-10-14,2024,https://www.foxnews.com/lifestyle/this-day-history-oct-14-1912-teddy-roosevelt-shot-chest-campaign-stop,starter
NASA astronaut shares timelapse video of massive Hurricane Milton from space,FoxNews,2024-10-08,2024,https://www.foxnews.com/us/nasa-astronaut-shares-timelapse-video-massive-hurricane-milton-from-space,starter
"Georgia judge overturns state’s six-week ‘heartbeat’ abortion law, calls it 'unconstitutional'",FoxNews,2024-09-30,2024,https://www.foxnews.com/politics/georgia-judge-overturns-states-six-week-heartbeat-abortion-law-calls-unconstitutional,starter
The best wellness products: Select Wellness Awards 2024,NBC,2024-04-01,2024,https://www.nbcnews.com/select/shopping/best-wellness-awards-products-2024-rcna145182,starter
Arizona governor signs repeal of 1864 abortion ban,NBC,2024-05-02,2024,https://www.nbcnews.com/politics/arizona-governor-signs-repeal-1864-abortion-ban-rcna150364,starter
Trump gets hit from all sides for testing a softer abortion message 'in order to win',NBC,2023-09-20,2023,https://www.nbcnews.com/politics/donald-trump/trump-gets-hit-sides-testing-softer-abortion-message-order-win-rcna105802,starter
Israeli ground forces join attacks on Gaza as conflict intensifies,NBC,2021-05-13,2021,https://www.nbcnews.com/news/world/violence-erupts-israeli-streets-gaza-conflict-intensifies-n1267189,starter
Sheldon Whitehouse doesn't denounce super-exclusive beach club his family belongs to,FoxNews,2021-06-21,2021,https://www.foxnews.com/politics/sheldon-whitehouse-doesnt-denounce-all-white-beach-club-his-family-belongs-to,starter
Israel considers flooding Hamas tunnels as it pursues top leader thought to be hiding underground,NBC,2023-12-07,2023,https://www.nbcnews.com/news/world/israel-hamas-war-gaza-tunnels-flooded-seawater-plan-hostages-rcna128486,starter
Amy Klobuchar suggests voting Democrat will help stop hurricanes: 'That's why we've got to win this',FoxNews,2022-09-27,2022,https://www.foxnews.com/media/klobuchar-suggests-voting-democrat-will-help-stop-hurricanes-thats-why-weve-got-win-this,starter
Five takeaways from Kamala Harris' first major interview as the Democratic presidential nominee,NBC,2024-08-30,2024,https://www.nbcnews.com/politics/2024-election/harris-interview-walz-cnn-takeaways-2024-election-policies-rcna168706,starter
Big Tech’s big problem is also its ‘best-kept secret’: Caste discrimination,NBC,2022-06-23,2022,https://www.nbcnews.com/news/asian-america/big-techs-big-problem-also-best-kept-secret-caste-discrimination-rcna33692,starter
"Dog car safety products: Best carriers, crates and harnesses",NBC,2021-08-02,2021,https://www.nbcnews.com/select/shopping/safe-car-travel-dogs-ncna1275708,starter
The best sleep products: Select Wellness Awards 2023,NBC,2023-05-04,2023,https://www.nbcnews.com/select/shopping/best-sleep-gear-wellness-awards-ncna1304811,starter
Harris launches WhatsApp channel aimed at bilingual Latino voters,NBC,2024-08-19,2024,https://www.nbcnews.com/news/latino/kamala-harris-latino-voters-whatsapp-channel-rcna167176,starter
"Harris proposes major corporate tax hike, reversing Trump era cuts",FoxNews,2024-08-19,2024,https://www.foxnews.com/politics/harris-proposes-hiking-corporate-tax-rate-reversing-trump-era-business-tax-cuts,starter
"Israel, United Arab Emirates agree to full normalization of relations",NBC,2020-08-13,2020,https://www.nbcnews.com/news/world/israel-united-arab-emirates-agree-full-normalization-relations-n1236606,starter
Kurt Cobain and Courtney Love attempted to escape 'craziness' of fame,FoxNews,2024-04-05,2024,https://www.foxnews.com/entertainment/kurt-cobain-courtney-love-attempted-escape-craziness-fame,starter
Biden speaks with Netanyahu as tensions over the Israel-Hamas war mount in the US,NBC,2024-04-29,2024,https://www.nbcnews.com/politics/white-house/biden-speaks-netanyahu-tensions-israel-hamas-war-mount-us-rcna149724,starter
FBI interviews classmate of Trump shooter Thomas Matthew Crooks over dislike for politicians,FoxNews,2024-07-18,2024,https://www.foxnews.com/us/fbi-interviews-classmate-trump-shooter-thomas-matthew-crooks-over-dislike-politicians,starter
NFL legend Troy Aikman rips 'lazy' Cowboys wide receivers after blowout loss,FoxNews,2024-10-17,2024,https://www.foxnews.com/sports/nfl-legend-troy-aikman-rips-lazy-cowboys-wide-receivers-after-blowout-loss,starter
How Easyplant makes maintaining my indoor plants simple,NBC,2022-07-05,2022,https://www.nbcnews.com/select/shopping/easyplant-self-watering-pots-ncna1296816,starter
"Facing criticism for being too walled off, Harris slowly opens the door to more media interviews",NBC,2024-09-12,2024,https://www.nbcnews.com/politics/2024-election/facing-criticism-walled-harris-slowly-opens-door-media-interviews-rcna170152,starter
Hunter Biden settles long-running child support case in Arkansas,NBC,2023-06-30,2023,https://www.nbcnews.com/politics/joe-biden/hunter-biden-settles-long-running-child-support-case-arkansas-rcna91937,starter
"Ex-Obama adviser warns ‘it’s very possible’ Trump would win election if held today, says reporters too cocky",FoxNews,2024-09-06,2024,https://www.foxnews.com/media/ex-obama-adviser-warns-its-very-possible-trump-would-win-election-held-today-says-reporters-too-cocky,starter
From a D.C. studio to an indictment: How a Russia-funded media outlet seeded propaganda in the U.S.,NBC,2024-09-07,2024,https://www.nbcnews.com/tech/internet/dc-studio-indictment-russia-funded-media-outlet-seeded-propaganda-us-rcna169571,starter
A generational divide splits Black voters ahead of Biden-Trump rematch,NBC,2024-05-07,2024,https://www.nbcnews.com/politics/2024-election/generational-divide-black-voters-biden-trump-politics-desk-rcna151089,starter
How to find the best soft mattress for great sleep in 2022,NBC,2022-01-13,2022,https://www.nbcnews.com/select/shopping/how-find-best-soft-mattress-ncna1287409,starter
Google to remove Canadian news links from searches in the country,NBC,2023-06-29,2023,https://www.nbcnews.com/tech/tech-news/google-canada-law-online-news-c-18-bill-news-links-rcna91882,starter
Biden campaign sends all-staff memo hoping to calm post-debate concerns,FoxNews,2024-07-03,2024,https://www.foxnews.com/politics/biden-campaign-sends-all-staff-memo-hoping-calm-post-debate-concerns-report,starter
"Contradicting JD Vance’s claim, Ohio police have no reports of Haitian immigrants harming pets",NBC,2024-09-09,2024,https://www.nbcnews.com/tech/misinformation/jd-vance-ohio-police-no-reports-haitian-immigrants-harming-pets-rcna170271,starter
China’s exit bans multiply as political control tightens under Xi,NBC,2023-05-02,2023,https://www.nbcnews.com/news/world/china-exit-bans-foreigners-xi-rcna82393,starter
Considering a cruise? High seas may be the right option for both family and wallet,FoxNews,2023-01-03,2023,https://www.foxnews.com/lifestyle/considering-cruise-high-seas-may-right-option-family-wallet,starter
"Florida Republican, Democrat team up to tackle student loan debt as Biden-Harris forgiveness bids derail",FoxNews,2024-09-08,2024,https://www.foxnews.com/politics/republican-democrat-team-up-tackle-student-loan-debt-biden-harris-forgiveness-bids-derail,starter
Nobel laureate Yunus will head Bangladesh’s interim government after unrest ousted Hasina,NBC,2024-08-06,2024,https://www.nbcnews.com/news/world/nobel-laureate-muhammad-yunus-chosen-lead-bangladesh-protests-toppled-rcna165434,starter
"Tim Walz, Kamala Harris' new right-hand man, echoes left-wing crime policies",FoxNews,2024-08-07,2024,https://www.foxnews.com/us/tim-walz-kamala-harris-new-right-hand-man-echoes-left-wing-crime-policies,starter
'Top secret' Hamas documents show that terrorists intentionally targeted elementary schools and a youth center,NBC,2023-10-13,2023,https://www.nbcnews.com/news/investigations/top-secret-hamas-documents-show-terrorists-intentionally-targeted-elem-rcna120310,starter
Trump goes after Harris with anti-trans ads during football games,NBC,2024-10-08,2024,https://www.nbcnews.com/politics/2024-election/trump-goes-harris-anti-trans-ads-football-games-rcna174354,starter
New CNN boss Chris Licht ‘determined to tamp down spectacle’ as he evaluates who should stick around: insider,FoxNews,2022-06-16,2022,https://www.foxnews.com/media/new-cnn-boss-christ-licht-determined-tamp-down-spectacle-evaluates-who-should-stick-around.print,starter
"Watch out: Biggest data breaches of 2024, so far",FoxNews,2024-08-15,2024,https://www.foxnews.com/tech/watch-out-biggest-data-breaches-2024-so-far,starter
Cash Dash: Trump tops Biden in fundraising battle the past three months,FoxNews,2024-07-02,2024,https://www.foxnews.com/politics/cash-dash-trump-tops-biden-fundraising-battle-past-three-months,starter
Rep. Swalwell labels Trump-Vance ticket 'weird' and 'creepy' in line echoed by media: '24 karat creep',FoxNews,2024-07-29,2024,https://www.foxnews.com/media/rep-swalwell-labels-trump-vance-ticket-weird-creepy-line-echoed-media-24-karat-creep,starter
"'Illegal, unconstitutional and void': Georgia judge strikes down new election rules after legal fights",FoxNews,2024-10-16,2024,https://www.foxnews.com/politics/illegal-unconstitutional-void-georgia-judge-strikes-down-new-election-rules-after-legal-fights.print,starter
"Billy Joel Madison Square Garden show rescheduled during NBA, NHL playoffs at arena",FoxNews,2023-04-15,2023,https://www.foxnews.com/sports/billy-joels-madison-square-garden-postponed-nba-nhl-playoffs-arena,starter
"Biden’s inhumane open-border policies devastate Americans, illegal immigrants",FoxNews,2022-09-08,2022,"https://www.foxnews.com/opinion/biden-inhumane-open-border-policies-devastate-americans-illegal-immigrants#&_intcmp=hp1bt1_2,hp1bt",starter
"Honduran illegal immigrant deported from US twice, sentenced for leading Texas burglary ring: 'Masterminded'",FoxNews,2024-10-17,2024,https://www.foxnews.com/us/honduran-illegal-immigrant-deported-twice-sentenced-texas-burglary-ring,starter
Biden says he and Kamala Harris are 'singing from the same song sheet' — as she tries distancing herself,FoxNews,2024-10-04,2024,https://www.foxnews.com/politics/biden-says-he-kamala-harris-singing-from-same-song-sheet-she-tries-distancing-herself,starter
